Date,Open,Close,High,Low,Volume,Adj Close
2019-01-02,6349.5,6371.0,6409.25,6154.0,659316,6371.0
2019-01-03,6242.75,6162.0,6304.25,6148.5,714536,6162.0
2019-01-04,6168.75,6434.0,6462.0,6136.5,696539,6434.0
2019-01-07,6451.25,6496.5,6535.75,6402.5,516597,6496.5
2019-01-08,6506.0,6557.25,6586.25,6467.25,539049,6557.25
2019-01-09,6546.75,6604.75,6645.0,6546.75,496789,6604.75
2019-01-10,6597.25,6625.25,6641.75,6527.5,496364,6625.25
2019-01-11,6622.5,6612.75,6632.5,6572.0,364787,6612.75
2019-01-14,6599.0,6545.0,6602.5,6521.5,364990,6545.0
2019-01-15,6543.0,6676.75,6689.0,6542.25,492324,6676.75
2019-01-16,6674.5,6666.25,6737.25,6664.0,443742,6666.25
2019-01-17,6670.0,6720.0,6760.0,6612.25,472761,6720.0
2019-01-18,6722.75,6792.75,6828.25,6712.0,499881,6792.75
2019-01-22,6794.5,6653.0,6794.5,6611.5,651258,6653.0
2019-01-23,6652.0,6665.25,6724.25,6592.25,515044,6665.25
2019-01-24,6663.0,6675.0,6718.5,6653.0,449017,6675.0
2019-01-25,6684.5,6791.25,6810.5,6676.75,446822,6791.25
2019-01-28,6784.25,6701.75,6791.0,6648.25,490045,6701.75
2019-01-29,6695.25,6638.75,6721.0,6616.75,441622,6638.75
2019-01-30,6690.25,6837.25,6845.25,6657.75,526133,6837.25
2019-01-31,6844.25,6914.75,6943.0,6839.25,557023,6914.75
2019-02-01,6911.0,6877.75,6927.5,6860.5,461403,6877.75
2019-02-04,6863.75,6937.5,6983.0,6858.25,353660,6937.5
2019-02-05,6937.5,7008.0,7033.75,6928.25,369764,7008.0
2019-02-06,7009.25,6995.75,7038.75,6972.25,376560,6995.75
2019-02-07,6988.0,6905.5,6994.75,6856.25,595400,6905.5
2019-02-08,6902.0,6916.75,6926.25,6841.0,464342,6916.75
2019-02-11,6921.75,6914.25,6969.5,6896.25,384589,6914.25
2019-02-12,6908.5,7018.5,7028.5,6903.0,363950,7018.5
2019-02-13,7017.25,7016.25,7069.75,7012.0,359971,7016.25
2019-02-14,7017.25,7019.75,7057.5,6972.0,490159,7019.75
2019-02-15,7017.5,7063.75,7095.25,6975.25,430944,7063.75
2019-02-19,7063.75,7068.25,7094.75,7035.25,386613,7068.25
2019-02-20,7068.75,7073.25,7105.0,7032.25,418267,7073.25
2019-02-21,7070.75,7034.5,7113.75,7005.0,432866,7034.5
2019-02-22,7031.25,7088.25,7101.25,7019.25,367501,7088.25
2019-02-25,7108.5,7125.75,7168.5,7102.0,346624,7125.75
2019-02-26,7122.0,7117.75,7151.0,7073.25,362741,7117.75
2019-02-27,7109.25,7121.75,7131.75,7048.0,367938,7121.75
2019-02-28,7121.25,7102.5,7130.75,7072.5,360883,7102.5
2019-03-01,7106.5,7156.0,7164.5,7098.25,383198,7156.0
2019-03-04,7177.0,7145.75,7211.5,7074.5,556660,7145.75
2019-03-05,7144.5,7165.5,7182.0,7124.25,364928,7165.5
2019-03-06,7156.0,7111.25,7171.25,7107.0,444302,7111.25
2019-03-07,7109.0,7027.5,7123.25,7003.25,556540,7027.5
2019-03-08,7025.5,7026.75,7034.0,6939.0,312130,7026.75
2019-03-11,7022.25,7164.75,7176.75,6997.5,203726,7164.75
2019-03-12,7176.0,7206.5,7223.0,7163.25,167990,7206.5
2019-03-13,7209.25,7267.75,7295.5,7183.75,127111,7267.75
2019-03-14,7273.25,7239.75,7293.5,7237.75,82276,7239.75
2019-03-15,7245.75,7270.35009765625,7288.0,7243.0,412124,7270.35009765625
2019-03-18,7338.0,7360.75,7379.5,7321.75,366874,7360.75
2019-03-19,7362.25,7376.5,7421.25,7351.25,427134,7376.5
2019-03-20,7378.0,7409.5,7458.0,7349.5,550615,7409.5
2019-03-21,7400.5,7534.5,7541.0,7367.75,523249,7534.5
2019-03-22,7526.75,7368.75,7544.75,7353.0,694561,7368.75
2019-03-25,7372.25,7355.25,7390.5,7290.0,596897,7355.25
2019-03-26,7363.0,7376.75,7447.5,7340.5,557412,7376.75
2019-03-27,7383.5,7334.5,7404.75,7276.0,592979,7334.5
2019-03-28,7323.5,7352.0,7372.5,7289.5,446378,7352.0
2019-03-29,7350.25,7400.5,7414.5,7350.25,395579,7400.5
2019-04-01,7430.0,7498.5,7506.5,7428.5,412914,7498.5
2019-04-02,7495.25,7519.25,7532.5,7483.75,359192,7519.25
2019-04-03,7517.0,7582.25,7616.25,7513.25,483546,7582.25
2019-04-04,7581.25,7561.5,7598.0,7522.0,432440,7561.5
2019-04-05,7565.0,7604.25,7612.75,7556.0,358710,7604.25
2019-04-08,7607.75,7623.5,7629.25,7561.25,333328,7623.5
2019-04-09,7625.75,7593.25,7633.75,7578.75,389517,7593.25
2019-04-10,7590.5,7641.25,7646.0,7575.75,332696,7641.25
2019-04-11,7644.0,7617.25,7661.0,7601.5,340950,7617.25
2019-04-12,7617.0,7652.25,7665.0,7611.0,346210,7652.25
2019-04-15,7654.0,7647.75,7659.0,7598.75,322483,7647.75
2019-04-16,7650.75,7679.5,7695.0,7648.75,373199,7679.5
2019-04-17,7676.5,7689.75,7733.5,7668.5,463944,7689.75
2019-04-18,7691.5,7712.5,7723.0,7660.25,393586,7712.5
2019-04-22,7715.25,7734.75,7746.75,7669.75,253668,7734.75
2019-04-23,7738.0,7838.0,7843.75,7724.5,427149,7838.0
2019-04-24,7833.5,7847.75,7852.75,7802.25,387633,7847.75
2019-04-25,7855.25,7798.5,7879.5,7792.0,488329,7798.5
2019-04-26,7799.25,7840.25,7845.5,7755.5,467051,7840.25
2019-04-29,7837.25,7813.75,7867.75,7805.5,320324,7813.75
2019-04-30,7805.25,7800.0,7857.0,7740.0,463833,7800.0
2019-05-01,7848.75,7756.5,7867.25,7736.0,484406,7756.5
2019-05-02,7737.75,7734.25,7805.0,7682.25,592822,7734.25
2019-05-03,7739.0,7865.0,7872.5,7734.75,454088,7865.0
2019-05-06,7810.0,7803.5,7817.5,7667.5,630196,7803.5
2019-05-07,7744.75,7674.0,7804.0,7581.25,838952,7674.0
2019-05-08,7663.75,7647.5,7698.0,7600.0,621509,7647.5
2019-05-09,7639.75,7595.25,7644.5,7481.0,741216,7595.25
2019-05-10,7591.0,7610.25,7654.5,7435.75,802652,7610.25
2019-05-13,7534.25,7314.75,7551.5,7305.0,773473,7314.75
2019-05-14,7315.25,7421.0,7459.5,7290.0,547769,7421.0
2019-05-15,7429.25,7529.25,7538.5,7353.75,535915,7529.25
2019-05-16,7524.25,7600.25,7641.0,7473.5,525588,7600.25
2019-05-17,7600.75,7511.5,7620.0,7506.5,626777,7511.5
2019-05-20,7514.75,7391.75,7559.25,7361.5,634294,7391.75
2019-05-21,7408.25,7464.0,7485.25,7400.75,436744,7464.0
2019-05-22,7462.75,7430.0,7475.0,7391.25,455678,7430.0
2019-05-23,7430.75,7311.0,7434.75,7268.0,640165,7311.0
2019-05-24,7316.75,7315.5,7379.75,7300.5,407810,7315.5
2019-05-28,7315.5,7295.25,7371.75,7280.25,528983,7295.25
2019-05-29,7291.5,7216.0,7296.0,7183.25,568052,7216.0
2019-05-30,7214.75,7255.25,7271.25,7208.5,403475,7255.25
2019-05-31,7251.75,7133.5,7256.0,7129.25,540433,7133.5
2019-06-03,7110.0,6993.75,7132.5,6941.25,771723,6993.75
2019-06-04,7008.75,7179.25,7186.5,6981.75,565396,7179.25
2019-06-05,7189.0,7228.5,7245.25,7150.25,534798,7228.5
2019-06-06,7213.75,7282.25,7299.25,7181.0,433916,7282.25
2019-06-07,7266.5,7419.5,7453.0,7257.75,484835,7419.5
2019-06-10,7469.0,7515.5,7578.5,7431.25,463884,7515.5
2019-06-11,7519.5,7518.25,7600.75,7492.75,461725,7518.25
2019-06-12,7517.75,7473.25,7531.0,7461.0,388858,7473.25
2019-06-13,7476.0,7522.75,7536.0,7421.0,396174,7522.75
2019-06-14,7503.25,7478.25,7520.75,7451.5,254822,7478.25
2019-06-17,7481.0,7534.25,7550.75,7476.0,184038,7534.25
2019-06-18,7542.25,7645.25,7693.5,7514.75,209971,7645.25
2019-06-19,7641.0,7674.25,7685.75,7601.75,112587,7674.25
2019-06-20,7668.0,7745.25,7793.0,7660.0,101514,7745.25
2019-06-21,7737.0,7723.60986328125,7743.25,7701.5,379078,7723.60986328125
2019-06-24,7744.5,7758.75,7794.25,7731.75,260978,7758.75
2019-06-25,7753.0,7628.75,7779.5,7609.5,424811,7628.75
2019-06-26,7633.0,7650.0,7719.0,7616.25,376979,7650.0
2019-06-27,7641.0,7690.5,7716.5,7640.75,300152,7690.5
2019-06-28,7685.25,7693.75,7726.0,7664.0,310126,7693.75
2019-07-01,7781.5,7790.0,7849.75,7759.0,406594,7790.0
2019-07-02,7792.5,7838.25,7843.25,7763.0,297574,7838.25
2019-07-03,7840.25,7887.5,7892.75,7824.5,209604,7887.5
2019-07-05,7887.75,7851.5,7909.75,7797.25,375287,7851.5
2019-07-08,7855.0,7801.0,7863.5,7777.5,342228,7801.0
2019-07-09,7802.25,7845.25,7858.75,7743.0,346314,7845.25
2019-07-10,7848.0,7928.75,7949.5,7811.25,442842,7928.75
2019-07-11,7924.25,7918.75,7963.25,7894.25,407894,7918.75
2019-07-12,7917.25,7960.0,7967.5,7911.75,299817,7960.0
2019-07-15,7958.25,7986.75,7992.0,7941.25,247176,7986.75
2019-07-16,7982.75,7942.75,8001.5,7924.0,303702,7942.75
2019-07-17,7939.75,7885.5,7966.25,7868.0,303890,7885.5
2019-07-18,7868.0,7933.5,7954.75,7833.0,413722,7933.5
2019-07-19,7950.5,7842.75,7980.75,7815.25,438469,7842.75
2019-07-22,7830.0,7924.75,7936.5,7826.25,355209,7924.75
2019-07-23,7926.5,7983.75,7985.75,7908.0,357765,7983.75
2019-07-24,7944.0,8038.0,8051.75,7925.25,356159,8038.0
2019-07-25,8004.5,7981.75,8034.5,7917.25,433945,7981.75
2019-07-26,7992.0,8019.75,8040.75,7987.5,322305,8019.75
2019-07-29,8017.5,8001.25,8031.75,7951.75,301214,8001.25
2019-07-30,8004.25,7963.25,8020.0,7928.25,394698,7963.25
2019-07-31,7992.5,7866.75,8001.25,7782.25,556437,7866.75
2019-08-01,7834.0,7808.25,8014.5,7776.75,772956,7808.25
2019-08-02,7797.0,7702.25,7806.0,7650.25,736453,7702.25
2019-08-05,7701.75,7385.25,7705.5,7359.75,848399,7385.25
2019-08-06,7349.0,7515.5,7549.0,7224.5,845239,7515.5
2019-08-07,7512.75,7553.25,7577.5,7387.5,851275,7553.25
2019-08-08,7553.5,7735.75,7738.5,7526.0,553666,7735.75
2019-08-09,7699.5,7660.25,7724.0,7596.75,619044,7660.25
2019-08-12,7654.5,7566.75,7710.0,7534.75,552715,7566.75
2019-08-13,7570.25,7748.0,7789.5,7514.0,674983,7748.0
2019-08-14,7746.5,7488.75,7767.5,7477.0,825231,7488.75
2019-08-15,7469.0,7496.25,7572.75,7388.25,705042,7496.25
2019-08-16,7509.25,7611.75,7632.5,7502.5,449473,7611.75
2019-08-19,7617.25,7727.5,7750.0,7616.0,401476,7727.5
2019-08-20,7717.25,7668.0,7752.0,7655.5,414176,7668.0
2019-08-21,7655.0,7750.25,7765.75,7652.25,344352,7750.25
2019-08-22,7756.0,7711.25,7782.25,7654.0,487622,7711.25
2019-08-23,7705.75,7504.5,7762.0,7447.75,763864,7504.5
2019-08-26,7435.0,7590.5,7626.0,7353.25,617907,7590.5
2019-08-27,7591.5,7562.75,7648.5,7537.0,520966,7562.75
2019-08-28,7564.0,7599.25,7605.75,7504.25,480975,7599.25
2019-08-29,7582.25,7712.0,7730.25,7548.5,447668,7712.0
2019-08-30,7704.25,7690.75,7770.5,7646.0,450746,7690.75
2019-09-03,7628.25,7617.5,7695.5,7580.75,643037,7617.5
2019-09-04,7614.25,7722.75,7730.0,7608.5,399672,7722.75
2019-09-05,7722.0,7855.5,7886.75,7717.25,478413,7855.5
2019-09-06,7853.5,7857.75,7895.0,7838.25,356484,7857.75
2019-09-09,7857.0,7830.75,7887.0,7798.5,372953,7830.75
2019-09-10,7834.0,7815.0,7857.75,7744.25,446533,7815.0
2019-09-11,7818.5,7889.75,7905.0,7786.5,383871,7889.75
2019-09-12,7893.25,7921.5,7982.75,7886.75,448979,7921.5
2019-09-13,7916.25,7886.0,7958.5,7881.75,243852,7886.0
2019-09-16,7856.75,7856.5,7873.25,7776.25,199321,7856.5
2019-09-17,7864.0,7890.25,7897.5,7828.0,147539,7890.25
2019-09-18,7890.75,7894.25,7906.75,7790.0,122281,7894.25
2019-09-19,7898.75,7896.25,7951.0,7830.5,69135,7896.25
2019-09-20,7899.5,7899.47998046875,7932.75,7890.75,425158,7899.47998046875
2019-09-23,7839.25,7850.5,7897.5,7807.75,348180,7850.5
2019-09-24,7869.0,7735.25,7904.75,7701.75,609261,7735.25
2019-09-25,7738.25,7820.25,7844.25,7663.0,540081,7820.25
2019-09-26,7822.5,7787.25,7842.75,7734.75,489320,7787.25
2019-09-27,7787.0,7701.25,7822.0,7641.0,598171,7701.25
2019-09-30,7735.5,7770.5,7788.75,7705.75,337872,7770.5
2019-10-01,7784.0,7695.5,7841.5,7691.0,478759,7695.5
2019-10-02,7711.0,7546.25,7730.5,7525.5,586568,7546.25
2019-10-03,7551.5,7658.5,7661.5,7474.25,582820,7658.5
2019-10-04,7656.75,7767.25,7773.75,7624.0,420539,7767.25
2019-10-07,7712.5,7740.0,7799.75,7682.5,381262,7740.0
2019-10-08,7736.0,7622.0,7784.5,7613.5,552145,7622.0
2019-10-09,7621.0,7699.75,7732.0,7604.5,404170,7699.75
2019-10-10,7702.25,7760.25,7798.75,7583.25,535042,7760.25
2019-10-11,7783.25,7859.0,7918.5,7767.0,490521,7859.0
2019-10-14,7850.25,7857.5,7894.75,7807.0,311101,7857.5
2019-10-15,7862.25,7959.75,7971.75,7859.75,347657,7959.75
2019-10-16,7960.0,7948.5,7960.25,7907.5,347550,7948.5
2019-10-17,7954.25,7952.75,7994.75,7922.0,368623,7952.75
2019-10-18,7953.75,7880.75,7958.5,7835.75,437753,7880.75
2019-10-21,7874.25,7948.25,7951.75,7865.75,275031,7948.25
2019-10-22,7949.25,7858.75,7988.75,7837.25,377545,7858.75
2019-10-23,7846.25,7901.5,7918.25,7810.25,348671,7901.5
2019-10-24,7922.75,7928.25,7984.0,7913.25,380967,7928.25
2019-10-25,7928.5,8035.75,8041.5,7918.5,348318,8035.75
2019-10-28,8048.0,8094.75,8127.5,8048.0,309114,8094.75
2019-10-29,8109.25,8055.25,8118.75,8050.75,351246,8055.25
2019-10-30,8057.25,8111.25,8141.0,8020.5,381307,8111.25
2019-10-31,8128.5,8090.25,8139.0,8046.0,448458,8090.25
2019-11-01,8094.25,8160.25,8168.0,8084.5,348326,8160.25
2019-11-04,8165.0,8215.75,8233.75,8164.0,325479,8215.75
2019-11-05,8221.5,8210.75,8248.0,8193.25,305795,8210.75
2019-11-06,8208.0,8207.25,8228.25,8161.0,314414,8207.25
2019-11-07,8213.75,8230.5,8282.25,8190.0,366403,8230.5
2019-11-08,8230.0,8257.25,8264.25,8190.0,326871,8257.25
2019-11-11,8257.25,8249.75,8261.75,8206.5,229844,8249.75
2019-11-12,8253.25,8275.0,8300.25,8228.5,316729,8275.0
2019-11-13,8273.0,8265.75,8281.5,8220.0,382042,8265.75
2019-11-14,8269.0,8265.5,8285.5,8216.25,381593,8265.5
2019-11-15,8267.5,8318.75,8324.0,8261.25,367145,8318.75
2019-11-18,8318.75,8333.5,8367.0,8279.25,370609,8333.5
2019-11-19,8335.0,8341.5,8379.0,8312.5,373942,8341.5
2019-11-20,8333.0,8291.75,8348.0,8231.0,526978,8291.75
2019-11-21,8261.5,8274.5,8308.0,8240.0,411833,8274.5
2019-11-22,8280.25,8280.5,8313.5,8233.25,344497,8280.5
2019-11-25,8303.25,8376.5,8379.25,8296.5,259485,8376.5
2019-11-26,8374.25,8400.75,8422.0,8366.25,285726,8400.75
2019-11-27,8402.75,8454.75,8458.75,8397.0,240866,8454.75
2019-11-29,8456.75,8417.5,8458.25,8406.5,242603,8417.5
2019-12-02,8424.5,8316.0,8457.25,8276.5,559474,8316.0
2019-12-03,8313.75,8251.25,8337.5,8168.25,614317,8251.25
2019-12-04,8258.75,8295.25,8319.25,8220.5,413647,8295.25
2019-12-05,8296.25,8309.25,8340.0,8273.25,370987,8309.25
2019-12-06,8311.0,8400.25,8409.5,8307.75,302782,8400.25
2019-12-09,8401.5,8356.0,8427.25,8347.0,292419,8356.0
2019-12-10,8354.5,8363.75,8398.0,8297.0,403364,8363.75
2019-12-11,8366.25,8405.5,8411.0,8345.0,304183,8405.5
2019-12-12,8407.5,8465.25,8497.0,8381.0,554338,8465.25
2019-12-13,8485.0,8494.0,8523.75,8435.5,335038,8494.0
2019-12-16,8507.0,8576.0,8587.75,8503.25,192050,8576.0
2019-12-17,8576.0,8576.25,8596.75,8563.25,145053,8576.25
2019-12-18,8569.75,8590.25,8612.0,8567.75,98301,8590.25
2019-12-19,8598.0,8642.5,8655.5,8580.25,65776,8642.5
2019-12-20,8651.0,8707.4599609375,8707.4599609375,8638.25,307870,8707.4599609375
2019-12-23,8710.75,8726.5,8743.25,8707.5,194915,8726.5
2019-12-24,8728.25,8729.5,8736.0,8707.0,106029,8729.5
2019-12-26,8730.25,8804.25,8805.0,8729.0,170684,8804.25
2019-12-27,8801.0,8783.25,8843.5,8769.0,322888,8783.25
2019-12-30,8783.5,8733.75,8809.75,8691.25,404047,8733.75
2019-12-31,8731.75,8752.25,8772.25,8692.25,284519,8752.25
2020-01-02,8776.75,8891.75,8901.5,8769.5,416637,8891.75
2020-01-03,8895.5,8810.0,8907.25,8735.25,599887,8810.0
2020-01-06,8772.25,8847.5,8873.0,8723.0,469514,8847.5
2020-01-07,8853.25,8853.0,8894.75,8825.75,510004,8853.0
2020-01-08,8841.5,8944.5,8972.25,8678.0,723085,8944.5
2020-01-09,8948.75,9009.0,9022.25,8932.5,457262,9009.0
2020-01-10,9010.0,8978.25,9055.5,8966.25,472166,8978.25
2020-01-13,8979.0,9088.25,9095.5,8979.0,380440,9088.25
2020-01-14,9087.75,9062.5,9114.75,9035.0,553343,9062.5
2020-01-15,9062.0,9060.0,9096.0,9023.0,497100,9060.0
2020-01-16,9061.75,9133.5,9140.25,9061.5,397881,9133.5
2020-01-17,9137.0,9174.5,9189.25,9130.0,438669,9174.5
2020-01-21,9174.0,9169.75,9199.75,9114.75,532160,9169.75
2020-01-22,9179.5,9195.75,9254.0,9174.25,519015,9195.75
2020-01-23,9190.0,9248.25,9253.5,9151.75,616950,9248.25
2020-01-24,9252.0,9144.5,9287.25,9109.5,758796,9144.5
2020-01-27,9077.0,8954.5,9077.0,8925.5,792705,8954.5
2020-01-28,8952.5,9105.25,9136.25,8952.5,632550,9105.25
2020-01-29,9119.5,9098.5,9158.75,9072.25,578408,9098.5
2020-01-30,9111.25,9216.25,9240.0,9003.5,846585,9216.25
2020-01-31,9226.5,8997.75,9248.75,8966.0,898384,8997.75
2020-02-03,8982.75,9114.25,9155.75,8975.0,680726,9114.25
2020-02-04,9099.0,9355.0,9369.25,9073.0,563913,9355.0
2020-02-05,9357.0,9381.5,9462.75,9317.75,729548,9381.5
2020-02-06,9390.0,9455.5,9464.0,9362.5,545054,9455.5
2020-02-07,9467.0,9409.5,9471.0,9385.0,592695,9409.5
2020-02-10,9401.5,9527.5,9531.5,9330.75,500147,9527.5
2020-02-11,9525.0,9527.25,9609.5,9501.25,589570,9527.25
2020-02-12,9536.25,9625.75,9628.25,9523.75,454472,9625.75
2020-02-13,9621.5,9613.0,9644.75,9511.25,613580,9613.0
2020-02-14,9626.25,9632.25,9659.25,9588.0,489387,9632.25
2020-02-18,9635.0,9636.0,9687.5,9534.25,668505,9636.0
2020-02-19,9643.25,9733.5,9748.75,9641.25,419130,9733.5
2020-02-20,9744.75,9624.25,9763.0,9517.0,802424,9624.25
2020-02-21,9617.25,9458.0,9623.75,9411.5,911839,9458.0
2020-02-24,9355.25,9091.0,9365.0,9041.25,1171879,9091.0
2020-02-25,9091.0,8854.25,9224.25,8810.0,1344897,8854.25
2020-02-26,8868.25,8850.25,9037.5,8709.5,1251412,8850.25
2020-02-27,8811.5,8382.75,8878.5,8334.25,1580041,8382.75
2020-02-28,8347.0,8454.0,8574.75,8126.25,1527204,8454.0
2020-03-02,8349.25,8791.25,8883.25,8224.25,1373357,8791.25
2020-03-03,8830.5,8582.5,9002.5,8511.0,1295648,8582.5
2020-03-04,8557.5,8896.5,8950.0,8508.25,939032,8896.5
2020-03-05,8889.0,8648.75,8899.75,8610.75,954104,8648.75
2020-03-06,8677.0,8503.25,8726.5,8310.5,1097279,8503.25
2020-03-09,8369.0,7951.5,8375.0,7820.0,560913,7951.5
2020-03-10,7893.75,8331.5,8378.75,7814.25,982070,8331.5
2020-03-11,8317.0,8003.5,8334.25,7892.75,990236,8003.5
2020-03-12,7998.75,7215.25,8108.0,7128.5,876291,7215.25
2020-03-13,7100.0,7915.75,7978.0,6942.5,584274,7915.75
2020-03-16,7903.0,7057.5,7905.25,6927.0,307368,7057.5
2020-03-17,7053.0,7405.25,7552.25,6948.75,317501,7405.25
2020-03-18,7386.0,7225.25,7392.25,6830.0,156283,7225.25
2020-03-19,7251.75,7293.5,7521.5,6894.25,115519,7293.5
2020-03-20,7195.0,7417.97998046875,7649.0,7153.5,562616,7417.97998046875
2020-03-23,6798.0,6984.5,7316.25,6628.75,633237,6984.5
2020-03-24,7005.75,7554.75,7572.25,7005.75,556553,7554.75
2020-03-25,7544.75,7467.75,7761.0,7371.5,656698,7467.75
2020-03-26,7483.5,7844.0,7893.5,7310.25,567711,7844.0
2020-03-27,7882.75,7568.5,7893.25,7551.25,443315,7568.5
2020-03-30,7395.75,7854.75,7884.0,7365.0,419576,7854.75
2020-03-31,7856.75,7786.25,7995.0,7747.5,424386,7786.25
2020-04-01,7772.5,7438.75,7773.5,7404.25,411364,7438.75
2020-04-02,7473.5,7627.25,7656.25,7376.0,436829,7627.25
2020-04-03,7623.0,7522.75,7660.25,7423.5,351874,7522.75
2020-04-06,7535.75,8029.75,8099.0,7535.5,396874,8029.75
2020-04-07,8034.25,8012.0,8303.25,7948.0,531043,8012.0
2020-04-08,8015.0,8189.75,8242.0,7953.25,424380,8189.75
2020-04-09,8195.25,8227.5,8326.25,8101.75,522648,8227.5
2020-04-13,8296.0,8327.25,8338.75,8073.25,385072,8327.25
2020-04-14,8337.0,8692.5,8710.0,8319.0,431916,8692.5
2020-04-15,8706.25,8594.0,8707.5,8486.5,407752,8594.0
2020-04-16,8576.0,8734.25,8842.5,8500.5,539163,8734.25
2020-04-17,8909.75,8809.0,8966.75,8689.5,509555,8809.0
2020-04-20,8799.5,8692.0,8846.0,8687.0,427981,8692.0
2020-04-21,8695.0,8431.75,8763.0,8342.0,582449,8431.75
2020-04-22,8447.0,8638.0,8700.0,8400.0,373067,8638.0
2020-04-23,8636.25,8598.75,8786.5,8580.5,435112,8598.75
2020-04-24,8588.25,8769.0,8780.25,8498.25,380231,8769.0
2020-04-27,8766.0,8824.25,8898.0,8730.0,355545,8824.25
2020-04-28,8819.0,8719.75,8945.75,8654.5,440939,8719.75
2020-04-29,8759.25,9036.5,9118.75,8733.75,432414,9036.5
2020-04-30,9109.5,8988.5,9144.75,8856.5,462961,8988.5
2020-05-01,8847.0,8718.0,8879.0,8672.0,414560,8718.0
2020-05-04,8624.0,8795.5,8828.0,8556.25,381914,8795.5
2020-05-05,8806.25,8924.25,9020.0,8798.5,367233,8924.25
2020-05-06,8928.5,8952.0,9056.5,8877.75,414045,8952.0
2020-05-07,8947.5,9107.75,9126.0,8930.25,383884,9107.75
2020-05-08,9115.0,9218.25,9238.0,9103.25,362315,9218.25
2020-05-11,9194.75,9279.0,9339.0,9118.5,398142,9279.0
2020-05-12,9282.0,9078.25,9345.5,9040.5,500539,9078.25
2020-05-13,9045.75,8992.25,9202.75,8878.25,703290,8992.25
2020-05-14,9012.75,9079.5,9104.0,8847.0,639071,9079.5
2020-05-15,9085.5,9096.5,9148.5,8925.5,537250,9096.5
2020-05-18,9135.0,9325.5,9361.5,9110.25,398562,9325.5
2020-05-19,9316.25,9300.75,9417.25,9283.75,392499,9300.75
2020-05-20,9289.75,9485.5,9498.0,9273.0,369922,9485.5
2020-05-21,9494.75,9355.75,9510.75,9352.0,429220,9355.75
2020-05-22,9360.5,9406.25,9422.5,9241.5,365377,9406.25
2020-05-26,9396.25,9406.5,9604.0,9373.0,486546,9406.5
2020-05-27,9409.0,9432.5,9508.0,9172.5,560524,9432.5
2020-05-28,9436.5,9460.25,9565.5,9320.5,510617,9460.25
2020-05-29,9453.5,9560.25,9590.5,9372.0,529700,9560.25
2020-06-01,9513.0,9595.0,9605.75,9450.25,345593,9595.0
2020-06-02,9590.0,9647.75,9670.0,9504.75,389908,9647.75
2020-06-03,9657.5,9684.75,9728.25,9635.5,376694,9684.75
2020-06-04,9685.5,9626.25,9742.5,9572.25,462358,9626.25
2020-06-05,9643.5,9808.5,9846.25,9601.75,513656,9808.5
2020-06-08,9819.0,9884.75,9901.0,9747.0,391647,9884.75
2020-06-09,9887.25,9951.0,10005.25,9811.5,437442,9951.0
2020-06-10,9960.0,10087.25,10155.5,9958.5,557713,10087.25
2020-06-11,10086.25,9616.75,10107.0,9584.5,828944,9616.75
2020-06-12,9616.0,9645.0,9849.25,9494.75,508840,9645.0
2020-06-15,9536.75,9800.5,9815.5,9381.75,319211,9800.5
2020-06-16,9812.5,9972.5,10013.75,9797.75,216305,9972.5
2020-06-17,9961.75,9994.5,10059.0,9927.0,100473,9994.5
2020-06-18,9995.25,9995.75,10040.75,9879.5,67457,9995.75
2020-06-19,9997.25,10120.83984375,10123.25,9997.25,518436,10120.83984375
2020-06-22,9868.0,10124.75,10134.5,9843.5,354768,10124.75
2020-06-23,10121.5,10196.0,10296.25,9972.25,406477,10196.0
2020-06-24,10183.0,10010.75,10242.0,9927.25,661645,10010.75
2020-06-25,10005.25,10088.25,10107.0,9885.5,514249,10088.25
2020-06-26,10087.0,9865.5,10120.5,9824.25,576150,9865.5
2020-06-29,9785.5,9973.75,9997.0,9728.75,479544,9973.75
2020-06-30,9983.0,10147.25,10171.5,9940.25,422348,10147.25
2020-07-01,10141.0,10268.75,10310.0,10076.0,402791,10268.75
2020-07-02,10258.5,10355.75,10422.25,10246.5,404764,10355.75
2020-07-06,10352.0,10598.5,10614.5,10308.75,486369,10598.5
2020-07-07,10600.0,10532.25,10694.5,10505.75,465212,10532.25
2020-07-08,10526.0,10662.25,10673.0,10505.25,481023,10662.25
2020-07-09,10674.25,10727.5,10774.25,10560.0,607385,10727.5
2020-07-10,10727.0,10837.25,10847.5,10625.5,527570,10837.25
2020-07-13,10848.25,10600.0,11058.5,10561.5,736178,10600.0
2020-07-14,10602.0,10646.25,10693.0,10358.75,915009,10646.25
2020-07-15,10706.0,10683.25,10766.5,10551.25,719947,10683.25
2020-07-16,10693.0,10511.75,10698.25,10475.5,628898,10511.75
2020-07-17,10532.25,10622.5,10669.75,10523.75,443143,10622.5
2020-07-20,10621.25,10951.0,10964.5,10546.25,496402,10951.0
2020-07-21,10952.25,10851.0,11058.0,10784.75,587994,10851.0
2020-07-22,10850.75,10804.25,10916.25,10761.25,483851,10804.25
2020-07-23,10850.0,10548.25,10938.5,10514.5,644189,10548.25
2020-07-24,10565.5,10459.0,10597.0,10301.0,652482,10459.0
2020-07-27,10490.0,10675.25,10684.0,10401.0,444802,10675.25
2020-07-28,10682.5,10540.0,10758.5,10514.0,445252,10540.0
2020-07-29,10558.0,10674.25,10699.75,10512.25,368010,10674.25
2020-07-30,10700.0,10794.0,10897.25,10502.75,521157,10794.0
2020-07-31,10906.5,10890.5,10939.0,10691.0,631553,10890.5
2020-08-03,10933.25,11044.25,11073.0,10876.25,389622,11044.25
2020-08-04,11054.0,11086.0,11094.75,10983.0,395698,11086.0
2020-08-05,11080.5,11091.75,11144.0,11055.75,348822,11091.75
2020-08-06,11094.0,11261.25,11271.75,11051.25,420437,11261.25
2020-08-07,11260.5,11122.75,11283.25,11035.25,532554,11122.75
2020-08-10,11140.25,11072.0,11156.5,10928.25,485730,11072.0
2020-08-11,11072.25,10878.5,11157.75,10845.5,561748,10878.5
2020-08-12,10928.5,11126.0,11185.75,10878.5,434240,11126.0
2020-08-13,11115.5,11175.25,11266.0,11094.25,413661,11175.25
2020-08-14,11180.5,11133.75,11237.75,11096.0,398616,11133.75
2020-08-17,11145.0,11286.75,11300.5,11142.25,246403,11286.75
2020-08-18,11285.5,11409.25,11415.25,11268.0,326816,11409.25
2020-08-19,11414.25,11332.0,11438.0,11299.0,410893,11332.0
2020-08-20,11327.0,11477.25,11496.5,11221.5,401137,11477.25
2020-08-21,11480.0,11562.0,11573.5,11407.0,414226,11562.0
2020-08-24,11581.0,11636.25,11722.5,11528.25,617004,11636.25
2020-08-25,11636.0,11726.25,11742.25,11574.75,495891,11726.25
2020-08-26,11739.5,11991.25,12001.5,11726.75,578801,11991.25
2020-08-27,11984.5,11952.75,12046.0,11834.75,709346,11952.75
2020-08-28,11953.25,11991.75,12018.25,11920.5,489066,11991.75
2020-08-31,12002.75,12114.0,12165.0,11988.25,480979,12114.0
2020-09-01,12109.75,12312.5,12328.75,12093.0,518997,12312.5
2020-09-02,12325.5,12411.5,12465.25,12172.25,725395,12411.5
2020-09-03,12408.5,11800.5,12438.75,11658.5,931583,11800.5
2020-09-04,11745.0,11548.75,11843.0,11142.0,1202274,11548.75
2020-09-08,11531.0,11060.5,11585.0,11040.5,1012392,11060.5
2020-09-09,11006.0,11392.75,11478.75,10935.25,720954,11392.75
2020-09-10,11377.75,11178.25,11566.75,11088.0,885270,11178.25
2020-09-11,11187.0,11061.5,11356.25,10937.5,495802,11061.5
2020-09-14,11104.0,11280.5,11362.75,11104.0,322360,11280.5
2020-09-15,11278.5,11464.25,11495.5,11247.75,224404,11464.25
2020-09-16,11467.5,11268.75,11550.0,11237.5,167828,11268.75
2020-09-17,11269.5,11090.0,11302.5,10918.75,157390,11090.0
2020-09-18,11082.0,11144.8095703125,11179.25,11037.25,800279,11144.8095703125
2020-09-21,10920.0,10989.0,11009.75,10656.5,727984,10989.0
2020-09-22,10966.25,11149.5,11191.0,10897.5,573572,11149.5
2020-09-23,11160.5,10829.0,11222.0,10786.0,656111,10829.0
2020-09-24,10803.5,10891.75,11011.75,10660.25,791934,10891.75
2020-09-25,10914.25,11136.5,11166.25,10813.75,600725,11136.5
2020-09-28,11145.0,11394.75,11404.0,11140.25,568217,11394.75
2020-09-29,11388.0,11337.75,11448.75,11289.5,444170,11337.75
2020-09-30,11321.0,11407.25,11526.0,11167.0,647968,11407.25
2020-10-01,11375.0,11574.75,11599.25,11375.0,580589,11574.75
2020-10-02,11566.75,11233.25,11604.75,11204.5,806629,11233.25
2020-10-05,11308.5,11469.25,11497.5,11267.5,398444,11469.25
2020-10-06,11473.0,11273.75,11524.5,11197.5,612278,11273.75
2020-10-07,11220.5,11470.0,11506.5,11208.0,443046,11470.0
2020-10-08,11473.25,11539.0,11578.75,11469.75,403379,11539.0
2020-10-09,11562.0,11724.75,11739.0,11552.5,408445,11724.75
2020-10-12,11722.75,12098.25,12197.0,11687.75,756438,12098.25
2020-10-13,12100.0,12094.0,12249.0,12019.0,754735,12094.0
2020-10-14,12079.75,11974.25,12178.0,11901.75,597198,11974.25
2020-10-15,11950.0,11874.0,11983.25,11736.5,595926,11874.0
2020-10-16,11891.0,11798.0,12022.0,11792.0,527026,11798.0
2020-10-19,11816.75,11650.25,11950.5,11591.25,623203,11650.25
2020-10-20,11697.5,11660.75,11792.0,11598.5,622702,11660.75
2020-10-21,11675.25,11691.25,11779.25,11585.0,599851,11691.25
2020-10-22,11683.5,11649.75,11724.0,11511.0,583669,11649.75
2020-10-23,11669.25,11663.5,11691.75,11551.0,501243,11663.5
2020-10-26,11634.0,11492.25,11695.5,11343.25,674142,11492.25
2020-10-27,11499.5,11588.0,11623.0,11478.25,551642,11588.0
2020-10-28,11558.5,11132.75,11566.75,11123.75,749420,11132.75
2020-10-29,11180.5,11342.75,11457.75,11145.0,606325,11342.75
2020-10-30,11213.25,11046.25,11281.25,10944.5,801978,11046.25
2020-11-02,11034.5,11063.25,11212.0,10942.25,602651,11063.25
2020-11-03,11074.75,11265.75,11347.0,11064.5,509496,11265.75
2020-11-04,11264.0,11763.0,11843.75,11230.25,842617,11763.0
2020-11-05,11830.0,12076.5,12119.5,11771.25,578443,12076.5
2020-11-06,12088.5,12075.0,12109.0,11868.25,552483,12075.0
2020-11-09,12139.25,11820.5,12408.75,11812.25,731881,11820.5
2020-11-10,11863.5,11618.25,11901.5,11503.25,834533,11618.25
2020-11-11,11632.25,11886.0,11917.75,11575.25,546218,11886.0
2020-11-12,11898.5,11820.0,11975.75,11775.75,554930,11820.0
2020-11-13,11857.0,11933.5,11952.75,11801.75,445512,11933.5
2020-11-16,11957.25,12005.0,12065.0,11851.75,471101,12005.0
2020-11-17,12061.25,11975.0,12096.25,11953.75,401505,11975.0
2020-11-18,11972.0,11897.0,12027.5,11861.5,475826,11897.0
2020-11-19,11876.0,11987.25,12000.0,11804.5,421691,11987.25
2020-11-20,11960.0,11905.75,12021.0,11873.5,358180,11905.75
2020-11-23,11894.0,11905.25,12001.75,11808.25,425777,11905.25
2020-11-24,11909.75,12076.0,12104.5,11872.75,401635,12076.0
2020-11-25,12098.5,12152.25,12177.75,12077.5,386232,12152.25
2020-11-27,12168.25,12257.5,12307.5,12127.0,296828,12257.5
2020-11-30,12286.5,12277.0,12337.25,12086.0,493064,12277.0
2020-12-01,12336.0,12452.25,12512.25,12312.0,464023,12452.25
2020-12-02,12456.25,12454.25,12473.5,12312.5,400405,12454.25
2020-12-03,12472.0,12462.25,12540.25,12444.0,376884,12462.25
2020-12-04,12487.0,12526.0,12535.75,12448.5,321796,12526.0
2020-12-07,12525.0,12596.0,12612.25,12474.75,323774,12596.0
2020-12-08,12574.0,12637.5,12652.5,12502.0,365422,12637.5
2020-12-09,12657.25,12367.0,12675.0,12306.75,635769,12367.0
2020-12-10,12342.75,12402.0,12449.0,12218.25,529843,12402.0
2020-12-11,12391.0,12368.0,12414.25,12234.25,361860,12368.0
2020-12-14,12405.5,12456.5,12545.0,12386.5,296143,12456.5
2020-12-15,12460.5,12591.75,12604.75,12417.0,223263,12591.75
2020-12-16,12599.5,12665.25,12699.75,12567.75,153920,12665.25
2020-12-17,12677.0,12751.0,12766.25,12667.5,84472,12751.0
2020-12-18,12744.25,12800.0595703125,12823.0,12708.0,460979,12800.0595703125
2020-12-21,12760.0,12683.5,12782.5,12461.0,606583,12683.5
2020-12-22,12698.25,12710.0,12760.0,12593.5,457270,12710.0
2020-12-23,12704.75,12651.25,12738.75,12623.5,358011,12651.25
2020-12-24,12660.75,12704.5,12724.0,12631.5,173464,12704.5
2020-12-28,12676.25,12832.75,12855.5,12655.25,346691,12832.75
2020-12-29,12845.25,12841.0,12918.25,12808.25,393995,12841.0
2020-12-30,12860.75,12841.5,12909.75,12820.5,334304,12841.5
2020-12-31,12840.0,12885.5,12896.0,12796.5,280573,12885.5
2021-01-04,12889.0,12685.5,12959.75,12522.5,650472,12685.5
2021-01-05,12682.75,12793.5,12809.0,12612.0,483173,12793.5
2021-01-06,12800.25,12616.75,12844.25,12491.25,755618,12616.75
2021-01-07,12658.5,12928.0,12959.0,12646.5,435939,12928.0
2021-01-08,12927.0,13097.25,13125.0,12919.0,508107,13097.25
2021-01-11,13093.25,12897.0,13105.25,12871.75,454751,12897.0
2021-01-12,12910.75,12890.25,12959.0,12767.25,461733,12890.25
2021-01-13,12882.5,12972.25,13003.0,12820.75,416295,12972.25
2021-01-14,12975.5,12901.0,13028.75,12881.0,417583,12901.0
2021-01-15,12909.0,12802.25,12931.25,12743.5,539769,12802.25
2021-01-19,12774.25,12985.5,13032.75,12727.0,481603,12985.5
2021-01-20,13030.0,13294.25,13327.0,13017.0,438765,13294.25
2021-01-21,13288.5,13395.5,13423.5,13283.25,421922,13395.5
2021-01-22,13394.0,13361.5,13402.25,13300.25,407706,13361.5
2021-01-25,13370.0,13475.5,13554.5,13189.0,663844,13475.5
2021-01-26,13459.75,13485.5,13599.75,13380.25,502390,13485.5
2021-01-27,13551.0,13105.5,13586.5,12884.75,786471,13105.5
2021-01-28,13052.5,13186.0,13394.0,12906.25,623570,13186.0
2021-01-29,13156.0,12911.25,13188.0,12829.0,738848,12911.25
2021-02-01,12849.0,13236.5,13271.5,12727.25,549549,13236.5
2021-02-02,13232.5,13449.0,13509.75,13230.5,491671,13449.0
2021-02-03,13506.0,13394.25,13584.5,13386.75,499098,13394.25
2021-02-04,13429.5,13547.5,13568.75,13345.25,408023,13547.5
2021-02-05,13560.0,13598.0,13638.5,13519.5,431935,13598.0
2021-02-08,13623.75,13683.0,13693.0,13596.0,393927,13683.0
2021-02-09,13683.5,13680.25,13735.25,13634.0,367116,13680.25
2021-02-10,13698.0,13643.5,13769.25,13516.75,552643,13643.5
2021-02-11,13662.0,13729.0,13743.75,13612.5,495131,13729.0
2021-02-12,13711.25,13804.75,13820.75,13646.0,392927,13804.75
2021-02-16,13829.5,13767.75,13900.5,13716.0,604657,13767.75
2021-02-17,13758.25,13699.75,13785.0,13543.0,583565,13699.75
2021-02-18,13699.5,13633.0,13723.25,13468.0,574576,13633.0
2021-02-19,13638.25,13576.0,13729.0,13534.75,535194,13576.0
2021-02-22,13585.0,13224.25,13629.0,13215.0,648527,13224.25
2021-02-23,13227.0,13192.0,13335.75,12757.25,873273,13192.0
2021-02-24,13170.75,13302.0,13334.0,12958.0,673353,13302.0
2021-02-25,13304.75,12831.75,13353.75,12764.0,894521,12831.75
2021-02-26,12802.5,12911.0,13089.5,12662.25,841911,12911.0
2021-03-01,12957.5,13279.75,13318.0,12946.25,513852,13279.75
2021-03-02,13312.25,13055.25,13328.25,13048.25,563138,13055.25
2021-03-03,13061.25,12681.75,13192.0,12663.25,756448,12681.75
2021-03-04,12682.0,12455.0,12797.0,12306.5,1049493,12455.0
2021-03-05,12435.0,12663.75,12697.75,12207.25,1016317,12663.75
2021-03-08,12715.0,12297.25,12761.25,12281.75,749028,12297.25
2021-03-09,12345.75,12788.75,12867.5,12326.0,644022,12788.75
2021-03-10,12812.0,12749.25,12993.25,12703.0,715961,12749.25
2021-03-11,12795.25,13048.25,13119.25,12724.25,526139,13048.25
2021-03-12,13055.0,12933.5,13095.0,12768.25,476352,12933.5
2021-03-15,12950.0,13078.5,13099.0,12872.0,297629,13078.5
2021-03-16,13084.75,13151.5,13298.0,13056.5,240942,13151.5
2021-03-17,13174.75,13201.5,13283.25,12946.5,202697,13201.5
2021-03-18,13200.5,12795.5,13279.0,12777.5,121108,12795.5
2021-03-19,12818.25,12808.759765625,12919.0,12732.75,641117,12808.759765625
2021-03-22,12807.0,13071.75,13157.0,12788.5,478667,13071.75
2021-03-23,13069.0,13006.25,13172.0,12979.0,604250,13006.25
2021-03-24,13050.25,12794.0,13145.25,12784.0,626538,12794.0
2021-03-25,12803.0,12770.5,12859.5,12609.75,745797,12770.5
2021-03-26,12799.75,12966.75,12988.5,12676.25,622214,12966.75
2021-03-29,12975.75,12944.5,13003.0,12807.5,574193,12944.5
2021-03-30,12975.0,12878.25,12984.0,12776.5,516408,12878.25
2021-03-31,12894.75,13089.75,13158.0,12858.25,478398,13089.75
2021-04-01,13094.5,13316.0,13332.5,13090.25,436489,13316.0
2021-04-05,13339.0,13585.5,13615.0,13304.25,356725,13585.5
2021-04-06,13603.75,13570.0,13655.0,13524.25,457218,13570.0
2021-04-07,13580.5,13604.75,13641.0,13512.5,434828,13604.75
2021-04-08,13620.75,13747.75,13789.75,13615.5,435060,13747.75
2021-04-09,13786.5,13829.5,13841.75,13648.25,494768,13829.5
2021-04-12,13817.75,13808.75,13832.25,13732.0,453968,13808.75
2021-04-13,13825.0,13975.75,13994.0,13772.75,485938,13975.75
2021-04-14,13977.75,13798.75,14029.0,13772.75,662204,13798.75
2021-04-15,13827.0,14014.0,14034.25,13789.25,524814,14014.0
2021-04-16,14002.0,14029.5,14059.5,13952.75,500612,14029.5
2021-04-19,13989.0,13897.25,14052.25,13821.0,613719,13897.25
2021-04-20,13900.0,13794.25,13933.75,13719.25,606019,13794.25
2021-04-21,13740.0,13919.25,13926.5,13700.5,510093,13919.25
2021-04-22,13896.5,13750.25,13944.75,13701.75,623942,13750.25
2021-04-23,13757.0,13927.0,13981.0,13737.0,450885,13927.0
2021-04-26,13919.75,14011.5,14039.25,13865.5,403664,14011.5
2021-04-27,14024.75,13953.0,14050.0,13912.5,412801,13953.0
2021-04-28,13955.5,13892.25,13993.5,13878.0,501596,13892.25
2021-04-29,13973.5,13953.5,14064.0,13818.5,595555,13953.5
2021-04-30,13948.25,13850.0,13956.75,13819.75,555237,13850.0
2021-05-03,13880.25,13790.0,13947.5,13772.0,473913,13790.0
2021-05-04,13785.0,13536.0,13792.5,13380.75,667316,13536.0
2021-05-05,13525.75,13491.0,13665.5,13462.75,520694,13491.0
2021-05-06,13484.0,13597.75,13611.5,13388.75,567452,13597.75
2021-05-07,13614.5,13709.75,13818.0,13588.25,550632,13709.75
2021-05-10,13718.0,13356.75,13752.0,13305.5,603725,13356.75
2021-05-11,13316.5,13346.0,13375.75,13065.25,787639,13346.0
2021-05-12,13321.25,12998.5,13351.75,12959.75,760916,12998.5
2021-05-13,12968.75,13100.25,13223.75,12915.0,727348,13100.25
2021-05-14,13095.0,13387.0,13426.25,13071.0,468758,13387.0
2021-05-17,13380.25,13303.5,13448.5,13182.75,488299,13303.5
2021-05-18,13308.5,13212.0,13432.25,13178.5,442088,13212.0
2021-05-19,13182.0,13233.5,13243.0,12954.25,669351,13233.5
2021-05-20,13220.5,13486.5,13522.75,13150.75,465782,13486.5
2021-05-21,13492.5,13405.0,13570.0,13395.75,457735,13405.0
2021-05-24,13383.25,13635.25,13686.0,13356.5,368611,13635.25
2021-05-25,13656.5,13656.25,13738.75,13606.75,436157,13656.25
2021-05-26,13670.25,13700.25,13728.5,13656.0,343069,13700.25
2021-05-27,13702.5,13665.5,13720.75,13620.25,388603,13665.5
2021-05-28,13694.75,13686.5,13763.5,13662.75,366218,13686.5
2021-06-01,13699.0,13648.75,13773.0,13592.25,448000,13648.75
2021-06-02,13653.25,13673.75,13712.75,13603.25,371449,13673.75
2021-06-03,13679.5,13529.25,13707.75,13462.25,552987,13529.25
2021-06-04,13531.75,13766.75,13783.75,13467.75,446994,13766.75
2021-06-07,13773.25,13804.25,13824.0,13691.5,397545,13804.25
2021-06-08,13823.0,13811.5,13917.25,13741.75,482546,13811.5
2021-06-09,13813.0,13814.25,13904.25,13803.5,376893,13814.25
2021-06-10,13817.0,13959.75,13976.5,13726.0,492336,13959.75
2021-06-11,13975.5,13994.25,13997.75,13932.25,257733,13994.25
2021-06-14,13999.0,14124.75,14133.5,13965.25,229733,14124.75
2021-06-15,14119.5,14030.25,14163.0,14009.25,178164,14030.25
2021-06-16,14046.75,13981.25,14103.75,13840.0,124322,13981.25
2021-06-17,13948.5,14165.5,14217.75,13850.25,113875,14165.5
2021-06-18,14183.75,14107.4296875,14214.25,14063.5,575363,14107.4296875
2021-06-21,14022.75,14130.0,14144.0,13958.5,503663,14130.0
2021-06-22,14136.75,14258.25,14279.25,14066.5,420968,14258.25
2021-06-23,14274.0,14263.0,14315.75,14231.75,366489,14263.0
2021-06-24,14275.25,14354.25,14422.0,14270.0,409864,14354.25
2021-06-25,14365.75,14339.0,14394.25,14313.25,379758,14339.0
2021-06-28,14350.0,14512.5,14519.75,14333.25,376860,14512.5
2021-06-29,14504.5,14563.0,14584.75,14468.75,360169,14563.0
2021-06-30,14584.75,14549.0,14598.5,14518.25,384458,14549.0
2021-07-01,14558.5,14548.5,14606.25,14471.0,436419,14548.5
2021-07-02,14543.75,14713.75,14729.0,14513.25,392168,14713.75
2021-07-06,14704.25,14775.5,14790.0,14625.25,557682,14775.5
2021-07-07,14764.5,14802.25,14883.75,14726.25,471450,14802.25
2021-07-08,14812.0,14712.25,14822.0,14540.5,631207,14712.25
2021-07-09,14710.25,14810.5,14832.0,14640.75,424770,14810.5
2021-07-12,14824.0,14869.25,14888.5,14785.0,362608,14869.25
2021-07-13,14880.0,14865.0,14994.75,14794.5,506392,14865.0
2021-07-14,14869.75,14891.75,14996.0,14841.25,499191,14891.75
2021-07-15,14895.0,14787.5,14962.75,14708.25,634785,14787.5
2021-07-16,14778.5,14670.5,14869.5,14656.0,539012,14670.5
2021-07-19,14675.0,14540.75,14682.5,14445.0,720291,14540.75
2021-07-20,14593.75,14722.75,14782.5,14516.75,529359,14722.75
2021-07-21,14729.75,14827.75,14839.5,14668.25,404345,14827.75
2021-07-22,14836.75,14928.5,14982.75,14826.75,425426,14928.5
2021-07-23,14979.5,15098.0,15117.25,14934.25,449261,15098.0
2021-07-26,15098.0,15117.75,15134.0,15038.75,391517,15117.75
2021-07-27,15125.25,14947.75,15131.5,14774.25,671793,14947.75
2021-07-28,14875.75,15011.5,15074.5,14866.0,577186,15011.5
2021-07-29,14984.75,15037.75,15084.0,14905.0,412593,15037.75
2021-07-30,14905.25,14955.75,14980.0,14811.25,505630,14955.75
2021-08-02,14972.75,14952.75,15056.25,14932.25,446142,14952.75
2021-08-03,14962.25,15046.25,15050.0,14849.0,520377,15046.25
2021-08-04,15038.0,15073.5,15108.0,14997.0,445703,15073.5
2021-08-05,15081.75,15167.75,15172.5,15069.25,341554,15167.75
2021-08-06,15167.75,15095.5,15169.75,15047.25,425074,15095.5
2021-08-09,15090.25,15125.25,15145.5,15003.25,361388,15125.25
2021-08-10,15128.75,15044.5,15157.25,14994.5,475298,15044.5
2021-08-11,15045.0,15019.5,15119.0,14963.0,479700,15019.5
2021-08-12,15008.5,15078.5,15090.5,14941.25,384239,15078.5
2021-08-13,15079.75,15125.75,15141.75,15055.25,364520,15125.75
2021-08-16,15119.25,15134.0,15139.0,14917.25,590789,15134.0
2021-08-17,15131.5,14997.5,15133.75,14897.0,687897,14997.5
2021-08-18,14970.25,14849.25,15037.25,14806.5,568846,14849.25
2021-08-19,14840.0,14928.0,14999.0,14710.5,734184,14928.0
2021-08-20,14943.25,15086.75,15100.0,14851.0,504460,15086.75
2021-08-23,15090.0,15304.5,15337.5,15086.5,412591,15304.5
2021-08-24,15327.0,15355.5,15384.0,15309.5,365577,15355.5
2021-08-25,15362.25,15364.25,15397.0,15333.0,405227,15364.25
2021-08-26,15367.25,15274.75,15368.25,15255.25,564382,15274.75
2021-08-27,15286.0,15426.5,15443.75,15265.5,441045,15426.5
2021-08-30,15432.75,15597.5,15617.75,15420.0,417563,15597.5
2021-08-31,15605.5,15582.5,15677.25,15517.75,521129,15582.5
2021-09-01,15599.5,15609.25,15699.0,15578.5,465488,15609.25
2021-09-02,15610.0,15601.0,15682.0,15551.75,463636,15601.0
2021-09-03,15601.0,15651.5,15677.5,15552.25,462870,15651.5
2021-09-07,15656.0,15674.75,15708.75,15606.75,542055,15674.75
2021-09-08,15671.0,15620.0,15691.0,15523.75,559402,15620.0
2021-09-09,15610.0,15558.75,15675.75,15545.75,531288,15558.75
2021-09-10,15561.0,15441.5,15668.0,15433.5,402816,15441.5
2021-09-13,15452.5,15436.75,15565.0,15350.25,363283,15436.75
2021-09-14,15452.25,15387.0,15530.75,15351.25,237816,15387.0
2021-09-15,15395.5,15504.0,15521.75,15315.25,156770,15504.0
2021-09-16,15516.5,15517.75,15542.0,15369.5,105428,15517.75
2021-09-17,15502.75,15486.669921875,15547.0,15474.0,641864,15486.669921875
2021-09-20,15284.0,15009.5,15338.25,14807.5,845911,15009.5
2021-09-21,14992.0,15024.0,15163.25,14963.25,659780,15024.0
2021-09-22,14992.75,15163.5,15227.0,14930.5,601005,15163.5
2021-09-23,15178.25,15303.5,15347.0,15175.25,514535,15303.5
2021-09-24,15300.25,15318.75,15334.25,15176.75,470511,15318.75
2021-09-27,15319.0,15194.75,15399.25,15084.0,543381,15194.75
2021-09-28,15172.25,14764.75,15192.25,14740.75,836785,14764.75
2021-09-29,14769.25,14739.75,14926.0,14711.0,649554,14739.75
2021-09-30,14769.75,14682.5,14883.5,14670.25,699372,14682.5
2021-10-01,14702.25,14761.75,14818.0,14537.0,663413,14761.75
2021-10-04,14785.0,14462.25,14835.0,14367.75,802849,14462.25
2021-10-05,14493.75,14655.25,14754.75,14410.5,574640,14655.25
2021-10-06,14662.0,14759.0,14770.0,14422.5,756883,14759.0
2021-10-07,14768.0,14881.25,15001.25,14767.0,492756,14881.25
2021-10-08,14891.25,14808.25,14996.0,14790.75,550607,14808.25
2021-10-11,14810.25,14700.5,14897.25,14677.0,510490,14700.5
2021-10-12,14688.5,14653.25,14783.25,14585.5,599367,14653.25
2021-10-13,14594.0,14764.25,14795.75,14591.0,556059,14764.25
2021-10-14,14770.25,15037.25,15071.5,14767.5,425055,15037.25
2021-10-15,15063.75,15134.5,15145.0,15020.75,442893,15134.5
2021-10-18,15145.0,15290.5,15297.25,15038.75,423424,15290.5
2021-10-19,15289.75,15398.5,15428.25,15269.0,384792,15398.5
2021-10-20,15411.0,15377.5,15446.5,15319.0,451735,15377.5
2021-10-21,15357.5,15478.75,15483.75,15301.0,436644,15478.75
2021-10-22,15383.0,15341.0,15463.5,15273.75,545390,15341.0
2021-10-25,15324.25,15495.75,15546.0,15295.75,456009,15495.75
2021-10-26,15543.0,15545.0,15701.0,15503.0,586099,15545.0
2021-10-27,15532.25,15587.25,15717.5,15507.25,534474,15587.25
2021-10-28,15595.0,15764.75,15777.0,15591.75,498210,15764.75
2021-10-29,15679.75,15838.5,15864.75,15595.5,484693,15838.5
2021-11-01,15885.25,15894.25,15914.75,15768.5,411507,15894.25
2021-11-02,15891.0,15961.25,15980.25,15849.5,418550,15961.25
2021-11-03,15957.75,16129.75,16145.75,15935.25,448135,16129.75
2021-11-04,16129.5,16330.75,16376.0,16129.5,524361,16330.75
2021-11-05,16335.0,16351.75,16448.5,16292.0,525824,16351.75
2021-11-08,16293.0,16327.75,16394.0,16256.0,414326,16327.75
2021-11-09,16315.5,16212.75,16391.75,16160.0,560749,16212.75
2021-11-10,16201.25,15980.5,16243.0,15896.5,658266,15980.5
2021-11-11,15989.0,16022.75,16114.0,15976.0,434778,16022.75
2021-11-12,16043.75,16192.75,16213.25,16001.75,422493,16192.75
2021-11-15,16212.25,16187.75,16276.5,16082.25,483873,16187.75
2021-11-16,16198.5,16300.75,16323.75,16142.0,424380,16300.75
2021-11-17,16297.75,16311.5,16396.5,16270.0,455992,16311.5
2021-11-18,16322.5,16481.25,16508.0,16303.5,602241,16481.25
2021-11-19,16503.25,16575.0,16628.5,16490.25,549031,16575.0
2021-11-22,16600.25,16382.0,16767.5,16364.5,770668,16382.0
2021-11-23,16399.0,16312.0,16418.75,16118.5,901449,16312.0
2021-11-24,16300.25,16366.0,16368.5,16102.0,656267,16366.0
2021-11-26,16360.0,16051.0,16436.0,15988.0,680753,16051.0
2021-11-29,16046.5,16390.75,16437.75,16038.0,597936,16390.75
2021-11-30,16419.0,16150.5,16456.25,16068.75,854651,16150.5
2021-12-01,16238.75,15869.75,16427.5,15825.25,861888,15869.75
2021-12-02,15891.75,15988.5,16066.25,15762.75,853707,15988.5
2021-12-03,16020.0,15717.75,16121.75,15538.0,898849,15717.75
2021-12-06,15716.25,15842.75,15897.25,15559.25,695515,15842.75
2021-12-07,15848.75,16318.0,16374.5,15824.5,594627,16318.0
2021-12-08,16360.5,16392.25,16436.75,16251.5,494849,16392.25
2021-12-09,16380.5,16148.75,16420.0,16120.25,612576,16148.75
2021-12-10,16158.5,16329.75,16335.75,16133.75,395288,16329.75
2021-12-13,16321.75,16082.0,16411.25,16064.25,286177,16082.0
2021-12-14,16085.0,15924.75,16133.75,15738.5,274758,15924.75
2021-12-15,15928.5,16288.0,16302.5,15744.5,161710,16288.0
2021-12-16,16288.5,15870.5,16459.25,15800.25,143255,15870.5
2021-12-17,15873.0,15717.3203125,15902.0,15668.0,800579,15717.3203125
2021-12-20,15809.5,15621.25,15851.75,15492.0,676197,15621.25
2021-12-21,15674.25,15980.0,15987.25,15605.0,530228,15980.0
2021-12-22,15979.0,16169.75,16183.0,15881.5,476670,16169.75
2021-12-23,16180.0,16299.0,16356.0,16145.25,349182,16299.0
2021-12-27,16304.25,16560.0,16580.75,16304.25,351308,16560.0
2021-12-28,16565.75,16488.0,16659.5,16452.25,454633,16488.0
2021-12-29,16513.5,16490.5,16564.25,16387.5,354985,16490.5
2021-12-30,16484.5,16430.25,16567.5,16411.25,304259,16430.25
2021-12-31,16431.0,16320.75,16464.0,16313.75,363720,16320.75
2022-01-03,16356.0,16485.5,16508.0,16292.0,513549,16485.5
2022-01-04,16497.75,16275.75,16564.0,16139.5,669527,16275.75
2022-01-05,16265.0,15766.5,16269.0,15752.75,769790,15766.5
2022-01-06,15763.75,15759.0,15895.75,15598.5,802950,15759.0
2022-01-07,15801.75,15581.0,15852.75,15510.0,704406,15581.0
2022-01-10,15590.0,15608.0,15669.0,15152.5,888780,15608.0
2022-01-11,15622.25,15831.0,15839.5,15475.0,709363,15831.0
2022-01-12,15826.0,15887.25,16009.25,15762.5,671265,15887.25
2022-01-13,15901.0,15490.25,15979.75,15458.25,763018,15490.25
2022-01-14,15505.0,15595.75,15621.0,15312.5,795897,15595.75
2022-01-18,15616.75,15206.0,15653.25,15170.75,868066,15206.0
2022-01-19,15238.75,15033.5,15372.0,15011.25,776612,15033.5
2022-01-20,15042.25,14841.0,15340.25,14646.75,771410,14841.0
2022-01-21,14722.0,14426.5,14858.5,14408.5,1041723,14426.5
2022-01-24,14410.0,14501.0,14582.0,13706.0,1323080,14501.0
2022-01-25,14495.0,14140.75,14499.0,13890.0,957800,14140.75
2022-01-26,13945.5,14158.5,14639.75,13945.5,908549,14158.5
2022-01-27,14194.0,13986.75,14409.25,13844.5,866647,13986.75
2022-01-28,14167.75,14433.0,14442.0,13831.0,878243,14433.0
2022-01-31,14454.0,14905.0,14914.75,14353.25,654278,14905.0
2022-02-01,14868.75,14994.75,15137.0,14729.25,597305,14994.75
2022-02-02,15129.0,15114.5,15260.0,14825.0,645396,15114.5
2022-02-03,14852.5,14492.25,14870.0,14456.25,731581,14492.25
2022-02-04,14770.0,14685.5,14825.75,14362.75,763735,14685.5
2022-02-07,14682.5,14559.75,14806.25,14511.5,562312,14559.75
2022-02-08,14600.0,14734.5,14776.0,14467.5,611858,14734.5
2022-02-09,14746.25,15038.25,15068.0,14741.0,529886,15038.25
2022-02-10,15062.25,14701.0,15062.25,14622.0,834478,14701.0
2022-02-11,14698.25,14240.5,14766.75,14181.0,835981,14240.5
2022-02-14,14250.0,14253.0,14394.0,14031.0,734224,14253.0
2022-02-15,14257.0,14609.5,14614.75,14223.25,558472,14609.5
2022-02-16,14588.0,14600.0,14668.5,14381.0,594304,14600.0
2022-02-17,14592.25,14164.75,14619.5,14131.5,631084,14164.75
2022-02-18,14156.25,13996.0,14299.0,13906.25,760914,13996.0
2022-02-22,13952.75,13862.75,14157.5,13580.25,1114720,13862.75
2022-02-23,13928.25,13507.5,14068.75,13471.25,713187,13507.5
2022-02-24,13484.25,13966.5,13983.25,13025.75,1122732,13966.5
2022-02-25,13909.5,14180.5,14196.25,13760.25,784997,14180.5
2022-02-28,13900.25,14228.0,14292.25,13683.0,753711,14228.0
2022-03-01,14219.25,14005.5,14327.75,13900.0,645171,14005.5
2022-03-02,14026.25,14239.25,14290.0,13911.5,629022,14239.25
2022-03-03,14196.5,14030.5,14391.0,13955.0,596925,14030.5
2022-03-04,14069.25,13839.75,14086.5,13733.75,725774,13839.75
2022-03-07,13763.5,13320.75,13879.75,13265.0,717846,13320.75
2022-03-08,13283.0,13267.0,13666.0,13103.25,841407,13267.0
2022-03-09,13192.25,13734.75,13821.75,13189.75,650826,13734.75
2022-03-10,13778.0,13586.0,13778.0,13396.25,611077,13586.0
2022-03-11,13577.25,13292.0,13860.75,13281.75,439890,13292.0
2022-03-14,13362.0,13045.5,13447.5,13015.5,402608,13045.5
2022-03-15,13082.0,13451.75,13489.0,12944.0,284955,13451.75
2022-03-16,13451.75,13953.0,14029.25,13420.5,274498,13953.0
2022-03-17,13999.0,14111.75,14136.25,13822.75,125160,14111.75
2022-03-18,14060.0,14095.3095703125,14095.3095703125,13970.5,558776,14095.3095703125
2022-03-21,14404.0,14370.5,14466.75,14183.75,589629,14370.5
2022-03-22,14390.0,14654.0,14690.75,14293.5,509918,14654.0
2022-03-23,14654.0,14447.0,14682.25,14441.0,555130,14447.0
2022-03-24,14462.75,14763.75,14769.75,14433.5,512267,14763.75
2022-03-25,14765.0,14755.75,14840.5,14572.5,553931,14755.75
2022-03-28,14756.0,14985.25,14997.0,14658.75,532125,14985.25
2022-03-29,14981.0,15237.75,15268.75,14956.5,552951,15237.75
2022-03-30,15222.0,15071.5,15262.25,15012.25,513516,15071.5
2022-03-31,15100.5,14868.75,15180.75,14855.5,560785,14868.75
2022-04-01,14918.75,14863.75,14960.0,14725.0,539029,14863.75
2022-04-04,14846.0,15164.25,15174.5,14801.0,460171,15164.25
2022-04-05,15155.5,14828.0,15198.0,14780.25,563198,14828.0
2022-04-06,14861.0,14505.25,14861.25,14394.75,783213,14505.25
2022-04-07,14496.25,14536.0,14633.75,14317.0,645737,14536.0
2022-04-08,14536.25,14327.0,14642.25,14310.5,640156,14327.0
2022-04-11,14345.0,14000.0,14382.0,13984.75,577477,14000.0
2022-04-12,14006.25,13945.0,14284.25,13881.25,704351,13945.0
2022-04-13,13952.75,14221.5,14266.5,13921.0,530164,14221.5
2022-04-14,14211.5,13893.75,14296.25,13876.5,548400,13893.75
2022-04-18,13892.0,13907.75,14002.5,13729.5,492103,13907.75
2022-04-19,13962.75,14217.25,14242.0,13828.0,556357,14217.25
2022-04-20,14104.75,14004.75,14298.0,13956.5,604344,14004.75
2022-04-21,14070.0,13728.25,14283.0,13667.5,685788,13728.25
2022-04-22,13720.0,13353.5,13781.0,13297.0,732255,13353.5
2022-04-25,13334.25,13535.75,13549.75,13184.0,749649,13535.75
2022-04-26,13523.5,13016.0,13583.75,12801.5,755330,13016.0
2022-04-27,12881.0,13009.0,13255.25,12878.25,817196,13009.0
2022-04-28,13191.0,13454.75,13542.0,13033.0,756360,13454.75
2022-04-29,13219.5,12852.0,13433.0,12831.75,723386,12852.0
2022-05-02,12892.25,13073.0,13084.5,12709.75,763818,13073.0
2022-05-03,13051.75,13087.5,13183.75,12968.5,662216,13087.5
2022-05-04,13121.0,13531.25,13555.25,12883.0,703191,13531.25
2022-05-05,13500.25,12858.0,13548.0,12705.25,877795,12858.0
2022-05-06,12883.25,12695.75,12928.75,12519.0,852234,12695.75
2022-05-09,12605.0,12193.75,12637.25,12135.25,816033,12193.75
2022-05-10,12206.0,12349.0,12547.0,12102.25,853859,12349.0
2022-05-11,12328.75,11969.75,12553.25,11938.5,865890,11969.75
2022-05-12,12004.5,11947.25,12132.75,11689.0,878238,11947.25
2022-05-13,11891.5,12382.75,12432.0,11891.5,663517,12382.75
2022-05-16,12409.0,12244.75,12498.75,12190.25,623715,12244.75
2022-05-17,12235.5,12560.25,12578.0,12234.0,653222,12560.25
2022-05-18,12572.0,11935.5,12594.0,11862.75,735386,11935.5
2022-05-19,11907.0,11878.25,12076.75,11704.0,827741,11878.25
2022-05-20,11898.0,11840.75,12096.75,11491.25,806781,11840.75
2022-05-23,11866.0,12035.25,12075.5,11783.75,660213,12035.25
2022-05-24,11915.0,11771.0,11918.0,11576.25,717429,11771.0
2022-05-25,11808.0,11942.25,12036.0,11672.0,671096,11942.25
2022-05-26,11887.5,12279.25,12343.0,11848.25,611884,12279.25
2022-05-27,12250.0,12677.75,12720.25,12222.0,615992,12677.75
2022-05-31,12705.25,12646.5,12883.0,12480.0,832388,12646.5
2022-06-01,12662.5,12551.0,12823.5,12454.75,682211,12551.0
2022-06-02,12549.75,12893.75,12903.75,12442.5,620008,12893.75
2022-06-03,12896.0,12551.0,12945.25,12503.0,652955,12551.0
2022-06-06,12549.75,12605.0,12810.0,12527.0,536936,12605.0
2022-06-07,12605.25,12711.5,12740.25,12412.5,577970,12711.5
2022-06-08,12680.5,12615.75,12783.0,12579.25,583652,12615.75
2022-06-09,12625.0,12275.0,12726.0,12255.25,690155,12275.0
2022-06-10,12301.5,11840.0,12338.75,11823.0,617395,11840.0
2022-06-13,11768.0,11296.5,11772.5,11254.5,530220,11296.5
2022-06-14,11334.25,11314.25,11505.5,11205.0,378134,11314.25
2022-06-15,11329.75,11593.75,11759.25,11327.75,265812,11593.75
2022-06-16,11608.5,11124.75,11737.75,11036.75,146538,11124.75
2022-06-17,11178.5,11130.3896484375,11290.0,11130.25,731831,11130.3896484375
2022-06-21,11332.5,11577.25,11678.25,11273.75,657209,11577.25
2022-06-22,11579.75,11565.75,11745.75,11320.5,638960,11565.75
2022-06-23,11542.75,11737.5,11766.75,11460.5,630125,11737.5
2022-06-24,11687.75,12140.5,12148.5,11684.75,563303,12140.5
2022-06-27,12137.5,12040.5,12262.0,11994.25,565803,12040.5
2022-06-28,12076.25,11674.25,12174.25,11661.5,634694,11674.25
2022-06-29,11680.5,11691.0,11749.0,11564.5,590173,11691.0
2022-06-30,11691.5,11529.5,11696.75,11351.0,738071,11529.5
2022-07-01,11507.5,11611.25,11629.75,11381.75,605401,11611.25
2022-07-05,11606.0,11808.5,11815.75,11389.25,790937,11808.5
2022-07-06,11820.25,11880.25,11974.25,11727.75,649912,11880.25
2022-07-07,11901.25,12138.5,12168.5,11836.5,550463,12138.5
2022-07-08,12115.0,12152.0,12211.0,11952.5,640445,12152.0
2022-07-11,12149.75,11884.25,12149.75,11853.0,578336,11884.25
2022-07-12,11900.5,11779.0,12025.5,11712.0,607949,11779.0
2022-07-13,11780.0,11762.25,11970.0,11479.25,732270,11762.25
2022-07-14,11729.5,11797.5,11835.0,11511.25,654560,11797.5
2022-07-15,11810.5,12007.5,12021.5,11740.25,560980,12007.5
2022-07-18,12043.5,11907.0,12186.5,11857.0,553676,11907.0
2022-07-19,11909.5,12274.0,12328.5,11889.5,585591,12274.0
2022-07-20,12330.5,12465.25,12517.5,12235.75,643607,12465.25
2022-07-21,12440.0,12640.0,12655.25,12373.5,605066,12640.0
2022-07-22,12559.25,12423.5,12698.5,12343.75,634548,12423.5
2022-07-25,12444.5,12354.5,12498.5,12266.5,491612,12354.5
2022-07-26,12311.25,12112.5,12334.0,12072.0,536287,12112.5
2022-07-27,12192.0,12619.0,12690.0,12191.75,634889,12619.0
2022-07-28,12580.0,12737.5,12948.0,12449.0,645261,12737.5
2022-07-29,12920.25,12971.5,13012.0,12744.25,592416,12971.5
2022-08-01,12981.0,12962.5,13108.75,12851.75,622511,12962.5
2022-08-02,12974.25,12924.5,13097.0,12814.75,674564,12924.5
2022-08-03,12921.0,13271.5,13310.25,12867.25,690056,13271.5
2022-08-04,13247.0,13327.0,13356.0,13184.75,542680,13327.0
2022-08-05,13327.25,13228.75,13384.5,13085.0,687792,13228.75
2022-08-08,13227.75,13183.25,13419.25,13120.5,597182,13183.25
2022-08-09,13206.25,13031.5,13233.75,12963.25,553704,13031.5
2022-08-10,13050.0,13392.0,13408.0,12982.0,602069,13392.0
2022-08-11,13380.5,13311.25,13575.0,13285.0,614816,13311.25
2022-08-12,13344.25,13577.75,13583.25,13312.0,500647,13577.75
2022-08-15,13571.5,13681.25,13706.0,13495.25,463768,13681.25
2022-08-16,13674.75,13658.25,13740.75,13522.75,555979,13658.25
2022-08-17,13658.0,13493.25,13672.0,13406.25,610667,13493.25
2022-08-18,13503.0,13523.25,13575.5,13410.75,530513,13523.25
2022-08-19,13534.25,13268.5,13534.5,13228.75,618758,13268.5
2022-08-22,13226.5,12909.75,13226.5,12874.5,599946,12909.75
2022-08-23,12933.75,12896.5,13018.5,12823.5,570278,12896.5
2022-08-24,12892.0,12929.75,13011.25,12825.75,503227,12929.75
2022-08-25,12944.0,13156.0,13161.5,12925.0,543666,13156.0
2022-08-26,13153.75,12620.5,13220.0,12557.5,753862,12620.5
2022-08-29,12485.0,12492.75,12610.25,12401.5,693093,12492.75
2022-08-30,12503.5,12358.75,12658.25,12247.5,797462,12358.75
2022-08-31,12366.0,12285.25,12513.0,12276.25,672068,12285.25
2022-09-01,12284.75,12292.25,12299.5,12017.75,820606,12292.25
2022-09-02,12297.75,12104.25,12461.5,12040.25,835870,12104.25
2022-09-06,12110.5,12019.0,12244.5,11930.0,895450,12019.0
2022-09-07,12019.75,12263.25,12306.25,11921.5,677159,12263.25
2022-09-08,12267.75,12321.75,12379.5,12115.75,737024,12321.75
2022-09-09,12345.25,12592.5,12613.75,12329.5,535984,12592.5
2022-09-12,12626.0,12740.75,12773.75,12573.25,444255,12740.75
2022-09-13,12769.5,12036.5,12889.0,12003.25,463841,12036.5
2022-09-14,12050.25,12142.0,12173.0,12001.75,270232,12142.0
2022-09-15,12159.0,11934.75,12187.75,11866.5,169928,11934.75
2022-09-16,11880.0,11814.580078125,11880.0,11750.5,754923,11814.580078125
2022-09-19,11920.0,12024.0,12066.25,11792.25,632663,12024.0
2022-09-20,12045.75,11922.25,12092.5,11828.25,704882,11922.25
2022-09-21,11946.0,11710.0,12140.5,11647.5,822965,11710.0
2022-09-22,11661.25,11565.5,11796.0,11510.0,786180,11565.5
2022-09-23,11583.75,11376.75,11600.25,11229.0,799378,11376.75
2022-09-26,11362.5,11316.25,11537.75,11256.5,809853,11316.25
2022-09-27,11315.5,11333.75,11568.25,11233.5,841073,11333.75
2022-09-28,11361.0,11555.75,11613.5,11141.5,897742,11555.75
2022-09-29,11544.0,11228.25,11567.25,11091.5,891823,11228.25
2022-09-30,11220.0,11035.5,11357.25,11024.25,878168,11035.5
2022-10-03,11030.0,11285.75,11358.25,10890.75,757581,11285.75
2022-10-04,11314.5,11640.75,11675.0,11281.5,772885,11640.75
2022-10-05,11630.25,11623.75,11711.0,11366.5,700889,11623.75
2022-10-06,11628.0,11541.75,11729.75,11505.25,773914,11541.75
2022-10-07,11494.5,11101.5,11564.5,11043.25,759141,11101.5
2022-10-10,11067.75,10984.5,11136.5,10876.75,757732,10984.5
2022-10-11,10987.0,10845.0,11039.5,10767.25,833906,10845.0
2022-10-12,10875.0,10840.5,10976.75,10805.5,731214,10840.5
2022-10-13,10859.0,11083.75,11142.75,10484.75,1050244,11083.75
2022-10-14,11064.75,10744.0,11253.5,10726.75,843525,10744.0
2022-10-17,10720.0,11110.25,11146.25,10713.0,638720,11110.25
2022-10-18,11161.25,11198.75,11431.75,11081.5,832215,11198.75
2022-10-19,11320.25,11153.25,11382.75,11049.0,733776,11153.25
2022-10-20,11134.0,11090.75,11328.75,11008.0,739672,11090.75
2022-10-21,11061.25,11358.5,11386.25,10935.5,840952,11358.5
2022-10-24,11393.75,11478.75,11530.25,11207.75,715016,11478.75
2022-10-25,11453.75,11713.5,11734.0,11430.25,660210,11713.5
2022-10-26,11510.0,11446.0,11703.5,11415.0,784638,11446.0
2022-10-27,11417.75,11235.25,11537.5,10921.5,769071,11235.25
2022-10-28,11122.75,11587.0,11626.0,11062.0,728261,11587.0
2022-10-31,11592.5,11447.25,11595.0,11367.25,607680,11447.25
2022-11-01,11455.0,11332.0,11619.0,11288.75,605362,11332.0
2022-11-02,11320.25,10944.5,11460.0,10909.0,770983,10944.5
2022-11-03,10938.0,10728.0,10996.0,10708.0,705050,10728.0
2022-11-04,10712.0,10890.25,10974.25,10636.0,881129,10890.25
2022-11-07,10786.5,11014.25,11038.5,10751.0,554692,11014.25
2022-11-08,11016.0,11094.25,11231.25,10928.75,728868,11094.25
2022-11-09,11089.25,10830.75,11164.25,10822.25,669071,10830.75
2022-11-10,10841.0,11632.25,11677.0,10808.0,862147,11632.25
2022-11-11,11669.75,11848.0,11876.75,11569.25,682257,11848.0
2022-11-14,11791.0,11734.75,11898.5,11702.0,576678,11734.75
2022-11-15,11768.5,11904.25,12118.75,11761.75,771822,11904.25
2022-11-16,11882.0,11739.5,11963.0,11706.5,577864,11739.5
2022-11-17,11777.75,11710.5,11827.5,11528.25,658469,11710.5
2022-11-18,11747.75,11708.0,11843.0,11607.0,585873,11708.0
2022-11-21,11723.0,11588.0,11756.0,11553.0,477970,11588.0
2022-11-22,11588.0,11754.5,11759.25,11526.5,531087,11754.5
2022-11-23,11741.5,11862.75,11892.75,11720.0,474645,11862.75
2022-11-25,11878.0,11782.75,11933.0,11766.25,252366,11782.75
2022-11-28,11731.25,11616.25,11788.5,11575.25,506250,11616.25
2022-11-29,11625.0,11524.75,11704.5,11465.0,555859,11524.75
2022-11-30,11520.0,12042.25,12078.5,11497.75,769082,12042.25
2022-12-01,12079.25,12062.75,12145.0,11943.25,629297,12062.75
2022-12-02,12039.75,12010.25,12067.75,11740.5,588295,12010.25
2022-12-05,12000.5,11805.75,12015.75,11745.5,537924,11805.75
2022-12-06,11812.0,11566.0,11846.25,11502.0,657271,11566.0
2022-12-07,11566.0,11509.5,11596.25,11422.5,634691,11509.5
2022-12-08,11500.0,11645.5,11685.75,11433.0,600826,11645.5
2022-12-09,11641.5,11569.75,11748.0,11517.0,504052,11569.75
2022-12-12,11553.0,11711.75,11716.0,11522.75,354886,11711.75
2022-12-13,11691.25,11839.75,12229.5,11680.5,407612,11839.75
2022-12-14,11839.0,11750.75,11948.5,11613.75,197122,11750.75
2022-12-15,11758.75,11347.25,11779.5,11298.25,182838,11347.25
2022-12-16,11340.25,11327.0400390625,11381.25,11206.5,665526,11327.0400390625
2022-12-19,11328.75,11193.25,11411.0,11131.75,562529,11193.25
2022-12-20,11182.5,11175.75,11247.0,11043.5,625090,11175.75
2022-12-21,11206.5,11334.5,11389.75,11181.0,631322,11334.5
2022-12-22,11357.0,11054.25,11384.75,10870.5,714500,11054.25
2022-12-23,11061.0,11075.25,11143.0,10916.25,534525,11075.25
2022-12-27,11104.0,10915.5,11183.75,10896.0,499799,10915.5
2022-12-28,10915.75,10772.75,10996.5,10758.75,635572,10772.75
2022-12-29,10785.75,11032.75,11071.5,10777.5,470004,11032.75
2022-12-30,11033.5,11022.25,11051.5,10855.5,462484,11022.25
2023-01-03,11122.5,10945.5,11182.0,10844.75,657681,10945.5
2023-01-04,10941.25,10999.25,11068.5,10863.5,758003,10999.25
2023-01-05,10988.5,10820.25,11046.75,10805.0,694452,10820.25
2023-01-06,10838.75,11113.5,11165.75,10751.0,736332,11113.5
2023-01-09,11126.5,11185.5,11385.5,11120.25,646318,11185.5
2023-01-10,11184.75,11282.0,11288.75,11094.0,559281,11282.0
2023-01-11,11282.5,11476.5,11479.5,11239.75,500153,11476.5
2023-01-12,11474.5,11534.25,11579.75,11291.0,754571,11534.25
2023-01-13,11528.5,11608.0,11619.5,11389.0,482002,11608.0
2023-01-17,11613.5,11624.5,11685.0,11510.25,576141,11624.5
2023-01-18,11619.75,11475.75,11759.5,11468.0,619614,11475.75
2023-01-19,11470.5,11356.5,11487.0,11308.5,594769,11356.5
2023-01-20,11401.0,11677.0,11686.75,11365.25,577769,11677.0
2023-01-23,11676.75,11934.0,11983.0,11650.5,593978,11934.0
2023-01-24,11933.0,11909.5,12010.5,11835.75,511370,11909.5
2023-01-25,11970.5,11873.25,11976.5,11604.5,633473,11873.25
2023-01-26,11874.75,12106.75,12113.0,11867.25,621434,12106.75
2023-01-27,12049.0,12222.25,12308.5,12016.0,588072,12222.25
2023-01-30,12212.5,11968.0,12252.0,11960.0,634667,11968.0
2023-01-31,11984.0,12152.0,12156.0,11871.0,585202,12152.0
2023-02-01,12116.0,12414.25,12524.5,12055.25,668515,12414.25
2023-02-02,12520.0,12846.75,12949.75,12501.75,817822,12846.75
2023-02-03,12748.25,12624.0,12878.0,12551.25,824209,12624.0
2023-02-06,12572.0,12515.5,12608.5,12455.75,535147,12515.5
2023-02-07,12513.0,12776.75,12818.5,12459.25,744996,12776.75
2023-02-08,12747.0,12545.25,12808.5,12512.75,590355,12545.25
2023-02-09,12555.0,12425.5,12728.5,12366.5,612404,12425.5
2023-02-10,12448.75,12346.25,12451.5,12243.25,600244,12346.25
2023-02-13,12357.5,12540.5,12567.0,12265.25,467840,12540.5
2023-02-14,12547.25,12631.0,12687.0,12390.5,719204,12631.0
2023-02-15,12620.75,12730.0,12756.5,12524.25,568579,12730.0
2023-02-16,12740.0,12482.5,12792.75,12455.25,682325,12482.5
2023-02-17,12462.5,12390.0,12466.25,12265.75,629355,12390.0
2023-02-21,12380.0,12096.75,12417.75,12090.25,609494,12096.75
2023-02-22,12108.0,12097.5,12190.5,12034.0,640711,12097.5
2023-02-23,12176.25,12207.5,12261.0,12028.5,640962,12207.5
2023-02-24,12190.0,11997.0,12214.5,11923.0,643618,11997.0
2023-02-27,12003.0,12083.25,12189.5,11990.0,578952,12083.25
2023-02-28,12093.5,12072.25,12172.75,12025.75,646026,12072.25
2023-03-01,12041.25,11961.75,12141.75,11924.75,759645,11961.75
2023-03-02,11967.0,12062.0,12096.25,11832.5,752009,12062.0
2023-03-03,12049.0,12311.25,12329.0,12012.0,675472,12311.25
2023-03-06,12306.25,12323.5,12486.25,12276.25,612506,12323.5
2023-03-07,12320.25,12169.0,12381.25,12142.25,685006,12169.0
2023-03-08,12170.0,12228.25,12254.5,12108.25,633419,12228.25
2023-03-09,12231.0,12007.25,12353.5,11977.5,816838,12007.25
2023-03-10,12005.0,11840.25,12109.0,11795.0,871209,11840.25
2023-03-13,11894.75,11931.75,12095.75,11674.25,694438,11931.75
2023-03-14,11960.0,12207.0,12223.0,11921.75,364395,12207.0
2023-03-15,12200.75,12247.75,12280.0,11972.0,261341,12247.75
2023-03-16,12264.5,12583.0,12600.5,12189.25,181754,12583.0
2023-03-17,12575.75,12594.650390625,12636.5,12531.75,734052,12594.650390625
2023-03-20,12690.0,12688.5,12750.0,12525.25,694471,12688.5
2023-03-21,12699.75,12867.25,12898.25,12676.5,565860,12867.25
2023-03-22,12873.25,12707.0,13082.0,12678.0,713083,12707.0
2023-03-23,12695.0,12854.0,13031.0,12694.25,838385,12854.0
2023-03-24,12871.5,12890.25,12924.75,12728.0,676547,12890.25
2023-03-27,12916.0,12788.5,12984.5,12765.5,562634,12788.5
2023-03-28,12810.5,12732.5,12833.5,12634.25,537965,12732.5
2023-03-29,12745.5,12965.0,12994.0,12742.0,566316,12965.0
2023-03-30,12962.5,13082.0,13111.75,12931.5,583151,13082.0
2023-03-31,13084.25,13301.75,13311.5,13057.5,624955,13301.75
2023-04-03,13262.0,13270.0,13278.75,13154.0,542896,13270.0
2023-04-04,13259.0,13219.0,13348.75,13168.25,577032,13219.0
2023-04-05,13230.0,13079.75,13247.25,13006.0,594608,13079.75
2023-04-06,13072.75,13170.75,13191.0,12953.25,41224,13170.75
2023-04-10,13179.75,13158.0,13203.25,12967.5,553003,13158.0
2023-04-11,13163.25,13074.75,13208.75,13053.5,549047,13074.75
2023-04-12,13073.75,12952.25,13241.75,12937.75,684779,12952.25
2023-04-13,12957.0,13209.75,13228.0,12925.5,558233,13209.75
2023-04-14,13183.0,13181.25,13255.0,13058.0,627824,13181.25
2023-04-17,13212.5,13186.5,13218.0,13076.75,540742,13186.5
2023-04-18,13184.0,13193.0,13298.75,13138.0,576668,13193.0
2023-04-19,13170.5,13183.0,13226.75,13065.0,529506,13183.0
2023-04-20,13162.0,13074.25,13200.0,13021.75,680299,13074.25
2023-04-21,13089.0,13090.5,13122.0,12982.5,593982,13090.5
2023-04-24,13070.0,13056.5,13134.0,12967.25,582286,13056.5
2023-04-25,13050.25,12809.5,13059.5,12800.0,694266,12809.5
2023-04-26,12940.0,12887.75,13012.25,12863.75,755124,12887.75
2023-04-27,12965.0,13231.25,13333.0,12936.0,728241,13231.25
2023-04-28,13215.0,13320.25,13336.0,13169.0,671058,13320.25
2023-05-01,13317.0,13306.75,13370.25,13258.75,487908,13306.75
2023-05-02,13290.0,13184.5,13334.75,13110.25,664855,13184.5
2023-05-03,13162.0,13100.75,13314.0,13080.0,648753,13100.75
2023-05-04,13064.0,13043.75,13173.0,13001.75,656440,13043.75
2023-05-05,13060.0,13317.75,13359.0,13055.75,573291,13317.75
2023-05-08,13316.0,13352.25,13368.0,13254.5,506054,13352.25
2023-05-09,13338.5,13264.75,13347.0,13250.5,552248,13264.75
2023-05-10,13258.75,13409.5,13446.75,13202.75,839699,13409.5
2023-05-11,13410.0,13446.5,13470.25,13361.5,653399,13446.5
2023-05-12,13446.0,13396.25,13494.25,13310.5,628035,13396.25
2023-05-15,13378.75,13468.0,13480.0,13350.0,495940,13468.0
2023-05-16,13461.0,13483.25,13554.5,13426.25,561834,13483.25
2023-05-17,13498.5,13643.5,13669.0,13474.25,621137,13643.5
2023-05-18,13640.5,13894.0,13913.0,13628.25,749496,13894.0
2023-05-19,13908.5,13858.0,13960.25,13814.25,659819,13858.0
2023-05-22,13805.5,13902.5,13946.75,13794.25,538203,13902.5
2023-05-23,13913.25,13728.75,13979.25,13710.0,658680,13728.75
2023-05-24,13729.0,13650.25,13845.75,13566.5,704804,13650.25
2023-05-25,13877.0,13976.5,14031.25,13803.0,819148,13976.5
2023-05-26,13977.75,14332.5,14369.0,13924.5,729047,14332.5
2023-05-30,14437.5,14396.75,14570.0,14336.75,882198,14396.75
2023-05-31,14397.25,14300.5,14429.0,14251.25,680429,14300.5
2023-06-01,14289.5,14472.25,14528.25,14248.25,622329,14472.25
2023-06-02,14494.0,14575.25,14627.75,14468.25,623290,14575.25
2023-06-05,14577.0,14588.75,14694.75,14512.75,619089,14588.75
2023-06-06,14582.0,14586.5,14623.75,14504.5,572806,14586.5
2023-06-07,14594.5,14331.5,14675.0,14305.5,770555,14331.5
2023-06-08,14316.0,14503.0,14526.75,14256.75,631769,14503.0
2023-06-09,14517.0,14556.25,14687.5,14460.25,581386,14556.25
2023-06-12,14560.25,14800.5,14827.0,14554.25,397388,14800.5
2023-06-13,14824.0,14914.25,14967.75,14779.5,347119,14914.25
2023-06-14,14925.0,15012.75,15061.5,14793.0,204099,15012.75
2023-06-15,15038.0,15188.0,15252.0,14878.0,139777,15188.0
2023-06-16,15181.25,15316.6103515625,15324.0,15130.5,636907,15316.6103515625
2023-06-20,15303.25,15256.5,15322.5,15126.5,652883,15256.5
2023-06-21,15247.5,15044.0,15273.25,15002.25,640702,15044.0
2023-06-22,15038.75,15214.75,15238.0,14964.0,611017,15214.75
2023-06-23,15236.0,15058.25,15236.0,14985.25,620593,15058.25
2023-06-26,15057.75,14856.5,15152.5,14853.5,649993,14856.5
2023-06-27,14875.0,15111.5,15139.25,14862.25,569198,15111.5
2023-06-28,15088.25,15130.0,15219.0,15021.25,662146,15130.0
2023-06-29,15161.0,15100.25,15202.75,15028.5,594134,15100.25
2023-06-30,15106.0,15337.0,15376.75,15099.0,529455,15337.0
2023-07-03,15331.0,15364.75,15392.0,15308.0,265064,15364.75
2023-07-05,15357.0,15360.75,15432.0,15255.25,519857,15360.75
2023-07-06,15353.75,15238.0,15366.0,15111.5,574681,15238.0
2023-07-07,15211.75,15181.75,15359.75,15172.25,555119,15181.75
2023-07-10,15198.5,15187.0,15218.25,15063.25,609953,15187.0
2023-07-11,15195.75,15260.0,15278.75,15109.5,552637,15260.0
2023-07-12,15258.0,15444.75,15507.75,15254.5,649433,15444.75
2023-07-13,15457.75,15711.5,15741.25,15456.5,563935,15711.5
2023-07-14,15699.0,15694.25,15857.25,15663.0,629943,15694.25
2023-07-17,15690.0,15840.75,15882.75,15661.5,522129,15840.75
2023-07-18,15832.0,15974.75,16029.75,15733.0,633272,15974.75
2023-07-19,15949.25,15959.25,16062.75,15911.25,682279,15959.25
2023-07-20,15922.75,15592.25,15925.75,15547.0,810475,15592.25
2023-07-21,15590.75,15540.0,15719.25,15522.25,704413,15540.0
2023-07-24,15556.0,15561.25,15618.75,15483.75,561877,15561.25
2023-07-25,15570.0,15673.0,15736.25,15549.25,554880,15673.0
2023-07-26,15730.25,15610.75,15739.25,15515.0,683826,15610.75
2023-07-27,15638.75,15571.0,15904.0,15511.25,846437,15571.0
2023-07-28,15580.0,15847.5,15896.0,15546.25,689386,15847.5
2023-07-31,15850.0,15857.5,15917.0,15791.25,523896,15857.5
2023-08-01,15869.25,15817.25,15889.25,15728.25,529660,15817.25
2023-08-02,15757.0,15473.0,15789.75,15414.0,773499,15473.0
2023-08-03,15455.75,15438.75,15551.75,15339.5,658841,15438.75
2023-08-04,15441.0,15354.0,15610.25,15336.5,773229,15354.0
2023-08-07,15370.5,15485.5,15495.5,15334.25,578299,15485.5
2023-08-08,15495.0,15354.25,15497.75,15218.0,638813,15354.25
2023-08-09,15351.75,15178.25,15432.5,15146.5,652732,15178.25
2023-08-10,15202.5,15201.25,15442.25,15136.0,807104,15201.25
2023-08-11,15219.0,15095.75,15266.75,15037.25,613959,15095.75
2023-08-14,15104.0,15270.25,15282.0,15020.75,554628,15270.25
2023-08-15,15279.0,15106.5,15335.0,15074.75,593602,15106.5
2023-08-16,15110.75,14942.25,15166.0,14921.5,641607,14942.25
2023-08-17,14940.25,14778.0,15018.25,14738.25,681399,14778.0
2023-08-18,14748.0,14744.0,14802.75,14609.25,731241,14744.0
2023-08-21,14762.5,14985.75,15013.75,14720.5,641685,14985.75
2023-08-22,14974.5,14958.5,15118.25,14932.0,623728,14958.5
2023-08-23,14959.75,15195.5,15356.75,14957.25,606168,15195.5
2023-08-24,15333.0,14862.0,15418.0,14817.0,847308,14862.0
2023-08-25,14833.0,14979.25,15048.75,14751.75,823889,14979.25
2023-08-28,14991.0,15092.5,15126.5,14973.5,586342,15092.5
2023-08-29,15098.75,15415.75,15430.5,15049.75,616223,15415.75
2023-08-30,15427.5,15501.25,15522.75,15361.5,590194,15501.25
2023-08-31,15513.75,15538.5,15606.75,15460.0,584743,15538.5
2023-09-01,15534.0,15516.25,15661.25,15454.0,572689,15516.25
2023-09-05,15517.0,15534.5,15586.75,15418.25,604891,15534.5
2023-09-06,15511.25,15399.5,15533.0,15310.5,596503,15399.5
2023-09-07,15385.0,15282.25,15395.75,15157.5,644887,15282.25
2023-09-08,15286.25,15297.5,15390.75,15223.0,598477,15297.5
2023-09-11,15308.0,15475.75,15497.5,15298.0,411385,15475.75
2023-09-12,15466.5,15304.75,15480.75,15288.75,253049,15304.75
2023-09-13,15308.5,15356.25,15424.25,15212.75,190166,15356.25
2023-09-14,15372.75,15478.0,15517.75,15337.25,110435,15478.0
2023-09-15,15480.25,15435.2001953125,15524.0,15401.25,708762,15435.2001953125
2023-09-18,15382.25,15414.5,15461.0,15330.5,509746,15414.5
2023-09-19,15424.25,15375.25,15442.25,15248.5,552065,15375.25
2023-09-20,15375.25,15152.0,15436.25,15127.0,605256,15152.0
2023-09-21,15133.25,14862.75,15149.0,14841.0,702742,14862.75
2023-09-22,14854.5,14869.5,15027.5,14836.25,624056,14869.5
2023-09-25,14880.25,14935.25,14955.75,14782.25,568859,14935.25
2023-09-26,14949.0,14715.0,14949.0,14666.25,667617,14715.0
2023-09-27,14725.25,14739.0,14821.5,14586.0,716200,14739.0
2023-09-28,14772.5,14859.75,14947.5,14658.0,734472,14859.75
2023-09-29,14876.5,14866.5,15060.75,14811.0,745541,14866.5
2023-10-02,14965.0,14984.75,15046.0,14826.0,762896,14984.75
2023-10-03,14989.5,14714.5,15031.0,14651.5,762964,14714.5
2023-10-04,14713.75,14923.75,14956.0,14589.0,803257,14923.75
2023-10-05,14903.0,14861.75,14958.75,14716.25,676461,14861.75
2023-10-06,14853.75,15112.0,15160.25,14660.0,840602,15112.0
2023-10-09,15040.25,15187.0,15212.75,14949.5,617072,15187.0
2023-10-10,15196.5,15270.75,15383.5,15171.75,648613,15270.75
2023-10-11,15282.25,15380.0,15416.75,15253.0,614965,15380.0
2023-10-12,15407.5,15315.0,15468.75,15216.25,747494,15315.0
2023-10-13,15324.0,15120.25,15366.75,15062.25,777005,15120.25
2023-10-16,15120.0,15289.5,15336.75,15083.0,641294,15289.5
2023-10-17,15305.75,15240.75,15309.25,15050.25,781599,15240.75
2023-10-18,15236.5,15025.25,15238.25,14979.25,853599,15025.25
2023-10-19,15045.0,14890.0,15138.25,14839.5,1019700,14890.0
2023-10-20,14850.0,14664.0,14887.5,14645.0,846675,14664.0
2023-10-23,14680.0,14712.0,14853.75,14514.25,765733,14712.0
2023-10-24,14744.0,14846.5,14948.75,14706.0,703058,14846.5
2023-10-25,14828.0,14478.25,14855.0,14444.0,820677,14478.25
2023-10-26,14425.0,14194.0,14459.0,14140.25,987597,14194.0
2023-10-27,14248.25,14265.25,14407.75,14209.75,782097,14265.25
2023-10-30,14336.0,14416.5,14476.5,14303.0,704860,14416.5
2023-10-31,14410.5,14490.25,14503.75,14311.25,712605,14490.25
2023-11-01,14460.0,14744.5,14762.0,14410.75,741817,14744.5
2023-11-02,14761.25,14998.0,15017.25,14760.0,652481,14998.0
2023-11-03,14928.0,15178.75,15228.5,14925.5,633835,15178.75
2023-11-06,15187.0,15232.5,15257.5,15138.0,496129,15232.5
2023-11-07,15215.0,15374.25,15412.25,15176.0,585124,15374.25
2023-11-08,15373.0,15386.5,15417.5,15286.75,547842,15386.5
2023-11-09,15356.25,15256.0,15453.75,15236.75,710427,15256.0
2023-11-10,15254.75,15596.25,15612.75,15207.25,679633,15596.25
2023-11-13,15586.25,15547.0,15601.25,15465.25,532937,15547.0
2023-11-14,15558.0,15879.75,15918.75,15552.0,656099,15879.75
2023-11-15,15895.0,15889.25,16049.5,15832.25,685072,15889.25
2023-11-16,15846.75,15897.5,15906.75,15796.75,634456,15897.5
2023-11-17,15897.75,15895.75,15940.0,15825.0,562424,15895.75
2023-11-20,15895.0,16086.5,16116.75,15837.25,559493,16086.5
2023-11-21,16087.5,15990.25,16122.5,15912.0,575452,15990.25
2023-11-22,15967.25,16049.25,16173.5,15942.75,624552,16049.25
2023-11-23,16036.75,16062.5,16086.5,16034.5,624552,16062.5
2023-11-24,16036.75,16021.0,16086.5,15981.75,296604,16021.0
2023-11-27,16008.0,16008.75,16089.25,15938.75,502555,16008.75
2023-11-28,16005.25,16048.0,16071.5,15945.25,598224,16048.0
2023-11-29,16055.5,16023.75,16208.5,16013.5,634326,16023.75
2023-11-30,16040.25,15985.5,16098.5,15856.0,694118,15985.5
2023-12-01,15955.0,16023.75,16050.0,15864.0,621710,16023.75
2023-12-04,16022.0,15869.0,16026.0,15721.25,721019,15869.0
2023-12-05,15863.25,15908.75,15961.0,15761.25,683586,15908.75
2023-12-06,15897.0,15815.25,16037.75,15802.0,675482,15815.25
2023-12-07,15814.5,16038.75,16066.0,15791.0,632326,16038.75
2023-12-08,16017.5,16098.25,16118.75,15888.25,588926,16098.25
2023-12-11,16093.0,16237.0,16248.0,16045.5,394184,16237.0
2023-12-12,16240.0,16362.75,16389.5,16185.25,253666,16362.75
2023-12-13,16383.0,16563.75,16593.0,16365.5,155141,16563.75
2023-12-14,16561.5,16541.5,16674.5,16418.75,131883,16541.5
2023-12-15,16532.5,16530.23046875,16612.5,16521.5,668578,16530.23046875
2023-12-18,16820.25,16939.75,16974.0,16802.25,463438,16939.75
2023-12-19,16917.0,17023.0,17029.5,16910.75,496518,17023.0
2023-12-20,17024.0,16766.25,17073.5,16758.5,654329,16766.25
2023-12-21,16790.25,16956.5,16970.25,16790.25,639818,16956.5
2023-12-22,16956.0,16980.0,17041.5,16891.5,486853,16980.0
2023-12-26,16964.5,17083.5,17111.25,16964.5,292090,17083.5
2023-12-27,17090.25,17113.25,17133.0,17055.5,424302,17113.25
2023-12-28,17127.0,17090.5,17165.25,17077.75,357702,17090.5
2023-12-29,17090.25,17023.5,17131.0,16938.25,470864,17023.5
2024-01-02,17019.0,16720.0,17038.5,16622.5,652714,16720.0
2024-01-03,16736.75,16538.0,16737.25,16522.0,677219,16538.0
2024-01-04,16545.25,16445.0,16587.25,16436.0,559464,16445.0
2024-01-05,16455.0,16460.25,16577.25,16334.25,627475,16460.25
2024-01-08,16470.0,16803.75,16811.25,16378.25,549900,16803.75
2024-01-09,16788.0,16830.25,16868.5,16657.75,605921,16830.25
2024-01-10,16829.5,16945.25,16983.0,16801.5,550703,16945.25
2024-01-11,16955.0,16966.25,17057.0,16753.0,756441,16966.25
2024-01-12,16957.75,16969.25,17042.5,16866.5,593445,16969.25
2024-01-16,16961.75,16966.5,17033.75,16811.75,816021,16966.5
2024-01-17,16978.0,16869.75,16982.0,16689.25,722784,16869.75
2024-01-18,16854.5,17110.0,17125.75,16834.25,852229,17110.0
2024-01-19,17116.0,17438.5,17471.25,17107.25,758132,17438.5
2024-01-22,17466.0,17458.5,17585.0,17434.0,637245,17458.5
2024-01-23,17461.0,17531.25,17558.25,17409.5,508078,17531.25
2024-01-24,17554.0,17621.0,17793.5,17552.25,721605,17621.0
2024-01-25,17614.75,17634.5,17752.0,17542.0,710822,17634.5
2024-01-26,17571.25,17527.0,17632.0,17466.0,631481,17527.0
2024-01-29,17502.0,17706.0,17716.25,17457.5,568739,17706.0
2024-01-30,17711.75,17588.5,17735.75,17467.0,554146,17588.5
2024-01-31,17415.5,17242.25,17484.0,17221.5,816119,17242.25
2024-02-01,17273.25,17436.75,17646.75,17262.75,705238,17436.75
2024-02-02,17588.0,17732.75,17775.5,17465.5,761167,17732.75
2024-02-05,17696.0,17700.0,17745.5,17554.25,621645,17700.0
2024-02-06,17698.5,17660.0,17769.0,17560.75,623168,17660.0
2024-02-07,17645.75,17841.75,17875.5,17629.75,613340,17841.75
2024-02-08,17856.25,17868.25,17896.5,17792.25,471370,17868.25
2024-02-09,17854.25,18039.25,18071.0,17852.25,499282,18039.25
2024-02-12,18040.0,17965.0,18121.5,17911.25,538132,17965.0
2024-02-13,17928.5,17676.75,17963.25,17542.0,858230,17676.75
2024-02-14,17703.0,17881.0,17887.0,17669.25,688088,17881.0
2024-02-15,17870.0,17912.75,17968.25,17780.5,657768,17912.75
2024-02-16,17952.0,17744.0,18026.0,17715.0,744628,17744.0
2024-02-20,17729.25,17607.25,17807.5,17452.5,889292,17607.25
2024-02-21,17573.0,17536.75,17723.0,17372.75,731450,17536.75
2024-02-22,17702.5,18047.5,18087.0,17676.0,759232,18047.5
2024-02-23,18023.25,17991.0,18144.75,17946.0,659725,17991.0
2024-02-26,17961.5,17977.0,18059.5,17922.0,526169,17977.0
2024-02-27,17951.0,18021.0,18040.25,17908.75,567818,18021.0
2024-02-28,18017.5,17915.25,18019.75,17846.25,553731,17915.25
2024-02-29,17870.0,18082.75,18109.5,17826.0,680147,18082.75
2024-03-01,18075.0,18338.25,18372.75,18029.5,639153,18338.25
2024-03-04,18336.0,18262.0,18377.75,18234.25,569342,18262.0
2024-03-05,18246.0,17930.25,18252.0,17832.5,803857,17930.25
2024-03-06,17981.0,18044.25,18174.25,17942.5,806131,18044.25
2024-03-07,18041.0,18316.25,18360.0,17915.75,758499,18316.25
2024-03-08,18279.0,18046.75,18436.5,18012.5,1048847,18046.75
2024-03-11,18056.0,17971.0,18068.25,17890.5,472517,17971.0
2024-03-12,18010.5,18227.75,18241.75,17930.0,281274,18227.75
2024-03-13,18218.0,18078.5,18256.5,18033.25,179714,18078.5
2024-03-14,18094.25,18024.5,18177.75,17915.5,110277,18024.5
2024-03-15,18006.0,17854.75,18074.75,17831.75,705711,17854.75
2024-03-18,18073.5,18231.5,18381.0,18062.25,656629,18231.5
2024-03-19,18222.0,18270.0,18289.25,18053.25,660394,18270.0
2024-03-20,18274.0,18479.75,18545.0,18227.5,618809,18479.75
2024-03-21,18539.75,18561.75,18709.0,18526.75,606959,18561.75
2024-03-22,18580.5,18574.75,18626.0,18492.0,511962,18574.75
2024-03-25,18567.0,18513.5,18601.25,18414.75,456250,18513.5
2024-03-26,18531.25,18449.0,18619.0,18439.25,516507,18449.0
2024-03-27,18477.5,18503.75,18571.75,18378.5,605634,18503.75
2024-03-28,18505.0,18475.0,18538.75,18447.5,515193,18475.0
2024-04-01,18503.0,18497.25,18612.0,18414.5,572133,18497.25
2024-04-02,18497.25,18330.0,18511.0,18201.5,618982,18330.0
2024-04-03,18345.0,18373.25,18451.75,18232.5,597987,18373.25
2024-04-04,18388.5,18076.75,18568.0,18055.25,777140,18076.75
2024-04-05,18086.25,18300.75,18408.25,18051.5,809193,18300.75
2024-04-08,18348.25,18295.0,18376.0,18237.5,524203,18295.0
2024-04-09,18314.75,18359.75,18407.25,18160.75,696069,18359.75
2024-04-10,18381.0,18196.75,18474.25,18053.5,880504,18196.75
2024-04-11,18184.0,18485.0,18518.75,18088.0,728802,18485.0
2024-04-12,18486.25,18179.25,18507.75,18120.25,787334,18179.25
2024-04-15,18151.0,17876.25,18350.75,17841.5,797316,17876.25
2024-04-16,17879.0,17881.25,17988.0,17792.0,766364,17881.25
2024-04-17,17897.0,17658.5,17968.5,17615.25,844749,17658.5
2024-04-18,17669.75,17547.25,17770.75,17506.25,756158,17547.25
2024-04-19,17530.75,17180.75,17553.25,17113.25,1023135,17180.75
2024-04-22,17228.25,17350.0,17448.0,17148.5,646130,17350.0
2024-04-23,17352.25,17606.75,17666.0,17286.25,601826,17606.75
2024-04-24,17682.0,17664.5,17795.5,17481.75,667402,17664.5
2024-04-25,17450.0,17567.5,17827.5,17308.25,820011,17567.5
2024-04-26,17808.25,17845.75,17901.5,17668.25,628227,17845.75
2024-04-29,17864.75,17904.25,17949.0,17791.25,528891,17904.25
2024-04-30,17918.5,17571.25,17920.25,17473.5,677704,17571.25
2024-05-01,17462.5,17438.25,17793.25,17399.25,791170,17438.25
2024-05-02,17487.0,17649.75,17755.25,17386.25,635300,17649.75
2024-05-03,17744.25,18000.75,18050.25,17719.5,556949,18000.75
2024-05-06,18047.5,18195.5,18201.25,17983.75,395489,18195.5
2024-05-07,18189.5,18199.5,18266.25,18151.0,469722,18199.5
2024-05-08,18194.0,18186.5,18242.25,18072.5,453714,18186.5
2024-05-09,18160.75,18214.5,18240.25,18103.75,471196,18214.5
2024-05-10,18226.0,18255.0,18348.0,18188.5,473881,18255.0
2024-05-13,18238.0,18295.5,18336.25,18228.75,411036,18295.5
2024-05-14,18282.0,18415.0,18433.0,18165.5,555369,18415.0
2024-05-15,18409.75,18691.75,18707.0,18393.0,605869,18691.75
2024-05-16,18693.25,18650.0,18760.75,18633.25,548582,18650.0
2024-05-17,18642.0,18635.25,18686.75,18545.0,489227,18635.25
2024-05-20,18633.5,18763.0,18794.5,18633.0,470381,18763.0
2024-05-21,18746.0,18799.25,18808.75,18678.0,426117,18799.25
2024-05-22,18798.25,18786.75,18891.0,18684.25,578439,18786.75
2024-05-23,18860.5,18696.25,19023.25,18621.5,851576,18696.25
2024-05-24,18684.0,18876.0,18926.0,18680.0,552083,18876.0
2024-05-28,18874.75,18940.5,18980.5,18819.5,642954,18940.5
2024-05-29,18949.5,18802.75,18949.75,18740.0,573938,18802.75
2024-05-30,18753.0,18606.5,18787.0,18546.25,619548,18606.5
2024-05-31,18590.75,18591.0,18668.25,18241.25,834003,18591.0
2024-06-03,18590.25,18646.25,18755.5,18435.75,669104,18646.25
2024-06-04,18662.5,18701.0,18753.25,18511.25,616703,18701.0
2024-06-05,18711.0,19074.25,19090.5,18696.25,575227,19074.25
2024-06-06,19089.5,19060.25,19124.5,19017.25,524900,19060.25
2024-06-07,19064.0,19037.75,19155.0,18940.0,612033,19037.75
2024-06-10,19025.0,19109.75,19129.75,18974.25,571666,19109.75
2024-06-11,19107.25,19242.25,19257.5,18994.5,564706,19242.25
2024-06-12,19248.0,19496.5,19612.25,19233.5,691079,19496.5
2024-06-13,19602.0,19602.5,19691.0,19500.0,584725,19602.5
2024-06-14,19602.75,19685.5,19699.5,19501.5,584288,19685.5
2024-06-17,19695.0,19921.25,20001.0,19640.5,423232,19921.25
2024-06-18,19918.5,19919.25,19996.5,19851.75,201834,19919.25
2024-06-20,19930.25,19763.25,20095.0,19694.25,157046,19763.25
2024-06-21,19781.25,19747.2890625,19819.25,19687.5,590839,19747.2890625
2024-06-24,20014.75,19750.75,20030.25,19728.0,683900,19750.75
2024-06-25,19756.0,19972.25,19981.25,19726.0,574518,19972.25
2024-06-26,19973.0,20012.5,20070.5,19901.0,590175,20012.5
2024-06-27,19946.0,20039.5,20116.75,19874.25,589649,20039.5
2024-06-28,20063.25,19927.25,20273.25,19906.25,750324,19927.25
2024-07-01,19970.0,20052.0,20074.0,19811.75,639341,20052.0
2024-07-02,20045.75,20255.25,20259.25,19910.0,621477,20255.25
2024-07-03,20241.0,20411.5,20435.25,20205.0,395129,20411.5
2024-07-05,20419.25,20620.75,20639.5,20361.0,600207,20620.75
2024-07-08,20591.5,20659.75,20688.0,20579.25,497107,20659.75
2024-07-09,20681.0,20678.5,20771.75,20615.75,569689,20678.5
2024-07-10,20686.0,20899.75,20916.75,20684.5,576694,20899.75
2024-07-11,20895.5,20441.75,20983.75,20377.25,906128,20441.75
2024-07-12,20432.75,20524.0,20741.0,20335.0,724343,20524.0
2024-07-15,20580.0,20583.75,20797.0,20506.25,703410,20583.75
2024-07-16,20628.0,20598.0,20684.5,20464.5,629745,20598.0
2024-07-17,20591.0,19997.5,20597.75,19965.75,854323,19997.5
2024-07-18,20024.25,19899.25,20162.5,19758.75,964287,19899.25
2024-07-19,19955.0,19713.0,19979.75,19654.0,774109,19713.0
2024-07-22,19749.0,20001.0,20044.75,19718.75,657854,20001.0
2024-07-23,19982.0,19925.0,20084.75,19868.25,601990,19925.0
2024-07-24,19883.0,19203.25,19883.0,19168.75,846812,19203.25
2024-07-25,19260.0,18992.25,19390.5,18883.25,992015,18992.25
2024-07-26,19003.0,19174.5,19297.75,18995.0,694702,19174.5
2024-07-29,19171.75,19209.25,19377.25,19113.25,600017,19209.25
2024-07-30,19217.0,18936.25,19319.75,18725.0,745002,18936.25
2024-07-31,18865.75,19505.25,19648.0,18861.75,762246,19505.25
2024-08-01,19593.25,19023.25,19717.0,18854.0,920616,19023.25
2024-08-02,18956.5,18556.25,18979.75,18385.75,842228,18556.25
2024-08-05,18390.0,18013.25,18390.0,17351.0,937137,18013.25
2024-08-06,18165.75,18179.0,18483.25,17966.0,697089,18179.0
2024-08-07,18033.0,17966.5,18558.5,17836.25,725244,17966.5
2024-08-08,17873.0,18525.25,18593.5,17741.75,663957,18525.25
2024-08-09,18550.25,18616.0,18674.5,18383.0,501761,18616.0
2024-08-12,18590.0,18639.5,18765.25,18515.0,469892,18639.5
2024-08-13,18648.25,19104.25,19122.5,18628.5,497670,19104.25
2024-08-14,19099.25,19115.0,19203.5,18925.5,553997,19115.0
2024-08-15,19142.5,19581.25,19603.25,19100.5,522322,19581.25
2024-08-16,19570.25,19605.75,19683.0,19447.5,458933,19605.75
2024-08-19,19629.0,19857.75,19871.75,19525.25,429305,19857.75
2024-08-20,19857.75,19809.5,19931.0,19743.0,485435,19809.5
2024-08-21,19803.0,19909.5,19981.75,19771.5,479077,19909.5
2024-08-22,19921.25,19578.25,20025.25,19542.0,630179,19578.25
2024-08-23,19621.5,19790.75,19904.25,19591.75,581201,19790.75
2024-08-26,19787.75,19591.25,19846.25,19505.5,473540,19591.25
2024-08-27,19558.75,19653.75,19694.25,19441.5,441146,19653.75
2024-08-28,19635.5,19415.75,19691.0,19227.25,537278,19415.75
2024-08-29,19217.0,19393.25,19693.5,19140.25,669705,19393.25
2024-08-30,19445.75,19623.0,19632.75,19370.5,495609,19623.0
2024-09-03,19599.0,19006.5,19683.0,18911.0,698442,19006.5
2024-09-04,18993.75,18962.5,19114.75,18825.75,582116,18962.5
2024-09-05,18965.75,18963.5,19150.5,18827.25,585125,18963.5
2024-09-06,18921.0,18458.25,18972.25,18339.75,726350,18458.25
2024-09-09,18400.0,18692.25,18734.5,18386.0,726350,18692.25
2024-09-10,18727.0,18864.0,18878.5,18582.25,536220,18864.0
2024-09-11,18837.75,19271.0,19293.5,18547.0,729344,19271.0
2024-09-12,19241.5,19447.25,19483.5,19185.0,581032,19447.25
2024-09-13,19419.5,19530.25,19577.25,19398.25,467948,19530.25
2024-09-16,19498.0,19433.0,19546.5,19299.25,339781,19433.0
2024-09-17,19426.5,19439.25,19615.5,19341.0,254059,19439.25
2024-09-18,19451.0,19349.25,19660.0,19331.0,138848,19349.25
2024-09-19,19420.5,19850.25,19966.25,19408.75,134917,19850.25
2024-09-20,19831.25,19808.009765625,19838.25,19746.5,479646,19808.009765625
2024-09-23,20040.0,20080.0,20164.0,19955.25,394947,20080.0
2024-09-24,20063.25,20167.75,20214.75,19953.0,457126,20167.75
2024-09-25,20183.75,20192.0,20271.0,20064.25,405050,20192.0
2024-09-26,20242.0,20346.25,20538.0,20188.0,509755,20346.25
2024-09-27,20345.0,20221.5,20395.75,20173.0,435634,20221.5
2024-09-30,20198.5,20261.25,20287.0,20056.0,510434,20261.25
2024-10-01,20234.25,19975.0,20331.75,19818.0,662776,19975.0
2024-10-02,19975.25,20009.75,20090.25,19833.5,475599,20009.75
2024-10-03,20055.5,19990.25,20113.75,19852.0,526765,19990.25
2024-10-04,19965.5,20227.25,20263.75,19941.5,560070,20227.25
2024-10-07,20220.0,19992.75,20267.25,19948.0,450371,19992.75
2024-10-08,20025.75,20298.5,20329.5,19902.5,444750,20298.5
2024-10-09,20294.25,20463.5,20482.75,20196.0,421249,20463.5
2024-10-10,20445.25,20429.75,20508.25,20301.5,450569,20429.75
2024-10-11,20435.0,20450.0,20494.25,20314.75,385312,20450.0
2024-10-14,20432.5,20619.25,20680.0,20383.25,395756,20619.25
2024-10-15,20638.75,20342.0,20659.25,20254.0,522391,20342.0
2024-10-16,20334.5,20349.5,20398.5,20206.25,417571,20349.5
2024-10-17,20328.0,20368.0,20594.75,20276.75,535486,20368.0
2024-10-18,20384.0,20483.5,20529.75,20320.75,385566,20483.5
2024-10-21,20496.25,20519.5,20554.5,20343.75,456078,20519.5
2024-10-22,20536.5,20542.0,20602.25,20360.25,476324,20542.0
2024-10-23,20521.0,20220.5,20542.5,20079.0,619162,20220.5
2024-10-24,20294.25,20380.25,20428.5,20261.75,462552,20380.25
2024-10-25,20388.5,20498.75,20707.25,20364.0,585929,20498.75
2024-10-28,20525.5,20497.0,20676.5,20486.0,430120,20497.0
2024-10-29,20513.0,20696.5,20760.25,20432.25,498020,20696.5
2024-10-30,20734.0,20534.75,20788.5,20472.5,519409,20534.75
2024-10-31,20482.0,20021.75,20495.75,20008.5,686677,20021.75
2024-11-01,20071.0,20153.25,20288.0,20017.0,554025,20153.25
2024-11-04,20138.0,20086.0,20248.5,20013.0,520521,20086.0
2024-11-05,20130.75,20341.75,20385.5,20041.75,450115,20341.75
2024-11-06,20360.5,20894.0,20935.25,20323.5,632408,20894.0
2024-11-07,20923.5,21224.75,21253.0,20861.5,462805,21224.75
2024-11-08,21224.25,21231.25,21265.0,21121.75,401943,21231.25
2024-11-11,21249.75,21217.75,21340.75,21098.25,456006,21217.75
2024-11-12,21221.0,21189.5,21251.75,21054.75,511372,21189.5
2024-11-13,21178.0,21159.5,21268.5,21056.5,533739,21159.5
2024-11-14,21167.0,21011.75,21190.25,20950.5,561950,21011.75
2024-11-15,20977.5,20493.75,20981.5,20405.25,691851,20493.75
2024-11-18,20504.0,20633.5,20724.25,20476.0,525474,20633.5
2024-11-19,20633.25,20767.75,20792.5,20382.5,553617,20767.75
2024-11-20,20762.25,20749.0,20843.25,20477.0,619493,20749.0
2024-11-21,20738.0,20829.5,20905.75,20514.25,698342,20829.5
2024-11-22,20794.0,20849.75,20880.0,20693.25,541554,20849.75
2024-11-25,20935.0,20880.25,21081.0,20780.25,544568,20880.25
2024-11-26,20906.25,20993.5,21024.75,20755.0,505254,20993.5
2024-11-27,20990.75,20813.0,21019.0,20675.0,520026,20813.0
2024-11-29,20813.0,20993.5,21017.5,20805.5,339955,20993.5
2024-12-02,20995.25,21218.0,21259.75,20940.0,475464,21218.0
2024-12-03,21220.0,21281.5,21329.0,21134.25,444143,21281.5
2024-12-04,21323.0,21536.5,21548.5,21305.75,461922,21536.5
2024-12-05,21513.25,21473.25,21567.25,21437.5,421035,21473.25
2024-12-06,21450.0,21656.75,21669.25,21424.75,459878,21656.75
2024-12-09,21649.0,21483.75,21706.25,21436.0,517123,21483.75
2024-12-10,21479.25,21405.25,21606.75,21352.75,544406,21405.25
2024-12-11,21436.0,21793.5,21820.0,21405.75,547213,21793.5
2024-12-12,21756.75,21651.25,21772.5,21604.25,510307,21651.25
2024-12-13,21720.75,21795.75,21908.0,21666.5,639403,21795.75
2024-12-16,21780.25,22110.25,22152.5,21762.0,482433,22110.25
2024-12-17,22115.0,22014.75,22124.5,21942.25,277298,22014.75
2024-12-18,22010.0,21218.75,22083.75,21034.25,209588,21218.75
2024-12-19,21218.5,21112.75,21424.25,21080.0,124728,21112.75
2024-12-20,21151.5,20947.98046875,21151.5,20745.0,864714,20947.98046875
2024-12-23,21566.0,21753.25,21776.75,21476.75,508598,21753.25
2024-12-24,21743.25,22028.5,22049.75,21709.0,261201,22028.5
2024-12-26,22049.5,22008.0,22111.25,21870.25,407116,22008.0
2024-12-27,21990.75,21698.5,22008.0,21498.75,572604,21698.5
2024-12-30,21711.0,21416.25,21742.75,21253.0,530975,21416.25
2024-12-31,21390.25,21226.5,21524.75,21182.0,477280,21226.5
2025-01-02,21269.0,21167.5,21490.5,20983.75,664742,21167.5
2025-01-03,21186.75,21516.5,21559.25,21144.0,488243,21516.5
2025-01-06,21532.25,21744.5,21896.75,21478.25,574300,21744.5
2025-01-07,21781.25,21359.75,21806.0,21279.5,645144,21359.75
2025-01-08,21380.75,21360.75,21448.25,21166.25,637114,21360.75
2025-01-09,21334.75,21301.5,21347.25,21218.0,77170,21301.5
2025-01-10,21302.75,21016.0,21372.5,20874.75,703964,21016.0
2025-01-13,21027.5,20947.25,21037.0,20694.0,617059,20947.25
2025-01-14,21020.0,20919.5,21143.75,20773.5,676188,20919.5
2025-01-15,20977.0,21400.25,21452.75,20909.0,551806,21400.25
2025-01-16,21389.0,21249.75,21567.25,21172.25,598631,21249.75
2025-01-17,21227.5,21594.75,21682.5,21209.25,594110,21594.75
2025-01-21,21600.0,21709.5,21783.5,21377.75,662316,21709.5
2025-01-22,21809.25,22000.5,22093.5,21768.25,508606,22000.5
2025-01-23,21981.75,22038.25,22050.5,21855.5,476286,22038.25
2025-01-24,22018.5,21911.25,22078.25,21844.0,522901,21911.25
2025-01-27,21771.0,21258.5,21771.0,20763.75,1056136,21258.5
2025-01-28,21343.25,21581.75,21626.0,21159.5,663336,21581.75
2025-01-29,21559.0,21523.25,21697.0,21367.0,629631,21523.25
2025-01-30,21547.75,21624.75,21748.75,21419.5,618073,21624.75
2025-01-31,21680.0,21589.25,21966.0,21533.75,655811,21589.25
2025-02-03,21200.0,21405.0,21579.75,20943.0,728140,21405.0
2025-02-04,21592.0,21670.25,21694.0,21242.5,497143,21670.25
2025-02-05,21562.0,21763.0,21795.0,21429.75,497655,21763.0
2025-02-06,21764.5,21871.75,21882.25,21705.75,438729,21871.75
2025-02-07,21817.75,21590.75,21968.0,21552.75,598869,21590.75
2025-02-10,21463.25,21846.5,21894.0,21418.0,391625,21846.5
2025-02-11,21832.0,21786.75,21871.5,21669.5,423200,21786.75
2025-02-12,21794.25,21804.75,21862.5,21510.75,545408,21804.75
2025-02-13,21861.25,22113.25,22124.0,21753.0,536739,22113.25
2025-02-14,22071.0,22196.25,22225.0,22042.5,433212,22196.25
2025-02-18,22235.75,22232.25,22319.75,22102.75,567203,22232.25
2025-02-19,22224.5,22250.5,22299.75,22118.0,496442,22250.5
2025-02-20,22213.0,22141.75,22235.5,21951.0,563585,22141.75
2025-02-21,22136.0,21679.25,22245.5,21652.75,708349,21679.25
2025-02-24,21700.75,21420.25,21813.0,21407.5,670634,21420.25
2025-02-25,21442.5,21149.0,21453.75,20990.0,805678,21149.0
2025-02-26,21230.5,21187.0,21409.25,21055.0,646236,21187.0
2025-02-27,21249.0,20605.75,21386.5,20583.25,854180,20605.75
2025-02-28,20649.5,20919.5,20944.25,20460.5,845890,20919.5
2025-03-03,21005.25,20468.25,21121.0,20316.75,833041,20468.25
2025-03-04,20527.0,20399.0,20732.5,20075.25,958071,20399.0
2025-03-05,20555.0,20665.0,20725.0,20215.0,783638,20665.0
2025-03-06,20605.25,20089.25,20647.5,20003.0,763150,20089.25
2025-03-07,20214.5,20229.75,20286.25,19765.5,763257,20229.75
2025-03-10,20147.0,19452.75,20156.5,19272.25,798366,19452.75
2025-03-11,19440.0,19399.0,19686.75,19139.25,857876,19399.0
2025-03-12,19412.75,19618.5,19788.75,19387.0,702688,19618.5
2025-03-13,19572.0,19249.0,19694.0,19170.0,761160,19249.0
2025-03-14,19312.75,19712.0,19742.5,19296.75,742663,19712.0
2025-03-17,19668.25,19831.75,19959.25,19550.5,584953,19831.75
2025-03-18,19821.0,19496.75,19858.0,19397.75,360195,19496.75
2025-03-19,19496.75,19746.75,19935.0,19455.5,210518,19746.75
2025-03-20,19746.75,19678.5,19898.75,19530.25,116159,19678.5
2025-03-21,19690.75,19450.810546875,19728.75,19408.0,605235,19450.810546875
2025-03-24,20050.5,20374.25,20409.5,20050.5,555043,20374.25
2025-03-25,20353.0,20488.5,20524.75,20293.0,470886,20488.5
2025-03-26,20511.5,20116.5,20536.75,20045.0,620685,20116.5
2025-03-27,20046.0,19990.25,20199.5,19937.25,634738,19990.25
2025-03-28,19995.25,19457.0,20011.75,19357.5,696397,19457.0
2025-03-31,19319.75,19439.5,19489.75,18976.75,842547,19439.5
2025-04-01,19411.25,19604.5,19644.0,19261.25,790964,19604.5
2025-04-02,19600.5,19758.0,20044.25,19076.75,835319,19758.0
2025-04-03,19020.0,18675.5,19177.0,18614.0,893793,18675.5
2025-04-04,18660.0,17539.0,18713.0,17387.5,1199851,17539.0
2025-04-07,17100.0,17563.25,18361.5,16460.0,1140389,17563.25
2025-04-08,17665.0,17243.75,18357.25,16973.5,956641,17243.75
2025-04-09,17220.25,19288.75,19386.75,16735.0,1086917,19288.75
2025-04-10,19266.75,18484.5,19383.5,17919.0,975104,18484.5
2025-04-11,18464.75,18807.5,18873.5,18067.0,667630,18807.5
2025-04-14,19225.0,18934.75,19256.0,18737.5,570510,18934.75
2025-04-15,18902.5,18960.25,19144.75,18809.0,525790,18960.25
2025-04-16,18790.0,18385.25,18861.25,18116.25,683175,18385.25
2025-04-17,18391.25,18380.75,18652.75,18261.5,629368,18380.75
2025-04-21,18306.25,17922.25,18383.5,17700.0,484750,17922.25
2025-04-22,17914.0,18385.0,18514.0,17863.75,619146,18385.0
2025-04-23,18646.0,18804.0,19165.5,18623.75,733977,18804.0
2025-04-24,18826.5,19322.0,19418.0,18594.75,599457,19322.0
2025-04-25,19405.0,19535.25,19589.0,19216.25,587589,19535.25
2025-04-28,19524.5,19528.0,19623.0,19257.25,514474,19528.0
2025-04-29,19478.25,19642.0,19688.5,19378.0,565539,19642.0
2025-04-30,19599.75,19658.5,19880.0,19103.75,713642,19658.5
2025-05-01,19834.0,19870.75,20125.75,19757.25,588901,19870.75
2025-05-02,19782.5,20195.25,20276.75,19749.5,517806,20195.25
2025-05-05,20181.5,20055.5,20201.75,19966.0,418875,20055.5
2025-05-06,20014.25,19876.5,20036.75,19739.0,514526,19876.5
2025-05-07,19809.0,19961.0,20133.75,19678.75,597360,19961.0
2025-05-08,19934.5,20148.0,20337.25,19910.75,567597,20148.0
2025-05-09,20157.0,20136.75,20288.75,20058.0,453686,20136.75
2025-05-12,20398.5,20948.75,20996.0,20376.75,638564,20948.75
2025-05-13,20954.75,21278.0,21346.5,20818.0,526706,21278.0
2025-05-14,21250.0,21392.5,21419.5,21238.25,513593,21392.5
2025-05-15,21379.75,21400.25,21529.75,21192.0,542990,21400.25
2025-05-16,21396.0,21506.0,21512.0,21320.25,419242,21506.0
2025-05-19,21310.75,21527.0,21544.5,21112.5,520282,21527.0
2025-05-20,21513.0,21447.25,21562.25,21298.0,437865,21447.25
2025-05-21,21414.75,21156.75,21558.5,21072.75,605668,21156.75
2025-05-22,21145.0,21178.25,21337.5,21040.0,512634,21178.25
2025-05-23,21223.75,20975.0,21236.0,20727.0,528055,20975.0
2025-05-27,20978.0,21460.5,21488.5,20954.25,531358,21460.5
2025-05-28,21480.0,21379.75,21567.5,21321.25,421653,21379.75
2025-05-29,21513.0,21408.5,21858.75,21301.0,563888,21408.5
2025-05-30,21371.25,21376.75,21433.5,21071.5,551092,21376.75
2025-06-02,21303.75,21534.5,21576.25,21163.0,434593,21534.5
2025-06-03,21555.0,21706.0,21759.75,21399.25,427859,21706.0
2025-06-04,21688.25,21766.5,21803.0,21641.0,403012,21766.5
2025-06-05,21744.75,21582.25,21935.0,21503.5,0,21582.25
2025-06-06,21471.0,21789.5,21873.5,21471.0,466591,21789.5
2025-06-09,21799.25,21821.5,21890.75,21716.0,354827,21821.5
2025-06-10,21824.0,21962.5,21992.25,21732.0,439539,21962.5
2025-06-11,21945.75,21887.5,22106.0,21790.75,523556,21887.5
2025-06-12,21871.0,21932.5,21977.25,21713.25,397839,21932.5
2025-06-13,21909.0,21644.25,21915.75,21471.0,556189,21644.25
2025-06-16,21554.0,21941.5,21999.5,21501.75,336301,21941.5
2025-06-17,21950.0,21730.5,21952.0,21685.0,173026,21730.5
2025-06-18,21705.0,21720.25,21872.5,21640.5,0,21720.25
2025-06-20,21731.0,21889.890625,21896.5,21435.5,649884,21889.890625
2025-06-23,21648.25,22073.5,22093.0,21566.75,549766,22073.5
2025-06-24,22079.0,22412.75,22448.25,22065.75,447975,22412.75
2025-06-25,22412.0,22461.0,22548.25,22384.5,397611,22461.0
2025-06-26,22461.25,22669.25,22694.0,22437.75,422397,22669.25
2025-06-27,22676.25,22751.5,22825.5,22600.0,487835,22751.5
2025-06-30,22751.5,22893.25,22934.75,22751.5,434250,22893.25
2025-07-01,22867.5,22692.75,22914.75,22594.5,495079,22692.75
2025-07-02,22694.5,22843.0,22858.75,22582.0,408882,22843.0
2025-07-03,22845.0,23062.5,23102.5,22827.0,0,23062.5
2025-07-04,23059.25,22906.75,23062.5,22882.0,0,22906.75
2025-07-07,22970.0,22884.75,23028.5,22779.75,537930,22884.75
2025-07-08,22837.75,22896.75,22972.75,22808.5,420913,22896.75
2025-07-09,22906.5,23052.75,23112.0,22843.5,450523,23052.75
2025-07-10,23041.0,23013.25,23090.0,22901.25,391782,23013.25
2025-07-11,23011.75,22959.0,23048.75,22831.5,461057,22959.0
2025-07-14,22860.75,23035.5,23066.5,22803.0,414465,23035.5
2025-07-15,23034.25,23056.75,23222.75,22996.0,524056,23056.75
2025-07-16,23018.75,23076.5,23100.0,22835.5,548602,23076.5
2025-07-17,23065.5,23251.0,23279.75,23017.0,445290,23251.0
2025-07-18,23261.25,23224.25,23320.75,23169.5,450704,23224.25
2025-07-21,23232.5,23342.0,23424.75,23203.75,398833,23342.0
2025-07-22,23339.5,23226.25,23367.0,23108.0,537829,23226.25
2025-07-23,23191.25,23310.75,23418.0,23146.75,512963,23310.75
2025-07-24,23402.25,23377.5,23424.5,23298.25,435559,23377.5
2025-07-25,23391.5,23421.25,23476.0,23330.75,395469,23421.25
2025-07-28,23520.0,23491.25,23585.25,23436.75,424393,23491.25
2025-07-29,23504.25,23452.0,23652.5,23421.25,538169,23452.0
2025-07-30,23452.0,23480.5,23689.0,23356.5,538732,23480.5
2025-07-31,23705.0,23365.0,23845.0,23290.5,739642,23365.0
2025-08-01,23308.5,22883.75,23347.5,22775.0,803558,22883.75
2025-08-04,22850.0,23296.5,23352.5,22821.75,472671,23296.5
2025-08-05,23354.0,23132.0,23404.25,23084.5,542676,23132.0
2025-08-06,23091.75,23422.75,23445.25,23045.5,527514,23422.75
2025-08-07,23418.5,23496.25,23671.0,23329.0,561716,23496.25
2025-08-08,23518.25,23713.75,23767.75,23503.0,454190,23713.75
2025-08-11,23764.0,23637.5,23804.5,23587.5,443981,23637.5
2025-08-12,23635.0,23938.0,23953.5,23596.0,488577,23938.0
2025-08-13,23945.0,23946.5,24068.5,23886.0,453506,23946.5
2025-08-14,23927.75,23930.5,24007.75,23793.25,492051,23930.5
2025-08-15,23888.75,23804.0,23963.0,23734.5,441888,23804.0
2025-08-18,23795.0,23797.75,23881.75,23719.0,399622,23797.75
2025-08-19,23800.75,23469.5,23838.0,23426.0,557582,23469.5
2025-08-20,23461.0,23324.0,23485.5,23035.0,713574,23324.0
2025-08-21,23323.0,23219.75,23369.25,23119.0,525924,23219.75
2025-08-22,23225.25,23569.75,23650.0,23076.75,490867,23569.75
2025-08-25,23602.0,23498.25,23616.25,23443.25,399485,23498.25
2025-08-26,23505.75,23591.5,23611.0,23371.5,443746,23591.5
2025-08-27,23604.0,23628.75,23689.0,23434.75,436560,23628.75
2025-08-28,23542.25,23769.0,23803.75,23487.5,486265,23769.0
2025-08-29,23760.5,23461.75,23762.0,23397.5,0,23461.75
2025-09-02,23479.0,23275.0,23552.5,23025.25,744115,23275.0
2025-09-03,23382.0,23448.75,23525.25,23298.25,563651,23448.75
2025-09-04,23456.75,23668.0,23708.75,23410.0,484986,23668.0
2025-09-05,23700.0,23684.0,23902.0,23505.0,674088,23684.0
2025-09-08,23673.5,23799.75,23888.0,23650.25,457632,23799.75
2025-09-09,23799.0,23874.0,23921.25,23726.0,473187,23874.0
2025-09-10,23898.5,23877.75,24044.25,23785.0,521709,23877.75
2025-09-11,23853.75,24017.75,24046.0,23838.0,445071,24017.75
2025-09-12,24028.25,24113.25,24159.0,23969.0,425565,24113.25
2025-09-15,24115.25,24309.25,24315.5,24076.0,366064,24309.25
2025-09-16,24290.0,24284.0,24403.5,24258.25,211077,24284.0
2025-09-17,24290.0,24222.5,24312.5,24003.75,171533,24222.5
2025-09-18,24250.25,24460.25,24569.5,24248.5,106669,24460.25
2025-09-19,24468.25,24568.0703125,24575.0,24412.5,505600,24568.0703125
2025-09-22,24850.0,25003.0,25027.25,24748.75,481197,25003.0
2025-09-23,24995.0,24827.25,25026.0,24780.5,564182,24827.25
2025-09-24,24839.5,24739.25,24913.5,24627.0,530441,24739.25
2025-09-25,24746.0,24629.25,24793.5,24422.5,710112,24629.25
2025-09-26,24642.5,24726.75,24747.5,24520.0,548790,24726.75
2025-09-29,24726.5,24837.75,24975.5,24721.75,508361,24837.75
2025-09-30,24817.75,24901.75,24913.75,24722.25,513254,24901.75
2025-10-01,24843.0,25017.5,25036.75,24633.25,474674,25017.5
2025-10-02,25009.25,25110.0,25180.0,24993.75,460294,25110.0
2025-10-03,25101.5,24992.0,25196.5,24923.25,490721,24992.0
2025-10-06,25000.0,25184.75,25252.75,24995.0,414908,25184.75
2025-10-07,25184.5,25039.25,25275.0,24984.75,539431,25039.25
2025-10-08,25059.75,25331.0,25364.75,25026.25,451309,25331.0
2025-10-09,25351.5,25289.25,25394.0,25160.75,500933,25289.25
2025-10-10,25287.75,24397.0,25388.0,24158.5,934374,24397.0
2025-10-13,24542.0,24922.25,24965.0,24542.0,934374,24922.25
2025-10-14,24913.75,24762.5,25044.25,24421.0,729059,24762.5
2025-10-15,24754.0,24924.5,25115.0,24663.25,637036,24924.5
2025-10-16,24937.0,24831.25,25179.5,24643.5,738759,24831.25
2025-10-17,24793.75,24986.5,25055.75,24410.0,743681,24986.5
2025-10-20,25065.75,25305.25,25354.5,24955.75,437206,25305.25
2025-10-21,25326.75,25294.75,25368.0,25203.25,441490,25294.75
2025-10-22,25283.75,25039.25,25338.25,24804.75,695128,25039.25
2025-10-23,25012.25,25254.0,25296.0,24937.0,527352,25254.0
2025-10-24,25283.25,25509.25,25570.75,25276.0,467727,25509.25
2025-10-27,25723.5,25963.75,26013.5,25700.0,435230,25963.75
2025-10-28,26002.5,26163.5,26231.5,25943.0,452121,26163.5
2025-10-29,26179.75,26262.5,26379.75,26049.25,557797,26262.5
2025-10-30,26154.5,25882.75,26399.0,25853.0,665782,25882.75
2025-10-31,26150.5,26004.0,26274.0,25888.75,597984,26004.0
2025-11-03,26028.25,26103.25,26266.0,26012.75,0,26103.25
2025-11-04,26104.5,25575.25,26104.5,25522.75,669483,25575.25
2025-11-05,25545.0,25746.25,25880.0,25282.0,618171,25746.25
2025-11-06,25738.5,25244.25,25822.25,25197.75,754444,25244.25
2025-11-07,25314.75,25166.25,25354.75,24709.25,765092,25166.25
2025-11-10,25320.75,25714.5,25760.5,25269.0,626203,25714.5
2025-11-11,25722.25,25640.75,25768.75,25478.5,537967,25640.75
2025-11-12,25668.0,25623.75,25830.0,25488.75,606259,25623.75
2025-11-13,25624.0,25094.75,25721.5,25002.5,775125,25094.75
2025-11-14,25095.25,25094.0,25293.25,24626.0,862322,25094.0
2025-11-17,25142.25,24879.0,25361.25,24731.75,738978,24879.0
2025-11-18,24905.5,24595.75,24959.5,24376.25,871074,24595.75
2025-11-19,24551.0,24721.75,24988.0,24445.0,770449,24721.75
2025-11-20,24966.75,24131.5,25310.0,24073.25,995836,24131.5
2025-11-21,24110.0,24305.5,24596.25,23904.5,918728,24305.5
2025-11-24,24455.75,24948.25,24993.5,24361.75,604148,24948.25
2025-11-25,24966.25,25085.5,25135.25,24602.0,629575,25085.5
2025-11-26,25071.25,25302.25,25376.0,25061.25,522196,25302.25
2025-11-28,25313.0,25482.0,25499.75,25285.75,199445,25482.0
2025-12-01,25482.5,25391.25,25546.0,25193.25,574734,25391.25
2025-12-02,25411.5,25606.0,25670.0,25324.75,561951,25606.0
2025-12-03,25611.0,25657.5,25685.25,25421.5,494194,25657.5
2025-12-04,25650.25,25622.75,25732.5,25488.75,509526,25622.75
2025-12-05,25629.75,25732.0,25868.0,25579.75,498264,25732.0
2025-12-08,25750.0,25664.0,25860.75,25564.75,473150,25664.0
2025-12-09,25713.0,25699.75,25735.75,25560.0,407387,25699.75
2025-12-10,25680.0,25798.0,25870.75,25528.75,556710,25798.0
2025-12-11,25769.5,25713.5,25861.5,25383.0,637723,25713.5
2025-12-12,25701.0,25213.5,25733.25,25118.0,760749,25213.5
2025-12-15,25223.5,25093.25,25410.0,25033.25,448073,25093.25
2025-12-16,25101.25,25139.0,25202.5,24828.0,247876,25139.0
2025-12-17,25091.75,24668.75,25266.0,24654.5,139991,24668.75
2025-12-18,24744.0,25028.25,25178.0,24675.5,111598,25028.25
2025-12-19,25002.5,25132.7890625,25160.0,24977.5,502611,25132.7890625
2025-12-22,25635.25,25692.25,25794.75,25628.0,367322,25692.25
2025-12-23,25701.0,25812.25,25822.5,25608.25,336346,25812.25
2025-12-24,25815.75,25880.5,25892.0,25777.5,163037,25880.5
2025-12-26,25868.0,25863.25,25935.25,25834.25,240485,25863.25
2025-12-29,25863.25,25739.75,25893.75,25648.0,347055,25739.75
2025-12-30,25740.0,25675.25,25793.75,25668.25,300558,25675.25
2025-12-31,25683.25,25456.75,25716.75,25429.0,329352,25456.75
2026-01-02,25478.5,25385.25,25803.75,25265.25,554838,25385.25
2026-01-05,25431.75,25577.75,25708.0,25406.5,461305,25577.75
2026-01-06,25583.0,25822.0,25837.75,25527.5,445573,25822.0
2026-01-07,25831.25,25838.75,25996.25,25727.0,477861,25838.75
2026-01-08,25838.75,25687.5,25849.75,25569.0,510805,25687.5
2026-01-09,25725.0,25938.25,25985.5,25615.5,509669,25938.25
2026-01-12,25949.0,25956.75,26020.5,25632.75,452996,25956.75
2026-01-13,25953.5,25906.0,26045.5,25803.25,560438,25906.0
2026-01-14,25900.75,25631.0,25925.75,25420.75,647871,25631.0
2026-01-15,25593.0,25705.75,25952.75,25562.5,591058,25705.75
2026-01-16,25720.5,25689.0,25891.0,25591.5,490573,25689.0
2026-01-20,25471.0,25129.25,25472.0,25095.25,864568,25129.25
2026-01-21,25149.5,25471.0,25653.5,25025.0,810753,25471.0
2026-01-22,25529.5,25658.25,25739.75,25483.75,533607,25658.25
2026-01-23,25605.0,25738.25,25845.75,25540.25,504901,25738.25
2026-01-26,25585.5,25848.5,25936.5,25365.25,450290,25848.5
2026-01-27,25861.25,26073.0,26118.0,25838.5,429460,26073.0
2026-01-28,26111.25,26156.25,26349.0,25993.25,511937,26156.25
2026-01-29,26282.5,25999.25,26296.0,25536.0,699097,25999.25
2026-01-30,25998.5,25670.0,26020.0,25568.75,712197,25670.0
2026-02-02,25530.0,25850.0,25949.5,25180.25,578865,25850.0
2026-02-03,25876.5,25452.0,26027.75,25219.0,696150,25452.0
2026-02-04,25387.5,24999.25,25514.25,24783.5,742646,24999.25
2026-02-05,25061.75,24651.0,25169.0,24407.25,774469,24651.0
2026-02-06,24416.0,25163.25,25222.0,24239.75,653956,25163.25
2026-02-09,25153.75,25354.0,25428.75,24955.5,492306,25354.0
2026-02-10,25363.0,25218.25,25447.25,25198.25,477554,25218.25
2026-02-11,25259.0,25288.5,25465.25,25058.25,531730,25288.5
2026-02-12,25289.0,24768.0,25419.75,24721.5,668338,24768.0
2026-02-13,24842.25,24803.25,24995.5,24578.75,688226,24803.25
2026-02-17,24789.75,24767.75,24922.25,24449.25,752646,24767.75
2026-02-18,24773.75,24956.0,25128.25,24700.75,540796,24956.0
2026-02-19,24943.5,24858.75,25054.0,24749.0,515038,24858.75
2026-02-20,24837.75,25067.5,25139.5,24678.5,615358,25067.5
2026-02-23,25033.75,24762.75,25059.75,24668.0,594568,24762.75
2026-02-24,24788.0,25028.75,25078.75,24694.5,520239,25028.75
2026-02-25,25016.25,25382.0,25494.75,24992.0,417621,25382.0
2026-02-26,25388.25,25081.0,25418.25,24861.75,605581,25081.0
2026-02-27,25024.25,25004.75,25098.75,24782.0,561211,25004.75
2026-03-02,24682.5,25025.25,25101.0,24477.0,627650,25025.25
2026-03-03,25002.75,24755.75,25011.0,24352.0,719421,24755.75
2026-03-04,24710.75,25128.25,25217.75,24499.0,603596,25128.25
2026-03-05,25156.5,25049.5,25250.0,24772.5,683962,25049.5
2026-03-06,25019.75,24670.25,25141.5,24601.0,645082,24670.25
2026-03-09,24435.25,24991.0,25058.0,24000.0,708630,24991.0
2026-03-10,24981.5,24982.5,25217.5,24830.0,564644,24982.5
2026-03-11,25010.25,24983.5,25180.0,24873.5,476593,24983.5
2026-03-12,24934.5,24560.0,24949.25,24517.75,565145,24560.0
2026-03-13,24567.0,24394.25,24805.25,24333.75,609146,24394.25
2026-03-16,24285.0,24675.75,24816.25,24278.0,413547,24675.75
2026-03-17,24668.75,24795.5,24896.0,24517.0,204810,24795.5
2026-03-18,24796.0,24434.5,24989.0,24350.0,126918,24434.5
2026-03-19,24399.75,24364.0,24505.25,24115.0,69553,24364.0
2026-03-20,24417.25,24291.779296875,24444.0,24108.75,611673,24291.779296875
2026-03-23,23902.0,24408.25,24763.0,23772.5,683625,24408.25
2026-03-24,24417.25,24213.75,24550.0,24134.0,544209,24213.75
2026-03-25,24420.0,24367.75,24539.75,24286.5,525449,24367.75
2026-03-26,24373.5,23794.25,24421.25,23763.25,557306,23794.25
2026-03-27,23824.0,23328.5,23976.0,23232.5,559271,23328.5
2026-03-30,23189.5,23139.75,23574.0,23024.5,559453,23139.75
2026-03-31,23119.5,23915.0,23975.25,22961.5,755160,23915.0
2026-04-01,23889.0,24194.75,24348.25,23880.0,579693,24194.75
2026-04-02,24180.0,24218.0,24266.75,23666.0,576893,24218.0
2026-04-06,24093.5,24358.5,24452.25,23981.5,444473,24358.5
2026-04-07,24348.75,24371.0,24451.5,23941.5,575961,24371.0
2026-04-08,24514.0,25074.25,25257.0,24355.0,644388,25074.25
2026-04-09,25037.75,25251.5,25269.75,24953.0,514186,25251.5
2026-04-10,25237.0,25281.25,25393.0,25193.0,430719,25281.25
2026-04-13,24980.0,25543.5,25599.25,24904.5,507117,25543.5
2026-04-14,25575.25,25996.75,26003.25,25560.0,477724,25996.75
2026-04-15,25985.75,26365.5,26377.5,25933.75,521771,26365.5
2026-04-16,26350.0,26487.25,26564.0,26275.5,590117,26487.25
2026-04-17,26460.0,26825.5,26884.75,26440.0,599136,26825.5
2026-04-20,26599.75,26748.75,26827.75,26535.0,502901,26748.75
2026-04-21,26776.75,26634.75,26901.75,26551.75,610696,26634.75
2026-04-22,26729.5,27083.0,27136.0,26727.75,512026,27083.0
2026-04-23,27075.0,26934.0,27155.75,26681.75,644095,26934.0
2026-04-24,26992.0,27435.0,27462.5,26992.0,545525,27435.0
2026-04-27,27403.25,27440.5,27542.5,27298.5,444514,27440.5
2026-04-28,27423.0,27168.75,27512.0,27009.5,603738,27168.75
2026-04-29,27197.25,27325.25,27414.0,27094.0,516846,27325.25
2026-04-30,27207.0,27596.0,27622.75,27163.25,701348,27596.0
2026-05-01,27631.75,27835.75,27917.0,27536.25,509821,27835.75
2026-05-04,27890.0,27776.0,27965.75,27613.0,576727,27776.0
2026-05-05,27760.0,28136.0,28247.0,27731.75,458058,28136.0
2026-05-06,28250.0,28716.75,28800.0,28243.0,637911,28716.75
2026-05-07,28662.75,28682.25,28944.75,28552.0,657049,28682.25
2026-05-08,28582.0,29332.5,29386.75,28541.0,543817,29332.5
2026-05-11,29294.0,29424.0,29480.0,29225.75,558723,29424.0
2026-05-12,29399.0,29170.0,29455.75,28742.0,719824,29170.0
2026-05-13,29143.75,29479.25,29565.5,29055.5,570739,29479.25
2026-05-14,29537.0,29687.75,29782.0,29448.25,611771,29687.75
2026-05-15,29690.0,29231.75,29734.0,29089.75,750779,29231.75
2026-05-18,29135.0,29096.0,29419.75,28814.75,854443,29096.0
2026-05-19,29100.0,28924.25,29188.5,28663.0,717466,28924.25
2026-05-20,28929.75,29390.5,29397.5,28797.25,606377,29390.5
2026-05-21,29253.0,29447.25,29554.0,29113.0,612220,29447.25
2026-05-22,29444.0,29558.75,29749.0,29436.0,495134,29558.75
2026-05-26,29676.25,30073.5,30118.75,29676.25,668516,30073.5
2026-05-27,30050.0,30047.25,30379.0,29877.5,637375,30047.25
2026-05-28,30120.0,30307.0,30344.5,29763.0,564551,30307.0
2026-05-29,30328.0,30405.25,30536.0,30216.5,578992,30405.25
2026-06-01,30415.5,30566.25,30693.0,30291.5,568793,30566.25
2026-06-02,30544.75,30712.75,30763.25,30317.75,525212,30712.75
2026-06-03,30741.75,30633.25,30807.75,30478.25,638765,30633.25
2026-06-04,30453.0,30488.25,30603.25,30151.0,684303,30488.25
2026-06-05,30414.0,29026.5,30422.0,28781.25,1044741,29026.5
2026-06-08,28844.5,29454.75,29743.0,28822.25,846024,29454.75
2026-06-09,29435.0,29117.0,29848.25,28227.75,1082950,29117.0
2026-06-10,29094.75,28554.0,29250.0,28409.0,772662,28554.0
2026-06-11,28455.0,29464.75,29544.25,28265.75,738252,29464.75
2026-06-12,29456.75,29662.0,29760.0,29230.0,499151,29662.0
2026-06-15,29907.0,30559.25,30612.5,29907.0,344999,30559.25
2026-06-16,30539.75,29995.0,30664.5,29956.75,215042,29995.0
2026-06-17,30006.75,29687.5,30268.5,29616.0,92564,29687.5
2026-06-18,29758.5,30263.349609375,30285.75,29758.5,563315,30263.349609375
2026-06-22,30577.0,30653.5,30968.0,30337.5,644848,30653.5
2026-06-23,30662.75,29666.0,30701.25,29577.25,727043,29666.0
2026-06-24,29770.0,29514.25,30157.75,29264.75,682714,29514.25
2026-06-25,30089.75,29724.75,30263.75,29295.75,657543,29724.75
2026-06-26,29742.0,29368.25,29892.75,29160.5,582809,29368.25
2026-06-29,29282.5,30052.75,30069.5,29273.75,531640,30052.75
2026-06-30,30007.25,30523.5,30599.75,29934.75,482570,30523.5
2026-07-01,30505.75,30094.25,30553.75,30008.5,525442,30094.25
2026-07-02,30089.75,29556.0,30320.0,29328.5,651643,29556.0
2026-07-06,29930.25,29941.0,30094.0,29683.0,547644,29941.0
2026-07-07,29960.0,29391.5,29973.75,29210.0,587510,29391.5
2026-07-08,29373.75,29468.5,29558.75,28909.75,553586,29468.5
2026-07-09,29412.0,29937.0,29993.5,29395.0,472581,29937.0
2026-07-10,29937.75,30032.25,30077.75,29675.0,431679,30032.25
2026-07-13,29952.0,29475.75,30041.0,29386.5,516287,29475.75
2026-07-14,29446.0,29790.25,29921.75,29303.5,472860,29790.25
2026-07-15,29805.0,29693.25,30062.5,29397.0,504329,29693.25
2026-07-16,29709.0,29225.75,29797.0,29078.5,506282,29225.75
2026-07-17,29191.0,28773.25,29220.0,28408.25,635199,28773.25
2026-07-20,28747.75,28778.75,29192.5,28709.75,502826,28778.75
2026-07-21,28778.25,29316.0,29364.75,28701.0,457614,29316.0
2026-07-22,29310.75,29181.25,29342.25,28952.0,456902,29181.25
2026-07-23,29100.0,28620.75,29282.5,28432.5,667509,28620.75
2026-07-24,28700.25,28282.25,28736.0,28212.5,599439,28282.25
2026-07-27,28500.0,28190.0,28763.25,27939.0,596053,28190.0
2026-07-28,28210.5,27922.0,28228.0,27603.5,668434,27922.0
2026-07-29,27962.0,27342.0,28178.25,27201.5,815515,27342.0
2026-07-30,27202.0,28237.75,28414.5,27202.0,737532,28237.75
2026-07-31,28317.0,28404.25,28725.75,28079.75,679547,28404.25
2026-08-03,28565.0,28891.75,28964.25,28313.5,550089,28891.75
2026-08-04,28930.0,29863.5,29956.5,28831.75,643753,29863.5
2026-08-05,29777.25,29615.0,30074.0,29530.75,567073,29615.0
2026-08-06,29569.5,29488.25,29686.25,29241.25,556323,29488.25
2026-08-07,29514.25,29834.75,29867.75,29453.5,556323,29834.75
2026-08-10,29851.25,29923.5,29984.0,29788.5,61956,29923.5
