Datetime,Open,High,Low,Close,Volume
2026-07-02T09:30:00-04:00,29773.607421875,29829.794921875,29769.138671875,29829.283203125,0
2026-07-02T09:31:00-04:00,29828.0390625,29853.07421875,29822.798828125,29831.841796875,8462126
2026-07-02T09:32:00-04:00,29833.7421875,29849.548828125,29823.595703125,29827.16015625,8884372
2026-07-02T09:33:00-04:00,29826.947265625,29851.453125,29821.9296875,29842.6875,9388227
2026-07-02T09:34:00-04:00,29859.1171875,29882.599609375,29859.1171875,29882.599609375,5311150
2026-07-02T09:35:00-04:00,29885.154296875,29906.875,29876.833984375,29888.5,5756440
2026-07-02T09:36:00-04:00,29869.61328125,29897.87890625,29851.390625,29897.87890625,5835621
2026-07-02T09:37:00-04:00,29891.58203125,29901.359375,29885.31640625,29897.09765625,5197689
2026-07-02T09:38:00-04:00,29880.8828125,29880.8828125,29791.32421875,29805.53125,5249311
2026-07-02T09:39:00-04:00,29815.248046875,29820.87109375,29806.8046875,29807.880859375,4773998
2026-07-02T09:40:00-04:00,29821.248046875,29861.6953125,29821.248046875,29837.89453125,5048348
2026-07-02T09:41:00-04:00,29829.6953125,29891.423828125,29829.6953125,29891.423828125,4305362
2026-07-02T09:42:00-04:00,29885.060546875,29889.3984375,29879.11328125,29880.486328125,4396884
2026-07-02T09:43:00-04:00,29887.58984375,29930.01171875,29885.921875,29923.193359375,3873843
2026-07-02T09:44:00-04:00,29905.970703125,29905.970703125,29877.7734375,29882.044921875,3726606
2026-07-02T09:45:00-04:00,29894.763671875,29909.013671875,29880.203125,29880.44921875,4709567
2026-07-02T09:46:00-04:00,29888.58984375,29893.400390625,29873.89453125,29873.89453125,4166330
2026-07-02T09:47:00-04:00,29864.14453125,29915.818359375,29864.14453125,29915.818359375,4008104
2026-07-02T09:48:00-04:00,29918.384765625,29933.9921875,29918.384765625,29928.36328125,4024314
2026-07-02T09:49:00-04:00,29930.98046875,29949.646484375,29930.98046875,29943.578125,3929756
2026-07-02T09:50:00-04:00,29924.396484375,29956.1640625,29924.396484375,29931.6015625,4813439
2026-07-02T09:51:00-04:00,29944.412109375,29992.03515625,29944.412109375,29991.068359375,4895855
2026-07-02T09:52:00-04:00,29991.619140625,30004.76953125,29986.640625,30004.76953125,4588963
2026-07-02T09:53:00-04:00,30011.076171875,30011.076171875,29982.525390625,29982.525390625,4464597
2026-07-02T09:54:00-04:00,29969.353515625,29985.171875,29969.353515625,29985.171875,4372520
2026-07-02T09:55:00-04:00,29984.849609375,29994.03515625,29976.46484375,29985.197265625,5717905
2026-07-02T09:56:00-04:00,29983.826171875,29987.71875,29950.013671875,29950.013671875,3732160
2026-07-02T09:57:00-04:00,29962.978515625,29980.5078125,29960.1484375,29963.552734375,3657698
2026-07-02T09:58:00-04:00,29974.833984375,30002.50390625,29974.833984375,30000.001953125,3478783
2026-07-02T09:59:00-04:00,30006.3203125,30006.50390625,29991.251953125,29991.251953125,3352962
2026-07-02T10:00:00-04:00,30007.939453125,30007.939453125,29992.68359375,29997.271484375,4496588
2026-07-02T10:01:00-04:00,29999.56640625,30020.76171875,29992.041015625,30020.76171875,3371390
2026-07-02T10:02:00-04:00,30023.087890625,30037.953125,30022.51953125,30037.953125,3516018
2026-07-02T10:03:00-04:00,30035.453125,30043.5859375,30035.05859375,30035.05859375,4188138
2026-07-02T10:04:00-04:00,30027.65234375,30030.15234375,30011.2109375,30011.2109375,3630168
2026-07-02T10:05:00-04:00,30010.134765625,30010.134765625,29985.15625,29992.619140625,3458694
2026-07-02T10:06:00-04:00,29993.86328125,29993.86328125,29976.53515625,29984.61328125,3758389
2026-07-02T10:07:00-04:00,29973.353515625,29999.02734375,29973.353515625,29991.658203125,3137146
2026-07-02T10:08:00-04:00,29989.08984375,29989.08984375,29947.376953125,29947.376953125,3167374
2026-07-02T10:09:00-04:00,29949.525390625,29949.525390625,29923.19921875,29928.501953125,3117459
2026-07-02T10:10:00-04:00,29939.4140625,29939.4140625,29893.0859375,29895.630859375,2946313
2026-07-02T10:11:00-04:00,29909.494140625,29928.212890625,29907.80078125,29920.822265625,2936556
2026-07-02T10:12:00-04:00,29928.44921875,29962.59765625,29928.44921875,29962.59765625,2573190
2026-07-02T10:13:00-04:00,29970.4921875,29998.490234375,29970.4921875,29994.412109375,3347535
2026-07-02T10:14:00-04:00,29993.216796875,29993.216796875,29965.453125,29966.359375,3213028
2026-07-02T10:15:00-04:00,29962.666015625,29963.39453125,29934.5546875,29938.453125,3131236
2026-07-02T10:16:00-04:00,29949.3515625,29968.833984375,29915.462890625,29915.462890625,2863586
2026-07-02T10:17:00-04:00,29911.1796875,29911.1796875,29890.6484375,29890.6484375,3411798
2026-07-02T10:18:00-04:00,29878.259765625,29906.146484375,29864.890625,29885.859375,3401145
2026-07-02T10:19:00-04:00,29875.478515625,29900.716796875,29875.478515625,29897.35546875,2914849
2026-07-02T10:20:00-04:00,29910.9375,29910.9375,29854.677734375,29854.677734375,3196581
2026-07-02T10:21:00-04:00,29856.984375,29860.83984375,29840.646484375,29843.466796875,3650986
2026-07-02T10:22:00-04:00,29843.642578125,29855.52734375,29827.6796875,29839.31640625,3578974
2026-07-02T10:23:00-04:00,29873.0,29873.0,29836.630859375,29839.916015625,3585147
2026-07-02T10:24:00-04:00,29849.453125,29874.068359375,29829.125,29829.125,4015031
2026-07-02T10:25:00-04:00,29826.734375,29826.734375,29797.0625,29801.96875,3686509
2026-07-02T10:26:00-04:00,29814.220703125,29824.033203125,29790.966796875,29790.966796875,3901273
2026-07-02T10:27:00-04:00,29780.732421875,29780.732421875,29693.07421875,29693.07421875,4528492
2026-07-02T10:28:00-04:00,29702.513671875,29702.513671875,29665.884765625,29681.283203125,6026577
2026-07-02T10:29:00-04:00,29687.060546875,29703.3984375,29669.900390625,29697.337890625,4355804
2026-07-02T10:30:00-04:00,29685.36328125,29716.11328125,29660.748046875,29715.064453125,4369736
2026-07-02T10:31:00-04:00,29703.43359375,29747.037109375,29703.43359375,29733.1328125,3791812
2026-07-02T10:32:00-04:00,29733.658203125,29745.337890625,29687.623046875,29687.623046875,3371854
2026-07-02T10:33:00-04:00,29684.796875,29719.74609375,29673.986328125,29690.16015625,4744283
2026-07-02T10:34:00-04:00,29699.134765625,29699.134765625,29642.935546875,29642.935546875,4195280
2026-07-02T10:35:00-04:00,29648.279296875,29658.923828125,29635.22265625,29653.79296875,6988270
2026-07-02T10:36:00-04:00,29645.96484375,29697.845703125,29645.96484375,29694.087890625,3734447
2026-07-02T10:37:00-04:00,29716.314453125,29728.013671875,29715.0234375,29719.044921875,3862390
2026-07-02T10:38:00-04:00,29708.92578125,29709.33984375,29688.3515625,29701.04296875,3074834
2026-07-02T10:39:00-04:00,29706.169921875,29714.6484375,29665.11328125,29665.11328125,2723804
2026-07-02T10:40:00-04:00,29671.083984375,29673.443359375,29641.033203125,29641.033203125,2885803
2026-07-02T10:41:00-04:00,29647.94921875,29648.501953125,29588.525390625,29588.525390625,3601365
2026-07-02T10:42:00-04:00,29597.212890625,29597.212890625,29548.466796875,29556.177734375,5240980
2026-07-02T10:43:00-04:00,29549.599609375,29549.599609375,29531.794921875,29535.0234375,4613446
2026-07-02T10:44:00-04:00,29534.880859375,29568.767578125,29531.677734375,29556.767578125,5326342
2026-07-02T10:45:00-04:00,29574.94921875,29595.6171875,29564.037109375,29566.056640625,4425313
2026-07-02T10:46:00-04:00,29569.564453125,29583.17578125,29547.802734375,29583.17578125,3493503
2026-07-02T10:47:00-04:00,29594.03125,29610.6015625,29560.005859375,29560.005859375,3479845
2026-07-02T10:48:00-04:00,29552.2421875,29552.2421875,29510.0390625,29516.796875,4291896
2026-07-02T10:49:00-04:00,29524.095703125,29586.013671875,29524.095703125,29570.888671875,4490346
2026-07-02T10:50:00-04:00,29576.65625,29576.65625,29549.625,29549.625,3290449
2026-07-02T10:51:00-04:00,29566.41796875,29597.623046875,29554.845703125,29568.95703125,3166878
2026-07-02T10:52:00-04:00,29573.984375,29573.984375,29519.609375,29527.26953125,3370301
2026-07-02T10:53:00-04:00,29523.181640625,29523.181640625,29486.53515625,29493.48828125,3697982
2026-07-02T10:54:00-04:00,29505.60546875,29519.431640625,29503.509765625,29519.431640625,3317785
2026-07-02T10:55:00-04:00,29519.6484375,29550.6015625,29519.6484375,29550.6015625,3217989
2026-07-02T10:56:00-04:00,29541.5703125,29567.21484375,29541.5703125,29546.26953125,3217874
2026-07-02T10:57:00-04:00,29545.6796875,29545.6796875,29518.27734375,29538.416015625,2897042
2026-07-02T10:58:00-04:00,29527.857421875,29544.064453125,29527.35546875,29540.962890625,2946460
2026-07-02T10:59:00-04:00,29543.103515625,29589.3046875,29543.103515625,29587.9375,3377459
2026-07-02T11:00:00-04:00,29575.646484375,29586.625,29567.431640625,29586.625,3609935
2026-07-02T11:01:00-04:00,29584.3828125,29593.79296875,29575.12890625,29575.12890625,3387535
2026-07-02T11:02:00-04:00,29578.1953125,29578.1953125,29555.34375,29555.84765625,3210767
2026-07-02T11:03:00-04:00,29563.564453125,29564.796875,29520.36328125,29523.0390625,2688494
2026-07-02T11:04:00-04:00,29520.771484375,29520.771484375,29467.328125,29467.328125,3398133
2026-07-02T11:05:00-04:00,29479.625,29485.7734375,29457.171875,29457.171875,4881375
2026-07-02T11:06:00-04:00,29444.908203125,29446.478515625,29416.58984375,29416.58984375,4250287
2026-07-02T11:07:00-04:00,29421.958984375,29421.958984375,29385.69140625,29387.634765625,5017500
2026-07-02T11:08:00-04:00,29404.70703125,29446.2890625,29404.70703125,29429.259765625,4826472
2026-07-02T11:09:00-04:00,29426.6171875,29460.8828125,29426.6171875,29455.79296875,3721941
2026-07-02T11:10:00-04:00,29450.439453125,29463.185546875,29441.869140625,29460.95703125,3418475
2026-07-02T11:11:00-04:00,29456.892578125,29521.572265625,29456.892578125,29521.572265625,3106831
2026-07-02T11:12:00-04:00,29515.287109375,29515.287109375,29494.970703125,29494.970703125,3284687
2026-07-02T11:13:00-04:00,29493.6015625,29511.07421875,29493.6015625,29494.560546875,2739268
2026-07-02T11:14:00-04:00,29496.197265625,29496.197265625,29470.71875,29470.71875,2756509
2026-07-02T11:15:00-04:00,29479.376953125,29479.73828125,29435.2734375,29437.041015625,2691951
2026-07-02T11:16:00-04:00,29431.205078125,29431.205078125,29412.21484375,29417.01953125,3494871
2026-07-02T11:17:00-04:00,29433.384765625,29433.384765625,29394.529296875,29400.8125,3039607
2026-07-02T11:18:00-04:00,29401.8046875,29427.716796875,29394.828125,29412.37890625,3756043
2026-07-02T11:19:00-04:00,29402.5234375,29402.5234375,29378.41796875,29385.70703125,3364080
2026-07-02T11:20:00-04:00,29404.1484375,29412.2421875,29378.478515625,29412.2421875,3496201
2026-07-02T11:21:00-04:00,29406.130859375,29426.666015625,29402.869140625,29411.283203125,3903316
2026-07-02T11:22:00-04:00,29421.744140625,29429.8671875,29414.62890625,29415.0234375,4828592
2026-07-02T11:23:00-04:00,29409.197265625,29423.02734375,29395.046875,29423.02734375,2305049
2026-07-02T11:24:00-04:00,29424.40625,29469.267578125,29424.40625,29466.412109375,2844812
2026-07-02T11:25:00-04:00,29468.537109375,29472.22265625,29428.013671875,29428.013671875,3620081
2026-07-02T11:26:00-04:00,29444.22265625,29480.7734375,29444.22265625,29471.630859375,3244962
2026-07-02T11:27:00-04:00,29480.556640625,29492.376953125,29472.57421875,29472.57421875,3254520
2026-07-02T11:28:00-04:00,29465.05078125,29474.208984375,29460.0234375,29465.275390625,2985544
2026-07-02T11:29:00-04:00,29462.34375,29462.34375,29427.259765625,29427.259765625,2222538
2026-07-02T11:30:00-04:00,29425.4296875,29475.029296875,29425.4296875,29457.30078125,2860342
2026-07-02T11:31:00-04:00,29456.734375,29474.36328125,29446.30078125,29474.36328125,2247056
2026-07-02T11:32:00-04:00,29475.810546875,29487.2890625,29464.458984375,29486.150390625,2369600
2026-07-02T11:33:00-04:00,29486.30078125,29492.7890625,29486.30078125,29492.7890625,2084893
2026-07-02T11:34:00-04:00,29508.599609375,29516.58984375,29506.0546875,29515.162109375,2746471
2026-07-02T11:35:00-04:00,29510.990234375,29548.498046875,29504.62109375,29547.6015625,2831694
2026-07-02T11:36:00-04:00,29538.0625,29554.0234375,29537.966796875,29552.89453125,3188750
2026-07-02T11:37:00-04:00,29550.892578125,29560.783203125,29547.904296875,29560.783203125,2845501
2026-07-02T11:38:00-04:00,29556.021484375,29565.65625,29551.302734375,29558.974609375,2677121
2026-07-02T11:39:00-04:00,29556.71484375,29556.71484375,29535.693359375,29539.0390625,2485994
2026-07-02T11:40:00-04:00,29533.294921875,29563.349609375,29531.029296875,29563.349609375,2453908
2026-07-02T11:41:00-04:00,29551.53515625,29551.53515625,29536.7890625,29536.7890625,2257517
2026-07-02T11:42:00-04:00,29522.39453125,29524.46875,29509.48046875,29511.28515625,2253935
2026-07-02T11:43:00-04:00,29510.89453125,29510.89453125,29477.33984375,29477.33984375,2590273
2026-07-02T11:44:00-04:00,29477.65234375,29478.771484375,29461.31640625,29469.38671875,2517074
2026-07-02T11:45:00-04:00,29465.873046875,29493.916015625,29465.873046875,29487.19921875,2141736
2026-07-02T11:46:00-04:00,29489.435546875,29493.37890625,29471.861328125,29481.427734375,1975399
2026-07-02T11:47:00-04:00,29482.744140625,29490.8359375,29471.443359375,29483.958984375,2296816
2026-07-02T11:48:00-04:00,29486.2578125,29488.1484375,29474.828125,29477.134765625,2085575
2026-07-02T11:49:00-04:00,29473.75,29473.75,29446.10546875,29447.900390625,2365604
2026-07-02T11:50:00-04:00,29442.234375,29447.21484375,29436.708984375,29440.0546875,2159193
2026-07-02T11:51:00-04:00,29442.373046875,29457.22265625,29430.474609375,29443.9765625,2453584
2026-07-02T11:52:00-04:00,29447.298828125,29456.69921875,29423.869140625,29426.365234375,2434025
2026-07-02T11:53:00-04:00,29419.390625,29422.216796875,29398.4453125,29403.03125,2756930
2026-07-02T11:54:00-04:00,29408.68359375,29430.65234375,29408.365234375,29430.65234375,2337420
2026-07-02T11:55:00-04:00,29430.080078125,29436.4765625,29416.1796875,29417.08203125,2124178
2026-07-02T11:56:00-04:00,29411.5625,29411.5625,29397.521484375,29398.763671875,2138890
2026-07-02T11:57:00-04:00,29406.83984375,29406.83984375,29386.83203125,29400.37109375,2374490
2026-07-02T11:58:00-04:00,29401.91796875,29421.87890625,29398.0703125,29421.87890625,2302253
2026-07-02T11:59:00-04:00,29423.513671875,29438.921875,29422.279296875,29425.033203125,2733357
2026-07-02T12:00:00-04:00,29427.103515625,29434.53515625,29393.2109375,29393.2109375,2352599
2026-07-02T12:01:00-04:00,29392.455078125,29393.783203125,29373.74609375,29376.892578125,3168837
2026-07-02T12:02:00-04:00,29377.576171875,29377.576171875,29354.890625,29355.619140625,4201139
2026-07-02T12:03:00-04:00,29354.349609375,29381.92578125,29346.921875,29376.595703125,2030919
2026-07-02T12:04:00-04:00,29372.29296875,29388.494140625,29368.7890625,29384.1796875,3235416
2026-07-02T12:05:00-04:00,29382.39453125,29398.064453125,29381.978515625,29381.978515625,1229541
2026-07-02T12:06:00-04:00,29379.3046875,29380.36328125,29356.53125,29361.865234375,2225412
2026-07-02T12:07:00-04:00,29363.3359375,29373.71484375,29353.265625,29362.330078125,2455336
2026-07-02T12:08:00-04:00,29363.533203125,29368.015625,29347.376953125,29357.546875,2436875
2026-07-02T12:09:00-04:00,29360.44921875,29360.44921875,29338.8203125,29347.5859375,3669384
2026-07-02T12:10:00-04:00,29348.74609375,29387.306640625,29345.875,29385.318359375,1234272
2026-07-02T12:11:00-04:00,29386.05078125,29397.814453125,29383.80078125,29385.974609375,3307890
2026-07-02T12:12:00-04:00,29380.9765625,29391.337890625,29360.04296875,29391.337890625,2184391
2026-07-02T12:13:00-04:00,29396.703125,29404.607421875,29387.64453125,29394.8359375,2540418
2026-07-02T12:14:00-04:00,29395.306640625,29410.015625,29390.69140625,29397.544921875,3503460
2026-07-02T12:15:00-04:00,29398.796875,29398.796875,29370.0,29378.794921875,1937335
2026-07-02T12:16:00-04:00,29381.951171875,29395.6640625,29381.951171875,29387.341796875,3993011
2026-07-02T12:17:00-04:00,29386.599609375,29388.05078125,29351.4296875,29351.4296875,1361821
2026-07-02T12:18:00-04:00,29353.013671875,29361.828125,29350.25390625,29356.74609375,2897156
2026-07-02T12:19:00-04:00,29358.1796875,29368.833984375,29344.408203125,29345.869140625,2278988
2026-07-02T12:20:00-04:00,29345.833984375,29345.833984375,29314.923828125,29324.0546875,3286207
2026-07-02T12:21:00-04:00,29327.73828125,29331.404296875,29319.298828125,29323.833984375,2928153
2026-07-02T12:22:00-04:00,29324.310546875,29327.966796875,29312.658203125,29322.615234375,2383655
2026-07-02T12:23:00-04:00,29321.4453125,29322.736328125,29304.2578125,29310.208984375,2219879
2026-07-02T12:24:00-04:00,29308.107421875,29309.056640625,29301.177734375,29304.50390625,2573908
2026-07-02T12:25:00-04:00,29303.87890625,29340.658203125,29303.87890625,29329.158203125,2907309
2026-07-02T12:26:00-04:00,29327.123046875,29327.123046875,29300.140625,29308.255859375,2661172
2026-07-02T12:27:00-04:00,29308.81640625,29320.919921875,29306.4921875,29317.38671875,3088669
2026-07-02T12:28:00-04:00,29319.435546875,29323.05078125,29309.853515625,29321.26953125,958290
2026-07-02T12:29:00-04:00,29320.95703125,29329.96484375,29301.6015625,29305.93359375,3448305
2026-07-02T12:30:00-04:00,29311.58984375,29311.58984375,29284.3671875,29287.025390625,1100218
2026-07-02T12:31:00-04:00,29288.82421875,29295.134765625,29278.712890625,29279.79296875,3402103
2026-07-02T12:32:00-04:00,29276.064453125,29283.0390625,29268.388671875,29268.388671875,2611590
2026-07-02T12:33:00-04:00,29270.2578125,29285.67578125,29270.2578125,29273.33203125,2265089
2026-07-02T12:34:00-04:00,29265.150390625,29265.150390625,29249.8828125,29250.974609375,2229848
2026-07-02T12:35:00-04:00,29245.3203125,29259.111328125,29245.3203125,29256.146484375,2798001
2026-07-02T12:36:00-04:00,29260.1796875,29260.1796875,29230.63671875,29235.677734375,2789620
2026-07-02T12:37:00-04:00,29237.734375,29240.73828125,29208.998046875,29208.998046875,2737745
2026-07-02T12:38:00-04:00,29217.9609375,29224.642578125,29212.05078125,29224.2265625,3013542
2026-07-02T12:39:00-04:00,29220.8046875,29234.982421875,29220.8046875,29234.947265625,2800664
2026-07-02T12:40:00-04:00,29237.423828125,29281.23828125,29237.423828125,29280.55078125,2890927
2026-07-02T12:41:00-04:00,29278.193359375,29288.9296875,29269.33203125,29269.33203125,3097553
2026-07-02T12:42:00-04:00,29265.482421875,29280.716796875,29261.62890625,29274.29296875,2901956
2026-07-02T12:43:00-04:00,29269.427734375,29287.46484375,29269.427734375,29277.837890625,1236585
2026-07-02T12:44:00-04:00,29277.80859375,29299.83203125,29277.80859375,29297.8515625,2132159
2026-07-02T12:45:00-04:00,29293.34375,29293.34375,29271.615234375,29277.91796875,2208105
2026-07-02T12:46:00-04:00,29278.787109375,29286.609375,29272.05859375,29272.05859375,2028471
2026-07-02T12:47:00-04:00,29275.390625,29288.216796875,29270.17578125,29287.849609375,3026499
2026-07-02T12:48:00-04:00,29286.451171875,29287.55078125,29264.4765625,29276.390625,994122
2026-07-02T12:49:00-04:00,29276.509765625,29282.330078125,29261.435546875,29263.603515625,2708196
2026-07-02T12:50:00-04:00,29258.95703125,29258.95703125,29237.76171875,29244.814453125,1647826
2026-07-02T12:51:00-04:00,29245.513671875,29273.669921875,29244.548828125,29268.755859375,2103856
2026-07-02T12:52:00-04:00,29269.693359375,29285.45703125,29265.724609375,29280.587890625,2453128
2026-07-02T12:53:00-04:00,29280.482421875,29283.962890625,29245.443359375,29245.443359375,2028507
2026-07-02T12:54:00-04:00,29248.14453125,29268.880859375,29248.14453125,29253.0859375,3053003
2026-07-02T12:55:00-04:00,29250.146484375,29250.146484375,29215.326171875,29216.142578125,1424876
2026-07-02T12:56:00-04:00,29216.91796875,29216.91796875,29192.298828125,29192.298828125,2770502
2026-07-02T12:57:00-04:00,29194.3828125,29214.236328125,29194.3828125,29197.087890625,2365246
2026-07-02T12:58:00-04:00,29196.876953125,29210.03515625,29194.583984375,29209.69921875,2408848
2026-07-02T12:59:00-04:00,29210.73046875,29223.712890625,29210.73046875,29218.490234375,3000758
2026-07-02T13:00:00-04:00,29216.1796875,29222.640625,29196.171875,29196.171875,1486581
2026-07-02T13:01:00-04:00,29195.951171875,29195.951171875,29172.49609375,29178.39453125,4393835
2026-07-02T13:02:00-04:00,29181.599609375,29198.466796875,29180.50390625,29181.1484375,1140113
2026-07-02T13:03:00-04:00,29178.7734375,29178.7734375,29160.244140625,29165.6640625,2335878
2026-07-02T13:04:00-04:00,29166.89453125,29167.69140625,29148.23828125,29164.75,2577764
2026-07-02T13:05:00-04:00,29159.921875,29178.25,29145.630859375,29178.25,2848351
2026-07-02T13:06:00-04:00,29184.443359375,29217.806640625,29184.443359375,29216.279296875,3712797
2026-07-02T13:07:00-04:00,29219.701171875,29237.02734375,29217.853515625,29224.62109375,1241850
2026-07-02T13:08:00-04:00,29222.666015625,29222.666015625,29205.603515625,29214.8515625,3366784
2026-07-02T13:09:00-04:00,29217.302734375,29218.056640625,29199.908203125,29203.09765625,1038862
2026-07-02T13:10:00-04:00,29202.517578125,29211.28515625,29179.779296875,29191.58984375,1875461
2026-07-02T13:11:00-04:00,29191.513671875,29197.96875,29187.447265625,29197.96875,2287237
2026-07-02T13:12:00-04:00,29198.6640625,29198.6640625,29186.025390625,29187.43359375,2037103
2026-07-02T13:13:00-04:00,29186.6171875,29193.78125,29184.021484375,29193.78125,2129005
2026-07-02T13:14:00-04:00,29195.71875,29215.259765625,29194.685546875,29205.859375,2164732
2026-07-02T13:15:00-04:00,29206.302734375,29206.302734375,29198.775390625,29205.369140625,2983611
2026-07-02T13:16:00-04:00,29204.552734375,29226.810546875,29203.880859375,29226.810546875,1038413
2026-07-02T13:17:00-04:00,29226.9296875,29235.25,29211.29296875,29213.275390625,3340942
2026-07-02T13:18:00-04:00,29213.3125,29224.681640625,29209.380859375,29211.478515625,1012556
2026-07-02T13:19:00-04:00,29208.544921875,29208.544921875,29190.390625,29190.390625,2250121
2026-07-02T13:20:00-04:00,29189.953125,29194.15625,29184.033203125,29186.736328125,1925249
2026-07-02T13:21:00-04:00,29189.244140625,29215.505859375,29189.244140625,29212.576171875,2121255
2026-07-02T13:22:00-04:00,29214.033203125,29235.30859375,29212.046875,29212.046875,1752385
2026-07-02T13:23:00-04:00,29211.744140625,29211.744140625,29198.16796875,29202.576171875,2239035
2026-07-02T13:24:00-04:00,29205.111328125,29207.796875,29191.98046875,29197.4296875,1749608
2026-07-02T13:25:00-04:00,29197.083984375,29201.611328125,29187.0625,29188.140625,1862947
2026-07-02T13:26:00-04:00,29186.923828125,29198.078125,29180.654296875,29181.58984375,1818145
2026-07-02T13:27:00-04:00,29181.791015625,29198.439453125,29181.791015625,29195.873046875,2596002
2026-07-02T13:28:00-04:00,29197.220703125,29197.220703125,29187.4296875,29195.337890625,908021
2026-07-02T13:29:00-04:00,29198.359375,29203.060546875,29189.93359375,29200.216796875,2377818
2026-07-02T13:30:00-04:00,29199.931640625,29217.064453125,29199.931640625,29206.47265625,1741621
2026-07-02T13:31:00-04:00,29215.841796875,29217.525390625,29211.8671875,29215.08203125,962790
2026-07-02T13:32:00-04:00,29215.427734375,29225.3046875,29211.19921875,29222.16015625,2986497
2026-07-02T13:33:00-04:00,29218.5859375,29226.630859375,29213.326171875,29213.326171875,984907
2026-07-02T13:34:00-04:00,29213.98046875,29217.833984375,29186.76953125,29186.76953125,3093015
2026-07-02T13:35:00-04:00,29184.126953125,29190.171875,29169.71484375,29178.2890625,1166958
2026-07-02T13:36:00-04:00,29176.599609375,29176.599609375,29148.857421875,29149.52734375,2218903
2026-07-02T13:37:00-04:00,29152.94921875,29154.115234375,29146.541015625,29152.505859375,2556507
2026-07-02T13:38:00-04:00,29152.0703125,29162.455078125,29136.8359375,29140.658203125,2402649
2026-07-02T13:39:00-04:00,29140.955078125,29148.435546875,29131.275390625,29135.630859375,5232703
2026-07-02T13:40:00-04:00,29142.45703125,29142.45703125,29124.494140625,29137.685546875,1391666
2026-07-02T13:41:00-04:00,29145.0078125,29168.08203125,29145.0078125,29168.08203125,2507781
2026-07-02T13:42:00-04:00,29165.37109375,29172.693359375,29161.25,29172.421875,2140883
2026-07-02T13:43:00-04:00,29166.232421875,29166.232421875,29154.31640625,29161.794921875,2342811
2026-07-02T13:44:00-04:00,29161.021484375,29164.482421875,29150.150390625,29156.974609375,2890264
2026-07-02T13:45:00-04:00,29157.8671875,29162.4453125,29137.7109375,29142.4375,1137080
2026-07-02T13:46:00-04:00,29145.2421875,29145.427734375,29123.5390625,29126.14453125,3353066
2026-07-02T13:47:00-04:00,29125.6171875,29126.515625,29104.123046875,29104.123046875,1283640
2026-07-02T13:48:00-04:00,29104.443359375,29120.775390625,29097.35546875,29116.845703125,2899989
2026-07-02T13:49:00-04:00,29120.111328125,29120.111328125,29112.044921875,29117.564453125,2883114
2026-07-02T13:50:00-04:00,29118.115234375,29118.845703125,29098.78515625,29117.10546875,1284297
2026-07-02T13:51:00-04:00,29115.48828125,29119.560546875,29107.57421875,29117.810546875,2444691
2026-07-02T13:52:00-04:00,29117.861328125,29122.43359375,29107.029296875,29118.546875,2285511
2026-07-02T13:53:00-04:00,29117.376953125,29127.767578125,29117.376953125,29125.87109375,1633318
2026-07-02T13:54:00-04:00,29125.712890625,29152.24609375,29125.712890625,29146.14453125,1931764
2026-07-02T13:55:00-04:00,29145.330078125,29150.134765625,29133.193359375,29135.119140625,1889659
2026-07-02T13:56:00-04:00,29132.5,29133.490234375,29114.734375,29119.486328125,2823963
2026-07-02T13:57:00-04:00,29122.556640625,29122.556640625,29114.103515625,29117.8828125,792267
2026-07-02T13:58:00-04:00,29114.701171875,29114.701171875,29088.173828125,29088.173828125,2098126
2026-07-02T13:59:00-04:00,29087.326171875,29095.318359375,29087.326171875,29093.490234375,1864122
2026-07-02T14:00:00-04:00,29095.875,29117.673828125,29089.25,29117.673828125,2348704
2026-07-02T14:01:00-04:00,29115.591796875,29127.541015625,29108.244140625,29124.796875,1974488
2026-07-02T14:02:00-04:00,29124.689453125,29129.89453125,29119.5078125,29119.5078125,2024279
2026-07-02T14:03:00-04:00,29119.560546875,29121.0234375,29114.75390625,29114.75390625,1970414
2026-07-02T14:04:00-04:00,29119.56640625,29136.9296875,29119.56640625,29136.6171875,3905829
2026-07-02T14:05:00-04:00,29139.728515625,29171.861328125,29139.6796875,29170.24609375,1620877
2026-07-02T14:06:00-04:00,29171.6015625,29217.166015625,29171.6015625,29205.435546875,4079724
2026-07-02T14:07:00-04:00,29203.716796875,29210.896484375,29197.318359375,29204.220703125,1436059
2026-07-02T14:08:00-04:00,29201.982421875,29218.88671875,29201.982421875,29216.83984375,1838620
2026-07-02T14:09:00-04:00,29217.2578125,29237.6484375,29215.486328125,29237.6484375,2271562
2026-07-02T14:10:00-04:00,29243.630859375,29258.92578125,29230.888671875,29239.810546875,2596284
2026-07-02T14:11:00-04:00,29242.10546875,29256.09765625,29233.720703125,29240.697265625,3749731
2026-07-02T14:12:00-04:00,29236.216796875,29247.185546875,29228.953125,29247.185546875,1006331
2026-07-02T14:13:00-04:00,29245.50390625,29245.50390625,29231.416015625,29232.205078125,2734472
2026-07-02T14:14:00-04:00,29231.1953125,29231.1953125,29213.095703125,29217.455078125,780158
2026-07-02T14:15:00-04:00,29218.650390625,29222.8359375,29199.205078125,29208.259765625,2150028
2026-07-02T14:16:00-04:00,29210.27734375,29214.314453125,29203.142578125,29206.173828125,1804433
2026-07-02T14:17:00-04:00,29204.8046875,29205.939453125,29182.73828125,29182.73828125,1851169
2026-07-02T14:18:00-04:00,29175.673828125,29191.607421875,29170.388671875,29176.767578125,2118619
2026-07-02T14:19:00-04:00,29179.642578125,29184.759765625,29173.259765625,29184.267578125,2139583
2026-07-02T14:20:00-04:00,29183.576171875,29209.826171875,29183.576171875,29207.478515625,2556370
2026-07-02T14:21:00-04:00,29206.734375,29212.173828125,29193.14453125,29198.978515625,915112
2026-07-02T14:22:00-04:00,29198.705078125,29215.83203125,29195.2421875,29200.146484375,2469120
2026-07-02T14:23:00-04:00,29201.5625,29201.59765625,29191.072265625,29199.951171875,733621
2026-07-02T14:24:00-04:00,29201.0078125,29209.78125,29200.8203125,29208.05078125,1616160
2026-07-02T14:25:00-04:00,29210.326171875,29229.298828125,29210.326171875,29210.943359375,2374544
2026-07-02T14:26:00-04:00,29202.55859375,29218.291015625,29202.55859375,29218.291015625,1698621
2026-07-02T14:27:00-04:00,29217.828125,29225.423828125,29216.064453125,29225.169921875,2635841
2026-07-02T14:28:00-04:00,29229.287109375,29242.314453125,29229.287109375,29238.07421875,1081933
2026-07-02T14:29:00-04:00,29237.865234375,29245.58203125,29232.12890625,29245.58203125,2822326
2026-07-02T14:30:00-04:00,29243.068359375,29260.517578125,29242.98828125,29254.9296875,1043814
2026-07-02T14:31:00-04:00,29253.931640625,29265.1484375,29252.853515625,29265.1484375,2171246
2026-07-02T14:32:00-04:00,29267.369140625,29270.830078125,29254.166015625,29266.43359375,2626517
2026-07-02T14:33:00-04:00,29269.048828125,29280.611328125,29269.048828125,29273.724609375,1988307
2026-07-02T14:34:00-04:00,29267.49609375,29267.49609375,29232.974609375,29237.2578125,3519422
2026-07-02T14:35:00-04:00,29239.671875,29260.435546875,29238.240234375,29239.162109375,957433
2026-07-02T14:36:00-04:00,29240.921875,29242.93359375,29227.228515625,29230.150390625,1676726
2026-07-02T14:37:00-04:00,29228.470703125,29244.228515625,29225.046875,29244.228515625,1587529
2026-07-02T14:38:00-04:00,29244.65625,29254.11328125,29241.677734375,29241.677734375,1677524
2026-07-02T14:39:00-04:00,29241.19140625,29251.3359375,29235.9921875,29247.98828125,2076972
2026-07-02T14:40:00-04:00,29250.0390625,29250.583984375,29239.060546875,29245.255859375,1485284
2026-07-02T14:41:00-04:00,29242.91015625,29242.91015625,29231.13671875,29232.67578125,2514868
2026-07-02T14:42:00-04:00,29243.34765625,29243.513671875,29238.4453125,29243.240234375,1023103
2026-07-02T14:43:00-04:00,29240.974609375,29253.11328125,29239.720703125,29251.037109375,2591642
2026-07-02T14:44:00-04:00,29251.494140625,29257.671875,29240.451171875,29240.451171875,1599941
2026-07-02T14:45:00-04:00,29240.47265625,29240.47265625,29201.091796875,29207.353515625,2276695
2026-07-02T14:46:00-04:00,29204.958984375,29205.921875,29198.453125,29200.4140625,3578050
2026-07-02T14:47:00-04:00,29199.8984375,29228.388671875,29199.8984375,29228.388671875,1901112
2026-07-02T14:48:00-04:00,29227.865234375,29246.13671875,29227.865234375,29246.13671875,2633208
2026-07-02T14:49:00-04:00,29245.560546875,29258.271484375,29245.560546875,29254.98046875,992950
2026-07-02T14:50:00-04:00,29254.59375,29256.748046875,29243.69140625,29256.748046875,2818388
2026-07-02T14:51:00-04:00,29258.744140625,29272.384765625,29258.744140625,29263.9453125,1088202
2026-07-02T14:52:00-04:00,29263.53125,29286.41796875,29263.53125,29274.81640625,2350970
2026-07-02T14:53:00-04:00,29275.302734375,29275.302734375,29257.943359375,29258.208984375,1974543
2026-07-02T14:54:00-04:00,29257.462890625,29261.57421875,29248.83984375,29252.787109375,1518606
2026-07-02T14:55:00-04:00,29248.373046875,29248.373046875,29239.537109375,29247.587890625,2839531
2026-07-02T14:56:00-04:00,29256.439453125,29256.439453125,29217.490234375,29222.451171875,1174141
2026-07-02T14:57:00-04:00,29220.80859375,29242.37109375,29220.0,29238.015625,3000673
2026-07-02T14:58:00-04:00,29239.759765625,29252.650390625,29230.216796875,29237.689453125,1269792
2026-07-02T14:59:00-04:00,29236.935546875,29242.990234375,29229.04296875,29242.990234375,1746652
2026-07-02T15:00:00-04:00,29244.185546875,29261.380859375,29218.3984375,29218.3984375,2101128
2026-07-02T15:01:00-04:00,29217.572265625,29219.3515625,29207.181640625,29214.333984375,2214000
2026-07-02T15:02:00-04:00,29215.81640625,29226.10546875,29213.724609375,29221.935546875,1728000
2026-07-02T15:03:00-04:00,29222.859375,29225.69140625,29215.224609375,29215.3984375,1618000
2026-07-02T15:04:00-04:00,29215.650390625,29218.763671875,29161.650390625,29162.0703125,4934000
2026-07-02T15:05:00-04:00,29170.166015625,29171.19140625,29144.64453125,29144.64453125,1585000
2026-07-02T15:06:00-04:00,29148.4921875,29181.986328125,29143.2578125,29172.724609375,4809000
2026-07-02T15:07:00-04:00,29171.8515625,29177.140625,29148.076171875,29163.087890625,1896000
2026-07-02T15:08:00-04:00,29160.84375,29169.357421875,29159.56640625,29159.56640625,2501000
2026-07-02T15:09:00-04:00,29160.345703125,29168.482421875,29157.4140625,29157.4140625,2189000
2026-07-02T15:10:00-04:00,29160.46484375,29162.314453125,29145.0703125,29157.1171875,1941000
2026-07-02T15:11:00-04:00,29159.05078125,29166.416015625,29156.56640625,29162.09765625,2580000
2026-07-02T15:12:00-04:00,29159.130859375,29169.412109375,29156.369140625,29164.77734375,2120000
2026-07-02T15:13:00-04:00,29164.203125,29179.42578125,29162.32421875,29176.490234375,2015000
2026-07-02T15:14:00-04:00,29172.201171875,29181.2734375,29165.05859375,29172.14453125,2110000
2026-07-02T15:15:00-04:00,29169.037109375,29175.673828125,29165.458984375,29166.619140625,2300000
2026-07-02T15:16:00-04:00,29167.26953125,29167.42578125,29152.2578125,29152.7421875,3742000
2026-07-02T15:17:00-04:00,29152.974609375,29158.365234375,29150.94140625,29154.80078125,1289000
2026-07-02T15:18:00-04:00,29150.8046875,29153.298828125,29137.8671875,29147.294921875,4834000
2026-07-02T15:19:00-04:00,29149.14453125,29167.001953125,29148.92578125,29156.0703125,1314000
2026-07-02T15:20:00-04:00,29155.748046875,29156.1953125,29137.7265625,29137.7265625,2392000
2026-07-02T15:21:00-04:00,29135.689453125,29135.982421875,29128.6640625,29128.6640625,3259000
2026-07-02T15:22:00-04:00,29129.736328125,29132.94921875,29117.212890625,29117.212890625,2874000
2026-07-02T15:23:00-04:00,29116.673828125,29127.45703125,29112.353515625,29116.953125,6449000
2026-07-02T15:24:00-04:00,29119.515625,29121.48046875,29114.390625,29117.5,1460000
2026-07-02T15:25:00-04:00,29116.01953125,29116.677734375,29108.73828125,29112.345703125,4650000
2026-07-02T15:26:00-04:00,29109.828125,29127.24609375,29105.763671875,29127.146484375,1581000
2026-07-02T15:27:00-04:00,29124.693359375,29141.416015625,29124.693359375,29138.1640625,3090000
2026-07-02T15:28:00-04:00,29137.974609375,29186.685546875,29137.974609375,29182.623046875,2747000
2026-07-02T15:29:00-04:00,29185.931640625,29202.259765625,29179.3046875,29179.3046875,4083000
2026-07-02T15:30:00-04:00,29179.953125,29204.888671875,29172.103515625,29204.888671875,3934000
2026-07-02T15:31:00-04:00,29211.6640625,29211.6640625,29187.533203125,29187.689453125,3907000
2026-07-02T15:32:00-04:00,29194.576171875,29209.044921875,29189.373046875,29200.29296875,4679000
2026-07-02T15:33:00-04:00,29204.234375,29219.681640625,29204.234375,29214.6171875,1435000
2026-07-02T15:34:00-04:00,29212.76953125,29223.943359375,29211.591796875,29218.765625,4436000
2026-07-02T15:35:00-04:00,29214.947265625,29232.71875,29212.009765625,29227.240234375,2059000
2026-07-02T15:36:00-04:00,29224.203125,29225.353515625,29196.4609375,29196.4609375,3633000
2026-07-02T15:37:00-04:00,29195.4375,29209.498046875,29185.29296875,29209.498046875,2993000
2026-07-02T15:38:00-04:00,29209.5234375,29224.021484375,29209.5234375,29212.380859375,2895000
2026-07-02T15:39:00-04:00,29211.775390625,29217.47265625,29203.19140625,29212.23046875,4726000
2026-07-02T15:40:00-04:00,29212.00390625,29212.859375,29198.3046875,29212.751953125,1858000
2026-07-02T15:41:00-04:00,29214.62890625,29214.62890625,29200.150390625,29200.94140625,4115000
2026-07-02T15:42:00-04:00,29203.548828125,29204.427734375,29186.9609375,29202.412109375,1548000
2026-07-02T15:43:00-04:00,29201.310546875,29214.720703125,29196.923828125,29211.3515625,3133000
2026-07-02T15:44:00-04:00,29207.771484375,29216.650390625,29201.3125,29208.607421875,3079000
2026-07-02T15:45:00-04:00,29214.865234375,29214.865234375,29208.177734375,29209.833984375,3913000
2026-07-02T15:46:00-04:00,29208.115234375,29210.09765625,29192.8046875,29196.169921875,5233000
2026-07-02T15:47:00-04:00,29196.146484375,29207.9296875,29190.78125,29192.5078125,1699000
2026-07-02T15:48:00-04:00,29193.904296875,29205.275390625,29192.26953125,29199.458984375,3440000
2026-07-02T15:49:00-04:00,29199.8203125,29204.94921875,29186.9609375,29204.94921875,4292000
2026-07-02T15:50:00-04:00,29267.78125,29279.2578125,29257.279296875,29262.033203125,5864000
2026-07-02T15:51:00-04:00,29259.353515625,29259.353515625,29243.978515625,29256.5546875,9999000
2026-07-02T15:52:00-04:00,29257.5,29260.2890625,29249.029296875,29251.689453125,3225000
2026-07-02T15:53:00-04:00,29258.568359375,29269.10546875,29248.7421875,29251.173828125,9676000
2026-07-02T15:54:00-04:00,29253.23046875,29291.892578125,29251.53515625,29289.990234375,3529000
2026-07-02T15:55:00-04:00,29270.6484375,29284.3828125,29270.64453125,29282.05078125,6549000
2026-07-02T15:56:00-04:00,29284.48046875,29302.4296875,29283.189453125,29299.201171875,7172000
2026-07-02T15:57:00-04:00,29301.546875,29316.439453125,29298.275390625,29315.65625,6755000
2026-07-02T15:58:00-04:00,29317.546875,29332.548828125,29315.287109375,29328.4453125,6586000
2026-07-02T15:59:00-04:00,29336.681640625,29340.00390625,29310.71484375,29310.71484375,7069000
2026-07-06T09:30:00-04:00,29594.68359375,29620.5703125,29594.68359375,29608.974609375,0
2026-07-06T09:31:00-04:00,29615.888671875,29641.2578125,29614.1328125,29615.271484375,2044097
2026-07-06T09:32:00-04:00,29615.212890625,29645.677734375,29615.212890625,29641.990234375,9065279
2026-07-06T09:33:00-04:00,29647.458984375,29660.25390625,29640.4921875,29658.212890625,8297403
2026-07-06T09:34:00-04:00,29665.54296875,29687.69140625,29665.42578125,29687.69140625,7372045
2026-07-06T09:35:00-04:00,29676.66015625,29676.66015625,29644.689453125,29658.19140625,5902100
2026-07-06T09:36:00-04:00,29652.091796875,29654.31640625,29557.6953125,29584.873046875,5665560
2026-07-06T09:37:00-04:00,29586.1953125,29620.20703125,29560.1328125,29561.826171875,4768212
2026-07-06T09:38:00-04:00,29570.677734375,29581.06640625,29557.744140625,29572.609375,4643126
2026-07-06T09:39:00-04:00,29583.69921875,29628.18359375,29583.69921875,29628.18359375,4499365
2026-07-06T09:40:00-04:00,29641.607421875,29661.33984375,29620.60546875,29661.33984375,5278141
2026-07-06T09:41:00-04:00,29667.076171875,29674.1640625,29664.970703125,29673.5234375,4679308
2026-07-06T09:42:00-04:00,29668.78125,29668.78125,29607.86328125,29627.255859375,4768058
2026-07-06T09:43:00-04:00,29629.171875,29639.908203125,29618.65234375,29622.5234375,4243884
2026-07-06T09:44:00-04:00,29626.28125,29665.744140625,29626.28125,29665.744140625,3637308
2026-07-06T09:45:00-04:00,29668.015625,29706.755859375,29663.408203125,29706.755859375,4642460
2026-07-06T09:46:00-04:00,29713.734375,29713.734375,29679.34765625,29679.34765625,4326173
2026-07-06T09:47:00-04:00,29653.00390625,29683.91015625,29653.00390625,29679.70703125,4085151
2026-07-06T09:48:00-04:00,29674.8671875,29694.8984375,29674.306640625,29691.046875,4231410
2026-07-06T09:49:00-04:00,29689.55859375,29708.451171875,29689.55859375,29708.451171875,3952907
2026-07-06T09:50:00-04:00,29706.578125,29735.25390625,29698.9765625,29735.25390625,4260521
2026-07-06T09:51:00-04:00,29728.845703125,29759.943359375,29728.845703125,29757.095703125,4408488
2026-07-06T09:52:00-04:00,29753.353515625,29753.353515625,29708.9609375,29708.9609375,4593985
2026-07-06T09:53:00-04:00,29703.28515625,29724.1875,29689.482421875,29723.421875,4120003
2026-07-06T09:54:00-04:00,29721.984375,29737.31640625,29721.984375,29724.611328125,3437755
2026-07-06T09:55:00-04:00,29722.6953125,29729.552734375,29722.6953125,29728.904296875,3699078
2026-07-06T09:56:00-04:00,29734.8046875,29736.853515625,29726.703125,29736.853515625,3379843
2026-07-06T09:57:00-04:00,29724.953125,29730.375,29708.890625,29711.1328125,3504819
2026-07-06T09:58:00-04:00,29701.546875,29706.173828125,29677.763671875,29686.654296875,3242948
2026-07-06T09:59:00-04:00,29697.6328125,29700.974609375,29682.400390625,29682.400390625,3464135
2026-07-06T10:00:00-04:00,29672.349609375,29705.068359375,29672.349609375,29682.560546875,3993070
2026-07-06T10:01:00-04:00,29688.486328125,29725.197265625,29688.486328125,29719.23828125,3381852
2026-07-06T10:02:00-04:00,29725.2734375,29725.2734375,29699.453125,29705.958984375,3712721
2026-07-06T10:03:00-04:00,29706.189453125,29716.4609375,29701.611328125,29705.408203125,2522595
2026-07-06T10:04:00-04:00,29696.56640625,29701.134765625,29684.08203125,29690.419921875,2735179
2026-07-06T10:05:00-04:00,29684.806640625,29688.68359375,29677.87109375,29679.099609375,2923533
2026-07-06T10:06:00-04:00,29673.59375,29719.732421875,29673.59375,29719.658203125,3754666
2026-07-06T10:07:00-04:00,29726.50390625,29736.42578125,29721.216796875,29736.42578125,3302161
2026-07-06T10:08:00-04:00,29737.146484375,29749.2578125,29737.146484375,29743.376953125,3470881
2026-07-06T10:09:00-04:00,29738.91015625,29761.119140625,29738.91015625,29755.73828125,3570773
2026-07-06T10:10:00-04:00,29739.828125,29752.712890625,29736.056640625,29750.3125,3568278
2026-07-06T10:11:00-04:00,29745.017578125,29768.9453125,29745.017578125,29755.306640625,3291541
2026-07-06T10:12:00-04:00,29757.095703125,29774.8203125,29751.80859375,29774.8203125,3478306
2026-07-06T10:13:00-04:00,29770.35546875,29773.810546875,29762.90625,29771.4765625,3131576
2026-07-06T10:14:00-04:00,29773.056640625,29781.73046875,29773.056640625,29781.73046875,2895805
2026-07-06T10:15:00-04:00,29780.544921875,29789.244140625,29775.59375,29786.73046875,3385858
2026-07-06T10:16:00-04:00,29787.525390625,29794.48046875,29779.10546875,29794.48046875,3407004
2026-07-06T10:17:00-04:00,29789.015625,29793.724609375,29780.595703125,29791.58203125,3195696
2026-07-06T10:18:00-04:00,29794.716796875,29797.83984375,29766.607421875,29776.01171875,3376982
2026-07-06T10:19:00-04:00,29776.8984375,29776.8984375,29761.46484375,29761.5390625,2943224
2026-07-06T10:20:00-04:00,29766.400390625,29769.263671875,29757.701171875,29769.263671875,2992572
2026-07-06T10:21:00-04:00,29765.267578125,29770.48828125,29748.552734375,29758.380859375,2997838
2026-07-06T10:22:00-04:00,29767.728515625,29769.33203125,29760.09375,29767.162109375,2834485
2026-07-06T10:23:00-04:00,29771.28515625,29789.53515625,29771.28515625,29789.53515625,2728603
2026-07-06T10:24:00-04:00,29791.98046875,29792.5,29771.279296875,29771.279296875,2682719
2026-07-06T10:25:00-04:00,29776.263671875,29782.318359375,29773.98828125,29780.876953125,2601300
2026-07-06T10:26:00-04:00,29782.66015625,29784.998046875,29775.5390625,29775.5390625,2513094
2026-07-06T10:27:00-04:00,29774.935546875,29781.96875,29764.65625,29772.404296875,2537936
2026-07-06T10:28:00-04:00,29773.708984375,29774.546875,29754.52734375,29754.984375,2498952
2026-07-06T10:29:00-04:00,29760.232421875,29772.388671875,29760.232421875,29770.205078125,2927163
2026-07-06T10:30:00-04:00,29774.376953125,29776.34375,29763.0625,29771.921875,2515330
2026-07-06T10:31:00-04:00,29775.919921875,29792.029296875,29775.919921875,29792.029296875,2735688
2026-07-06T10:32:00-04:00,29788.431640625,29800.39453125,29784.5703125,29800.39453125,2494511
2026-07-06T10:33:00-04:00,29803.708984375,29807.001953125,29796.728515625,29799.498046875,2659941
2026-07-06T10:34:00-04:00,29800.62109375,29802.67578125,29789.59375,29797.689453125,2655848
2026-07-06T10:35:00-04:00,29800.689453125,29800.689453125,29785.509765625,29798.10546875,2726310
2026-07-06T10:36:00-04:00,29795.783203125,29807.126953125,29795.783203125,29806.18359375,2347831
2026-07-06T10:37:00-04:00,29803.79296875,29803.79296875,29791.376953125,29799.12109375,2322800
2026-07-06T10:38:00-04:00,29800.33984375,29800.33984375,29782.1875,29783.7265625,2157839
2026-07-06T10:39:00-04:00,29781.490234375,29784.091796875,29777.048828125,29781.708984375,2165369
2026-07-06T10:40:00-04:00,29783.275390625,29783.275390625,29772.150390625,29773.8125,2335217
2026-07-06T10:41:00-04:00,29765.28515625,29774.93359375,29754.283203125,29761.080078125,2584706
2026-07-06T10:42:00-04:00,29766.181640625,29766.181640625,29749.541015625,29757.837890625,2393611
2026-07-06T10:43:00-04:00,29761.19140625,29789.423828125,29761.19140625,29789.423828125,2634833
2026-07-06T10:44:00-04:00,29791.76171875,29802.791015625,29791.76171875,29802.03125,2384995
2026-07-06T10:45:00-04:00,29795.482421875,29806.296875,29792.59765625,29806.296875,2377569
2026-07-06T10:46:00-04:00,29806.54296875,29807.7734375,29791.60546875,29795.935546875,2475240
2026-07-06T10:47:00-04:00,29795.673828125,29797.732421875,29791.994140625,29794.59375,2127843
2026-07-06T10:48:00-04:00,29792.931640625,29792.931640625,29780.599609375,29787.37109375,2294273
2026-07-06T10:49:00-04:00,29792.15625,29803.458984375,29792.15625,29799.380859375,2217846
2026-07-06T10:50:00-04:00,29800.6171875,29817.833984375,29800.6171875,29812.984375,2090417
2026-07-06T10:51:00-04:00,29813.474609375,29813.474609375,29802.404296875,29802.404296875,2519243
2026-07-06T10:52:00-04:00,29798.79296875,29798.79296875,29779.451171875,29782.2890625,2484674
2026-07-06T10:53:00-04:00,29780.97265625,29795.3203125,29780.427734375,29795.3203125,2035918
2026-07-06T10:54:00-04:00,29795.427734375,29795.427734375,29777.283203125,29777.283203125,2375982
2026-07-06T10:55:00-04:00,29782.671875,29782.671875,29770.91015625,29771.396484375,2130368
2026-07-06T10:56:00-04:00,29771.32421875,29772.6328125,29753.431640625,29758.671875,2345758
2026-07-06T10:57:00-04:00,29759.263671875,29765.271484375,29746.529296875,29756.953125,2369920
2026-07-06T10:58:00-04:00,29761.494140625,29779.31640625,29761.494140625,29776.14453125,2066310
2026-07-06T10:59:00-04:00,29776.705078125,29782.62890625,29776.705078125,29782.62890625,1944044
2026-07-06T11:00:00-04:00,29779.109375,29782.642578125,29757.36328125,29757.36328125,2327949
2026-07-06T11:01:00-04:00,29758.978515625,29788.634765625,29758.978515625,29788.626953125,2190225
2026-07-06T11:02:00-04:00,29789.03515625,29799.513671875,29788.4296875,29794.53125,2080189
2026-07-06T11:03:00-04:00,29794.818359375,29794.818359375,29791.6171875,29793.123046875,1940590
2026-07-06T11:04:00-04:00,29788.56640625,29792.341796875,29782.037109375,29782.037109375,1949402
2026-07-06T11:05:00-04:00,29777.138671875,29780.201171875,29769.029296875,29779.75390625,2231411
2026-07-06T11:06:00-04:00,29780.88671875,29787.18359375,29780.88671875,29785.62109375,2371595
2026-07-06T11:07:00-04:00,29786.0546875,29786.0546875,29765.255859375,29765.255859375,2009125
2026-07-06T11:08:00-04:00,29762.875,29762.875,29748.333984375,29749.24609375,2564459
2026-07-06T11:09:00-04:00,29756.166015625,29765.140625,29754.76171875,29760.259765625,2283384
2026-07-06T11:10:00-04:00,29766.93359375,29773.048828125,29765.392578125,29772.400390625,2179478
2026-07-06T11:11:00-04:00,29771.86328125,29772.103515625,29754.501953125,29754.96484375,2181978
2026-07-06T11:12:00-04:00,29750.025390625,29751.51953125,29743.216796875,29745.126953125,2492236
2026-07-06T11:13:00-04:00,29751.884765625,29751.884765625,29724.310546875,29724.642578125,2559564
2026-07-06T11:14:00-04:00,29733.99609375,29743.482421875,29733.5859375,29742.96484375,2476480
2026-07-06T11:15:00-04:00,29739.328125,29739.328125,29728.115234375,29729.58984375,1977158
2026-07-06T11:16:00-04:00,29729.357421875,29729.357421875,29705.798828125,29705.798828125,2277497
2026-07-06T11:17:00-04:00,29705.4375,29712.537109375,29704.427734375,29712.537109375,2241088
2026-07-06T11:18:00-04:00,29710.478515625,29715.541015625,29700.64453125,29715.541015625,3185653
2026-07-06T11:19:00-04:00,29722.419921875,29733.25,29713.126953125,29733.25,2469761
2026-07-06T11:20:00-04:00,29738.556640625,29738.748046875,29722.646484375,29728.171875,2430808
2026-07-06T11:21:00-04:00,29734.759765625,29738.26953125,29727.048828125,29738.26953125,2459621
2026-07-06T11:22:00-04:00,29737.6484375,29756.296875,29735.787109375,29750.95703125,2152286
2026-07-06T11:23:00-04:00,29754.087890625,29754.962890625,29742.318359375,29747.150390625,2789420
2026-07-06T11:24:00-04:00,29749.927734375,29761.423828125,29745.638671875,29761.423828125,1780354
2026-07-06T11:25:00-04:00,29765.990234375,29767.361328125,29762.115234375,29766.611328125,4095077
2026-07-06T11:26:00-04:00,29770.845703125,29792.818359375,29770.845703125,29792.818359375,3088605
2026-07-06T11:27:00-04:00,29790.4921875,29794.416015625,29787.236328125,29793.28515625,2053261
2026-07-06T11:28:00-04:00,29793.3046875,29794.01171875,29786.212890625,29791.15234375,2289232
2026-07-06T11:29:00-04:00,29796.27734375,29811.724609375,29795.05859375,29811.724609375,1907313
2026-07-06T11:30:00-04:00,29807.30859375,29813.505859375,29803.099609375,29812.642578125,2128989
2026-07-06T11:31:00-04:00,29814.5078125,29824.814453125,29814.5078125,29824.814453125,2116679
2026-07-06T11:32:00-04:00,29822.828125,29822.828125,29811.8984375,29816.537109375,2008228
2026-07-06T11:33:00-04:00,29819.130859375,29822.08203125,29814.5703125,29821.712890625,1758101
2026-07-06T11:34:00-04:00,29820.57421875,29820.57421875,29808.951171875,29808.951171875,1793645
2026-07-06T11:35:00-04:00,29805.345703125,29806.205078125,29794.78515625,29796.572265625,1954766
2026-07-06T11:36:00-04:00,29792.21875,29805.306640625,29791.6875,29805.306640625,1832311
2026-07-06T11:37:00-04:00,29802.6953125,29804.845703125,29792.66796875,29804.845703125,1938866
2026-07-06T11:38:00-04:00,29805.9375,29817.83203125,29805.857421875,29815.21484375,2008482
2026-07-06T11:39:00-04:00,29818.28125,29819.701171875,29808.1484375,29808.1484375,2064616
2026-07-06T11:40:00-04:00,29809.763671875,29809.763671875,29801.234375,29804.923828125,1638688
2026-07-06T11:41:00-04:00,29806.927734375,29820.810546875,29806.927734375,29820.09375,1819719
2026-07-06T11:42:00-04:00,29819.396484375,29829.322265625,29819.396484375,29829.322265625,2132863
2026-07-06T11:43:00-04:00,29826.763671875,29832.0703125,29825.451171875,29826.677734375,1648307
2026-07-06T11:44:00-04:00,29828.740234375,29830.71875,29822.611328125,29823.451171875,2164686
2026-07-06T11:45:00-04:00,29828.185546875,29829.21484375,29823.142578125,29823.521484375,1646002
2026-07-06T11:46:00-04:00,29823.8125,29829.318359375,29822.439453125,29828.6015625,1475357
2026-07-06T11:47:00-04:00,29828.568359375,29828.568359375,29825.07421875,29826.27734375,1689471
2026-07-06T11:48:00-04:00,29826.77734375,29826.77734375,29822.228515625,29822.5546875,1629517
2026-07-06T11:49:00-04:00,29822.08203125,29826.65625,29816.771484375,29826.65625,1580239
2026-07-06T11:50:00-04:00,29828.126953125,29834.01953125,29828.126953125,29831.7890625,1726770
2026-07-06T11:51:00-04:00,29830.927734375,29835.03515625,29828.525390625,29828.525390625,2065119
2026-07-06T11:52:00-04:00,29824.505859375,29824.505859375,29815.234375,29816.23046875,1864485
2026-07-06T11:53:00-04:00,29815.755859375,29817.927734375,29811.89453125,29815.978515625,1450339
2026-07-06T11:54:00-04:00,29815.712890625,29815.712890625,29806.53125,29806.53125,1607088
2026-07-06T11:55:00-04:00,29805.7890625,29809.3984375,29805.2265625,29808.88671875,1959100
2026-07-06T11:56:00-04:00,29806.423828125,29824.431640625,29803.521484375,29824.431640625,1854618
2026-07-06T11:57:00-04:00,29824.65234375,29832.2734375,29824.65234375,29825.23828125,1742474
2026-07-06T11:58:00-04:00,29826.169921875,29826.169921875,29822.580078125,29822.580078125,1549552
2026-07-06T11:59:00-04:00,29821.005859375,29828.134765625,29820.916015625,29825.083984375,1681581
2026-07-06T12:00:00-04:00,29822.70703125,29826.083984375,29812.97265625,29816.66796875,2653827
2026-07-06T12:01:00-04:00,29816.529296875,29817.599609375,29814.064453125,29814.205078125,1724670
2026-07-06T12:02:00-04:00,29815.33984375,29820.375,29813.29296875,29813.29296875,2304548
2026-07-06T12:03:00-04:00,29812.87109375,29812.87109375,29807.10546875,29808.1171875,907436
2026-07-06T12:04:00-04:00,29808.388671875,29815.189453125,29808.388671875,29811.251953125,2336647
2026-07-06T12:05:00-04:00,29812.650390625,29822.974609375,29810.287109375,29821.921875,941633
2026-07-06T12:06:00-04:00,29823.033203125,29825.017578125,29820.283203125,29823.87109375,1663761
2026-07-06T12:07:00-04:00,29823.154296875,29825.251953125,29821.03125,29823.955078125,1628970
2026-07-06T12:08:00-04:00,29822.572265625,29829.158203125,29822.572265625,29829.158203125,2010507
2026-07-06T12:09:00-04:00,29828.478515625,29845.033203125,29827.3515625,29831.3671875,2116826
2026-07-06T12:10:00-04:00,29832.94921875,29846.87109375,29830.96484375,29846.212890625,2263309
2026-07-06T12:11:00-04:00,29847.732421875,29847.732421875,29835.279296875,29838.390625,2144859
2026-07-06T12:12:00-04:00,29839.52734375,29841.908203125,29837.28125,29839.845703125,1661085
2026-07-06T12:13:00-04:00,29837.80859375,29838.330078125,29831.94921875,29838.330078125,2342702
2026-07-06T12:14:00-04:00,29841.95703125,29841.95703125,29828.453125,29828.453125,3010234
2026-07-06T12:15:00-04:00,29829.103515625,29830.513671875,29826.72265625,29828.435546875,830187
2026-07-06T12:16:00-04:00,29830.83984375,29831.275390625,29826.91015625,29827.37109375,2736522
2026-07-06T12:17:00-04:00,29826.8046875,29826.8046875,29817.3828125,29820.38671875,821433
2026-07-06T12:18:00-04:00,29819.26953125,29820.095703125,29810.19140625,29810.19140625,1741351
2026-07-06T12:19:00-04:00,29809.052734375,29818.166015625,29809.052734375,29815.94921875,1612764
2026-07-06T12:20:00-04:00,29818.9140625,29825.994140625,29816.123046875,29816.173828125,1500080
2026-07-06T12:21:00-04:00,29816.75390625,29816.75390625,29804.453125,29804.453125,1406194
2026-07-06T12:22:00-04:00,29803.8046875,29803.8046875,29797.892578125,29797.892578125,1501527
2026-07-06T12:23:00-04:00,29799.005859375,29802.029296875,29798.7109375,29801.96875,2055758
2026-07-06T12:24:00-04:00,29801.6796875,29802.0234375,29796.94921875,29801.83984375,581574
2026-07-06T12:25:00-04:00,29800.513671875,29800.513671875,29791.09375,29795.4921875,2340389
2026-07-06T12:26:00-04:00,29795.89453125,29798.330078125,29791.060546875,29791.439453125,770066
2026-07-06T12:27:00-04:00,29791.8359375,29791.8359375,29783.03125,29786.603515625,1624298
2026-07-06T12:28:00-04:00,29785.595703125,29786.15234375,29780.556640625,29783.09765625,1402093
2026-07-06T12:29:00-04:00,29785.166015625,29788.28515625,29783.017578125,29787.53125,1555647
2026-07-06T12:30:00-04:00,29787.111328125,29787.7421875,29777.298828125,29782.330078125,2457468
2026-07-06T12:31:00-04:00,29787.634765625,29797.37890625,29786.921875,29796.259765625,996631
2026-07-06T12:32:00-04:00,29794.3828125,29797.056640625,29785.732421875,29789.02734375,2480196
2026-07-06T12:33:00-04:00,29790.359375,29791.17578125,29786.8359375,29788.669921875,746387
2026-07-06T12:34:00-04:00,29788.5546875,29792.423828125,29788.412109375,29788.412109375,1597328
2026-07-06T12:35:00-04:00,29788.48828125,29788.48828125,29778.3046875,29780.439453125,1459069
2026-07-06T12:36:00-04:00,29774.53515625,29782.9140625,29774.53515625,29781.888671875,1471378
2026-07-06T12:37:00-04:00,29781.123046875,29785.6875,29778.595703125,29778.595703125,4095736
2026-07-06T12:38:00-04:00,29775.849609375,29775.849609375,29758.193359375,29760.853515625,1442124
2026-07-06T12:39:00-04:00,29762.427734375,29775.62109375,29762.427734375,29774.755859375,3154208
2026-07-06T12:40:00-04:00,29774.96484375,29785.822265625,29773.58984375,29785.0546875,555235
2026-07-06T12:41:00-04:00,29785.494140625,29787.708984375,29780.904296875,29781.72265625,2386187
2026-07-06T12:42:00-04:00,29780.10546875,29782.884765625,29773.240234375,29773.240234375,608432
2026-07-06T12:43:00-04:00,29774.234375,29776.828125,29772.712890625,29776.212890625,1205429
2026-07-06T12:44:00-04:00,29776.109375,29779.009765625,29773.29296875,29773.29296875,2055026
2026-07-06T12:45:00-04:00,29774.412109375,29774.412109375,29760.810546875,29764.984375,1569313
2026-07-06T12:46:00-04:00,29765.353515625,29780.30078125,29764.5859375,29778.40234375,2002146
2026-07-06T12:47:00-04:00,29777.005859375,29785.39453125,29777.005859375,29784.447265625,650181
2026-07-06T12:48:00-04:00,29783.07421875,29785.740234375,29780.6796875,29781.814453125,1434070
2026-07-06T12:49:00-04:00,29781.611328125,29789.71484375,29779.291015625,29789.71484375,1202609
2026-07-06T12:50:00-04:00,29789.208984375,29791.580078125,29787.58984375,29788.794921875,1074008
2026-07-06T12:51:00-04:00,29789.1640625,29791.060546875,29781.787109375,29782.509765625,1766473
2026-07-06T12:52:00-04:00,29779.3515625,29779.3515625,29771.64453125,29774.22265625,693327
2026-07-06T12:53:00-04:00,29771.927734375,29771.927734375,29761.0703125,29761.69921875,2822546
2026-07-06T12:54:00-04:00,29762.5859375,29763.67578125,29755.048828125,29755.048828125,800820
2026-07-06T12:55:00-04:00,29757.2734375,29758.8046875,29751.201171875,29751.455078125,1846666
2026-07-06T12:56:00-04:00,29750.75,29750.75,29742.65625,29749.80859375,1460947
2026-07-06T12:57:00-04:00,29751.935546875,29759.302734375,29751.935546875,29758.99609375,1353148
2026-07-06T12:58:00-04:00,29759.048828125,29759.720703125,29747.802734375,29748.66796875,2471734
2026-07-06T12:59:00-04:00,29748.91796875,29749.177734375,29740.4765625,29743.9765625,737991
2026-07-06T13:00:00-04:00,29744.94140625,29748.353515625,29739.4296875,29748.193359375,2293408
2026-07-06T13:01:00-04:00,29747.865234375,29750.72265625,29742.044921875,29742.044921875,703384
2026-07-06T13:02:00-04:00,29740.275390625,29743.421875,29732.30078125,29732.30078125,1570515
2026-07-06T13:03:00-04:00,29736.169921875,29755.318359375,29736.169921875,29755.318359375,1662777
2026-07-06T13:04:00-04:00,29754.951171875,29757.26953125,29750.080078125,29753.236328125,1590634
2026-07-06T13:05:00-04:00,29752.71484375,29769.951171875,29750.025390625,29769.951171875,1242388
2026-07-06T13:06:00-04:00,29771.892578125,29783.880859375,29771.892578125,29783.630859375,1631110
2026-07-06T13:07:00-04:00,29783.423828125,29784.349609375,29778.634765625,29780.703125,2192076
2026-07-06T13:08:00-04:00,29776.177734375,29778.982421875,29774.197265625,29778.982421875,753829
2026-07-06T13:09:00-04:00,29780.732421875,29787.96875,29780.732421875,29784.828125,3615713
2026-07-06T13:10:00-04:00,29785.78125,29791.009765625,29782.080078125,29783.24609375,733841
2026-07-06T13:11:00-04:00,29782.783203125,29784.201171875,29777.28125,29780.80078125,1545674
2026-07-06T13:12:00-04:00,29781.9921875,29787.421875,29781.9921875,29785.5390625,1252376
2026-07-06T13:13:00-04:00,29783.80078125,29785.078125,29774.736328125,29776.412109375,1169773
2026-07-06T13:14:00-04:00,29776.5234375,29776.771484375,29771.326171875,29773.5078125,2113370
2026-07-06T13:15:00-04:00,29775.5078125,29778.142578125,29772.6171875,29777.3203125,633202
2026-07-06T13:16:00-04:00,29778.58203125,29783.150390625,29778.150390625,29778.556640625,2639505
2026-07-06T13:17:00-04:00,29778.5390625,29778.5390625,29767.15234375,29767.15234375,591989
2026-07-06T13:18:00-04:00,29769.166015625,29769.166015625,29756.201171875,29756.201171875,1638056
2026-07-06T13:19:00-04:00,29756.853515625,29762.865234375,29752.626953125,29760.45703125,1352955
2026-07-06T13:20:00-04:00,29759.1640625,29759.1640625,29743.74609375,29744.0703125,1961099
2026-07-06T13:21:00-04:00,29743.12109375,29746.654296875,29733.54296875,29733.54296875,2072076
2026-07-06T13:22:00-04:00,29733.8125,29737.73046875,29722.47265625,29737.73046875,1885661
2026-07-06T13:23:00-04:00,29736.916015625,29738.666015625,29730.19921875,29731.208984375,1503426
2026-07-06T13:24:00-04:00,29732.990234375,29733.45703125,29724.6015625,29732.533203125,1285907
2026-07-06T13:25:00-04:00,29735.802734375,29746.271484375,29735.802734375,29743.501953125,1467587
2026-07-06T13:26:00-04:00,29742.818359375,29749.751953125,29742.818359375,29746.298828125,1900646
2026-07-06T13:27:00-04:00,29745.478515625,29746.720703125,29733.86328125,29733.86328125,616677
2026-07-06T13:28:00-04:00,29735.15625,29735.15625,29722.837890625,29722.837890625,2245318
2026-07-06T13:29:00-04:00,29722.337890625,29723.10546875,29705.5546875,29708.802734375,860870
2026-07-06T13:30:00-04:00,29709.45703125,29714.701171875,29703.0078125,29703.0078125,1823760
2026-07-06T13:31:00-04:00,29700.265625,29705.318359375,29692.224609375,29699.310546875,1906346
2026-07-06T13:32:00-04:00,29697.42578125,29702.76953125,29687.810546875,29687.810546875,1704745
2026-07-06T13:33:00-04:00,29689.064453125,29689.064453125,29681.509765625,29684.4765625,1619751
2026-07-06T13:34:00-04:00,29690.14453125,29691.005859375,29685.498046875,29687.740234375,1801175
2026-07-06T13:35:00-04:00,29689.439453125,29692.3984375,29684.36328125,29689.78515625,2455290
2026-07-06T13:36:00-04:00,29686.779296875,29686.779296875,29675.361328125,29679.26953125,874566
2026-07-06T13:37:00-04:00,29680.208984375,29686.169921875,29675.123046875,29683.47265625,2439758
2026-07-06T13:38:00-04:00,29684.072265625,29687.73046875,29682.52734375,29686.3671875,621687
2026-07-06T13:39:00-04:00,29687.009765625,29687.009765625,29675.841796875,29680.052734375,1293500
2026-07-06T13:40:00-04:00,29679.466796875,29679.466796875,29667.1796875,29668.32421875,1310586
2026-07-06T13:41:00-04:00,29666.49609375,29669.771484375,29662.533203125,29664.171875,1558749
2026-07-06T13:42:00-04:00,29663.716796875,29663.716796875,29643.119140625,29644.8359375,2616768
2026-07-06T13:43:00-04:00,29647.814453125,29658.271484375,29647.814453125,29658.271484375,818101
2026-07-06T13:44:00-04:00,29658.9296875,29666.49609375,29658.9296875,29661.99609375,2191561
2026-07-06T13:45:00-04:00,29654.662109375,29657.787109375,29643.85546875,29657.787109375,1145103
2026-07-06T13:46:00-04:00,29658.48046875,29676.10546875,29658.48046875,29674.21875,1806367
2026-07-06T13:47:00-04:00,29675.025390625,29689.02734375,29675.025390625,29684.029296875,1744769
2026-07-06T13:48:00-04:00,29683.66015625,29684.08984375,29677.015625,29677.525390625,1456727
2026-07-06T13:49:00-04:00,29676.728515625,29677.814453125,29672.54296875,29677.103515625,1323092
2026-07-06T13:50:00-04:00,29684.494140625,29694.05859375,29683.435546875,29688.046875,1517145
2026-07-06T13:51:00-04:00,29689.48828125,29690.591796875,29685.681640625,29688.048828125,1954361
2026-07-06T13:52:00-04:00,29688.46484375,29688.7421875,29671.984375,29671.984375,747654
2026-07-06T13:53:00-04:00,29671.330078125,29671.330078125,29662.876953125,29669.94921875,1883100
2026-07-06T13:54:00-04:00,29668.4453125,29668.77734375,29660.41796875,29660.736328125,596766
2026-07-06T13:55:00-04:00,29663.359375,29663.96484375,29654.13671875,29654.83203125,1502681
2026-07-06T13:56:00-04:00,29655.70703125,29659.3515625,29654.927734375,29658.1796875,1230269
2026-07-06T13:57:00-04:00,29659.560546875,29660.69140625,29652.79296875,29652.79296875,1182262
2026-07-06T13:58:00-04:00,29652.466796875,29652.466796875,29644.8515625,29644.8515625,2076497
2026-07-06T13:59:00-04:00,29644.69140625,29651.638671875,29644.69140625,29651.638671875,811038
2026-07-06T14:00:00-04:00,29653.46875,29665.685546875,29653.46875,29657.35546875,1440466
2026-07-06T14:01:00-04:00,29658.09765625,29678.142578125,29658.09765625,29678.142578125,2232293
2026-07-06T14:02:00-04:00,29680.111328125,29691.0625,29680.111328125,29683.19140625,899528
2026-07-06T14:03:00-04:00,29683.041015625,29691.423828125,29681.833984375,29691.423828125,1832839
2026-07-06T14:04:00-04:00,29691.466796875,29691.466796875,29678.5703125,29681.171875,1528027
2026-07-06T14:05:00-04:00,29684.03515625,29691.025390625,29683.62890625,29687.55859375,1343043
2026-07-06T14:06:00-04:00,29687.400390625,29700.576171875,29687.400390625,29700.576171875,2088400
2026-07-06T14:07:00-04:00,29701.17578125,29710.654296875,29701.17578125,29710.654296875,650667
2026-07-06T14:08:00-04:00,29710.634765625,29722.43359375,29710.634765625,29722.310546875,2388752
2026-07-06T14:09:00-04:00,29720.384765625,29720.384765625,29713.380859375,29718.265625,918641
2026-07-06T14:10:00-04:00,29717.888671875,29726.36328125,29717.888671875,29724.017578125,1522932
2026-07-06T14:11:00-04:00,29725.091796875,29725.091796875,29719.01171875,29719.01171875,1490532
2026-07-06T14:12:00-04:00,29718.244140625,29718.244140625,29712.099609375,29716.04296875,1505015
2026-07-06T14:13:00-04:00,29715.3515625,29716.13671875,29708.79296875,29710.841796875,1308687
2026-07-06T14:14:00-04:00,29711.166015625,29711.578125,29706.8828125,29708.173828125,1123663
2026-07-06T14:15:00-04:00,29709.00390625,29728.966796875,29709.00390625,29728.966796875,1953859
2026-07-06T14:16:00-04:00,29733.01953125,29748.287109375,29733.01953125,29740.16796875,1072020
2026-07-06T14:17:00-04:00,29738.1484375,29738.1484375,29729.931640625,29729.951171875,1967588
2026-07-06T14:18:00-04:00,29728.052734375,29731.84765625,29724.439453125,29731.84765625,792145
2026-07-06T14:19:00-04:00,29733.298828125,29741.890625,29733.298828125,29741.890625,1458735
2026-07-06T14:20:00-04:00,29741.96484375,29742.18359375,29733.544921875,29737.126953125,1318955
2026-07-06T14:21:00-04:00,29736.8203125,29743.65625,29734.71875,29742.544921875,1241552
2026-07-06T14:22:00-04:00,29742.74609375,29746.19921875,29741.529296875,29745.15234375,1944802
2026-07-06T14:23:00-04:00,29740.00390625,29744.3125,29734.90234375,29742.994140625,860010
2026-07-06T14:24:00-04:00,29743.552734375,29749.380859375,29742.099609375,29749.380859375,2251139
2026-07-06T14:25:00-04:00,29747.810546875,29750.748046875,29743.470703125,29750.748046875,780395
2026-07-06T14:26:00-04:00,29750.88671875,29754.34765625,29748.83984375,29750.884765625,1937475
2026-07-06T14:27:00-04:00,29749.5234375,29749.5234375,29738.787109375,29739.26953125,2287890
2026-07-06T14:28:00-04:00,29737.765625,29738.408203125,29728.892578125,29729.4921875,659405
2026-07-06T14:29:00-04:00,29731.255859375,29734.634765625,29728.501953125,29729.345703125,1925955
2026-07-06T14:30:00-04:00,29730.228515625,29731.775390625,29726.166015625,29729.505859375,740390
2026-07-06T14:31:00-04:00,29728.8046875,29736.3671875,29728.5078125,29736.3671875,1608217
2026-07-06T14:32:00-04:00,29735.892578125,29735.892578125,29719.283203125,29721.828125,1555750
2026-07-06T14:33:00-04:00,29721.47265625,29724.15625,29716.47265625,29717.33203125,1263180
2026-07-06T14:34:00-04:00,29716.84375,29717.833984375,29709.6484375,29709.6484375,1748628
2026-07-06T14:35:00-04:00,29708.8515625,29715.40625,29708.8515625,29715.001953125,677175
2026-07-06T14:36:00-04:00,29716.509765625,29722.076171875,29713.560546875,29722.076171875,1073329
2026-07-06T14:37:00-04:00,29721.55078125,29729.87109375,29721.55078125,29729.826171875,1318829
2026-07-06T14:38:00-04:00,29730.154296875,29733.8828125,29721.05859375,29721.05859375,1205151
2026-07-06T14:39:00-04:00,29718.9296875,29718.9296875,29713.9296875,29716.4453125,1727545
2026-07-06T14:40:00-04:00,29720.01171875,29724.779296875,29719.474609375,29724.779296875,590654
2026-07-06T14:41:00-04:00,29726.330078125,29735.248046875,29726.330078125,29734.41796875,1606429
2026-07-06T14:42:00-04:00,29733.302734375,29740.13671875,29730.966796875,29740.13671875,591284
2026-07-06T14:43:00-04:00,29739.603515625,29742.009765625,29737.845703125,29740.46484375,1231723
2026-07-06T14:44:00-04:00,29739.908203125,29742.802734375,29724.44140625,29737.71484375,1157238
2026-07-06T14:45:00-04:00,29740.234375,29745.78515625,29736.201171875,29745.78515625,2117869
2026-07-06T14:46:00-04:00,29744.97265625,29751.09375,29742.337890625,29751.09375,2398214
2026-07-06T14:47:00-04:00,29752.373046875,29757.51953125,29752.373046875,29755.056640625,791805
2026-07-06T14:48:00-04:00,29755.515625,29757.86328125,29747.94921875,29747.94921875,2092642
2026-07-06T14:49:00-04:00,29747.666015625,29747.666015625,29741.6875,29746.2890625,745751
2026-07-06T14:50:00-04:00,29746.267578125,29746.267578125,29738.423828125,29744.759765625,1683556
2026-07-06T14:51:00-04:00,29745.474609375,29751.126953125,29744.32421875,29746.447265625,1628656
2026-07-06T14:52:00-04:00,29745.931640625,29746.69140625,29742.048828125,29744.927734375,1351320
2026-07-06T14:53:00-04:00,29743.876953125,29744.443359375,29737.056640625,29743.64453125,1882438
2026-07-06T14:54:00-04:00,29743.78515625,29745.685546875,29740.869140625,29745.685546875,1478025
2026-07-06T14:55:00-04:00,29745.634765625,29748.740234375,29740.453125,29743.60546875,2343034
2026-07-06T14:56:00-04:00,29743.72265625,29760.41796875,29743.72265625,29757.978515625,691196
2026-07-06T14:57:00-04:00,29757.74609375,29759.89453125,29756.30859375,29757.240234375,2117643
2026-07-06T14:58:00-04:00,29759.037109375,29761.15234375,29756.451171875,29756.451171875,746417
2026-07-06T14:59:00-04:00,29753.6640625,29753.796875,29746.779296875,29750.765625,1469156
2026-07-06T15:00:00-04:00,29751.173828125,29765.455078125,29751.173828125,29756.521484375,1589563
2026-07-06T15:01:00-04:00,29755.908203125,29756.064453125,29747.1640625,29754.072265625,1382067
2026-07-06T15:02:00-04:00,29753.96484375,29756.46875,29743.396484375,29743.91015625,2122253
2026-07-06T15:03:00-04:00,29745.765625,29745.78125,29742.171875,29742.171875,799820
2026-07-06T15:04:00-04:00,29742.623046875,29750.404296875,29742.623046875,29750.404296875,2209156
2026-07-06T15:05:00-04:00,29750.935546875,29756.40234375,29748.86328125,29756.208984375,751880
2026-07-06T15:06:00-04:00,29757.97265625,29765.142578125,29754.603515625,29765.10546875,1977056
2026-07-06T15:07:00-04:00,29765.06640625,29768.90625,29759.208984375,29759.908203125,1797588
2026-07-06T15:08:00-04:00,29758.970703125,29764.51953125,29757.748046875,29763.3359375,1779031
2026-07-06T15:09:00-04:00,29763.466796875,29768.603515625,29762.5625,29768.603515625,1772106
2026-07-06T15:10:00-04:00,29771.58203125,29774.62890625,29768.5234375,29769.673828125,1949446
2026-07-06T15:11:00-04:00,29769.05078125,29774.84765625,29767.279296875,29774.84765625,2746914
2026-07-06T15:12:00-04:00,29775.2109375,29787.146484375,29775.015625,29785.306640625,871450
2026-07-06T15:13:00-04:00,29782.876953125,29783.1328125,29777.35546875,29782.603515625,1906589
2026-07-06T15:14:00-04:00,29781.9765625,29782.828125,29773.958984375,29773.958984375,2876861
2026-07-06T15:15:00-04:00,29773.16015625,29776.3203125,29767.0078125,29776.3203125,1034925
2026-07-06T15:16:00-04:00,29776.73828125,29779.712890625,29774.013671875,29777.298828125,2904683
2026-07-06T15:17:00-04:00,29777.2421875,29791.037109375,29777.2421875,29789.859375,1089486
2026-07-06T15:18:00-04:00,29790.73828125,29796.724609375,29788.998046875,29788.998046875,2054965
2026-07-06T15:19:00-04:00,29787.42578125,29796.169921875,29787.42578125,29794.22265625,2099722
2026-07-06T15:20:00-04:00,29792.748046875,29798.0703125,29789.126953125,29798.0703125,1851212
2026-07-06T15:21:00-04:00,29798.912109375,29805.77734375,29798.912109375,29801.142578125,2119344
2026-07-06T15:22:00-04:00,29802.09765625,29803.896484375,29799.384765625,29800.904296875,1914865
2026-07-06T15:23:00-04:00,29801.15234375,29809.228515625,29799.580078125,29809.228515625,2886772
2026-07-06T15:24:00-04:00,29809.865234375,29813.763671875,29809.865234375,29810.388671875,1181462
2026-07-06T15:25:00-04:00,29810.208984375,29810.9140625,29803.244140625,29809.5859375,3816140
2026-07-06T15:26:00-04:00,29807.283203125,29807.283203125,29799.474609375,29804.224609375,1335254
2026-07-06T15:27:00-04:00,29803.716796875,29806.40625,29794.763671875,29794.763671875,2248878
2026-07-06T15:28:00-04:00,29795.01171875,29799.73828125,29795.01171875,29799.677734375,2498599
2026-07-06T15:29:00-04:00,29801.55078125,29801.55078125,29795.98828125,29797.736328125,2015183
2026-07-06T15:30:00-04:00,29798.384765625,29798.384765625,29773.458984375,29773.458984375,5906306
2026-07-06T15:31:00-04:00,29773.185546875,29775.439453125,29760.3515625,29775.439453125,1807416
2026-07-06T15:32:00-04:00,29776.845703125,29784.35546875,29776.244140625,29782.39453125,3886925
2026-07-06T15:33:00-04:00,29779.60546875,29782.7578125,29775.46875,29782.6796875,1077707
2026-07-06T15:34:00-04:00,29784.453125,29787.310546875,29781.638671875,29786.658203125,3219352
2026-07-06T15:35:00-04:00,29788.318359375,29792.138671875,29784.232421875,29785.16015625,2576874
2026-07-06T15:36:00-04:00,29781.234375,29782.1484375,29761.9921875,29764.751953125,2636484
2026-07-06T15:37:00-04:00,29764.03515625,29773.08203125,29762.09765625,29767.79296875,2262774
2026-07-06T15:38:00-04:00,29764.978515625,29771.328125,29763.78125,29771.21875,1789671
2026-07-06T15:39:00-04:00,29771.130859375,29771.130859375,29764.978515625,29765.66796875,2870195
2026-07-06T15:40:00-04:00,29764.943359375,29766.978515625,29760.623046875,29762.21875,1087245
2026-07-06T15:41:00-04:00,29761.90625,29781.97265625,29761.90625,29780.951171875,3529394
2026-07-06T15:42:00-04:00,29785.150390625,29785.75390625,29780.134765625,29780.685546875,1427364
2026-07-06T15:43:00-04:00,29782.22265625,29787.103515625,29781.021484375,29783.798828125,2217678
2026-07-06T15:44:00-04:00,29783.017578125,29787.939453125,29782.302734375,29784.5390625,3960981
2026-07-06T15:45:00-04:00,29785.291015625,29796.390625,29785.291015625,29795.908203125,3445623
2026-07-06T15:46:00-04:00,29795.314453125,29795.314453125,29789.51171875,29792.333984375,4047187
2026-07-06T15:47:00-04:00,29791.912109375,29796.666015625,29790.177734375,29792.669921875,1621737
2026-07-06T15:48:00-04:00,29793.220703125,29795.869140625,29781.34765625,29788.107421875,4127016
2026-07-06T15:49:00-04:00,29790.892578125,29792.521484375,29783.57421875,29783.57421875,1668065
2026-07-06T15:50:00-04:00,29745.05859375,29752.982421875,29741.28515625,29742.4140625,4732025
2026-07-06T15:51:00-04:00,29746.86328125,29752.87890625,29743.857421875,29743.857421875,8796059
2026-07-06T15:52:00-04:00,29747.591796875,29747.591796875,29732.5234375,29732.5234375,2119658
2026-07-06T15:53:00-04:00,29730.515625,29741.5390625,29728.7109375,29741.5390625,7812497
2026-07-06T15:54:00-04:00,29746.1171875,29746.1171875,29720.28515625,29720.28515625,2719900
2026-07-06T15:55:00-04:00,29706.56640625,29712.359375,29698.158203125,29712.359375,6594335
2026-07-06T15:56:00-04:00,29709.6640625,29713.494140625,29705.955078125,29710.115234375,6457483
2026-07-06T15:57:00-04:00,29712.3984375,29732.287109375,29712.3984375,29724.44921875,6245903
2026-07-06T15:58:00-04:00,29720.0546875,29720.0546875,29709.177734375,29711.40625,9292849
2026-07-06T15:59:00-04:00,29714.451171875,29714.451171875,29690.12109375,29694.919921875,3094639
2026-07-07T09:30:00-04:00,29365.796875,29423.419921875,29365.796875,29382.27734375,0
2026-07-07T09:31:00-04:00,29406.197265625,29406.197265625,29371.302734375,29404.9375,9435803
2026-07-07T09:32:00-04:00,29391.44140625,29408.84765625,29350.560546875,29350.560546875,10427118
2026-07-07T09:33:00-04:00,29365.193359375,29365.193359375,29314.810546875,29314.810546875,9753701
2026-07-07T09:34:00-04:00,29316.314453125,29316.314453125,29278.916015625,29287.234375,7631195
2026-07-07T09:35:00-04:00,29299.5390625,29299.5390625,29264.103515625,29269.91015625,7419138
2026-07-07T09:36:00-04:00,29268.619140625,29308.736328125,29268.619140625,29308.736328125,6774677
2026-07-07T09:37:00-04:00,29322.80078125,29325.15234375,29309.587890625,29313.96875,6382394
2026-07-07T09:38:00-04:00,29310.16015625,29310.16015625,29252.345703125,29252.42578125,7074102
2026-07-07T09:39:00-04:00,29264.38671875,29323.029296875,29263.83984375,29310.908203125,5842333
2026-07-07T09:40:00-04:00,29296.1640625,29337.123046875,29294.681640625,29328.869140625,5805516
2026-07-07T09:41:00-04:00,29342.025390625,29342.927734375,29325.203125,29325.203125,4810773
2026-07-07T09:42:00-04:00,29313.951171875,29338.2734375,29303.544921875,29322.248046875,4541595
2026-07-07T09:43:00-04:00,29329.466796875,29351.64453125,29329.466796875,29334.076171875,5208774
2026-07-07T09:44:00-04:00,29329.04296875,29358.71875,29317.33984375,29358.71875,5074306
2026-07-07T09:45:00-04:00,29349.41796875,29352.677734375,29327.0546875,29330.439453125,5151301
2026-07-07T09:46:00-04:00,29324.703125,29338.169921875,29297.28125,29297.28125,4690683
2026-07-07T09:47:00-04:00,29294.775390625,29305.384765625,29287.869140625,29297.43359375,4625831
2026-07-07T09:48:00-04:00,29283.099609375,29333.689453125,29283.099609375,29308.810546875,4185909
2026-07-07T09:49:00-04:00,29304.595703125,29306.48046875,29275.37890625,29275.37890625,4114362
2026-07-07T09:50:00-04:00,29275.62890625,29292.22265625,29270.9140625,29271.388671875,4140339
2026-07-07T09:51:00-04:00,29275.54296875,29281.82421875,29246.23828125,29255.546875,4412915
2026-07-07T09:52:00-04:00,29285.4609375,29294.0703125,29261.361328125,29261.361328125,4239713
2026-07-07T09:53:00-04:00,29250.330078125,29250.330078125,29227.046875,29230.54296875,4359985
2026-07-07T09:54:00-04:00,29215.392578125,29233.171875,29207.2109375,29218.9609375,4938568
2026-07-07T09:55:00-04:00,29216.849609375,29216.849609375,29191.8828125,29191.8828125,4815507
2026-07-07T09:56:00-04:00,29194.2421875,29210.890625,29194.2421875,29196.36328125,5539175
2026-07-07T09:57:00-04:00,29202.953125,29211.98828125,29199.232421875,29199.232421875,4614875
2026-07-07T09:58:00-04:00,29196.689453125,29224.69921875,29194.044921875,29194.548828125,4157994
2026-07-07T09:59:00-04:00,29208.388671875,29239.072265625,29208.388671875,29229.59765625,4765006
2026-07-07T10:00:00-04:00,29224.033203125,29244.671875,29224.033203125,29230.3125,4732460
2026-07-07T10:01:00-04:00,29251.255859375,29252.595703125,29220.546875,29223.0,4370815
2026-07-07T10:02:00-04:00,29231.833984375,29251.712890625,29224.626953125,29245.642578125,3526646
2026-07-07T10:03:00-04:00,29237.18359375,29238.099609375,29208.451171875,29208.86328125,4079448
2026-07-07T10:04:00-04:00,29204.1796875,29210.171875,29186.93359375,29197.380859375,3931384
2026-07-07T10:05:00-04:00,29199.60546875,29212.294921875,29198.94140625,29203.35546875,3625819
2026-07-07T10:06:00-04:00,29215.517578125,29229.53125,29215.517578125,29226.974609375,3691570
2026-07-07T10:07:00-04:00,29229.322265625,29229.322265625,29195.033203125,29198.896484375,3604489
2026-07-07T10:08:00-04:00,29215.833984375,29215.833984375,29181.16796875,29199.072265625,3243191
2026-07-07T10:09:00-04:00,29211.283203125,29217.369140625,29199.2890625,29205.953125,3823796
2026-07-07T10:10:00-04:00,29198.087890625,29198.087890625,29174.07421875,29174.890625,3457734
2026-07-07T10:11:00-04:00,29173.33203125,29174.943359375,29147.19921875,29147.19921875,4420386
2026-07-07T10:12:00-04:00,29159.494140625,29159.494140625,29132.3984375,29132.3984375,4315219
2026-07-07T10:13:00-04:00,29128.6484375,29147.41796875,29128.6484375,29134.326171875,4510973
2026-07-07T10:14:00-04:00,29129.4453125,29129.4453125,29098.83984375,29100.796875,5440125
2026-07-07T10:15:00-04:00,29101.361328125,29101.42578125,29073.748046875,29088.01171875,6214574
2026-07-07T10:16:00-04:00,29102.708984375,29113.294921875,29089.744140625,29092.52734375,5177170
2026-07-07T10:17:00-04:00,29099.75,29099.75,29088.6640625,29088.6640625,4242079
2026-07-07T10:18:00-04:00,29090.30078125,29122.412109375,29090.30078125,29110.2421875,4008959
2026-07-07T10:19:00-04:00,29121.77734375,29125.49609375,29098.1953125,29125.49609375,4243267
2026-07-07T10:20:00-04:00,29134.33203125,29134.33203125,29091.68359375,29096.939453125,4024062
2026-07-07T10:21:00-04:00,29100.287109375,29100.287109375,29086.734375,29095.876953125,3772647
2026-07-07T10:22:00-04:00,29103.708984375,29105.994140625,29087.609375,29090.412109375,3218096
2026-07-07T10:23:00-04:00,29083.609375,29083.609375,29064.658203125,29069.333984375,4628168
2026-07-07T10:24:00-04:00,29075.908203125,29075.908203125,29053.126953125,29055.0703125,3502098
2026-07-07T10:25:00-04:00,29044.5859375,29044.80078125,29029.2421875,29039.69921875,5894202
2026-07-07T10:26:00-04:00,29036.5703125,29036.5703125,29023.033203125,29025.142578125,4238302
2026-07-07T10:27:00-04:00,29023.5078125,29055.517578125,29023.5078125,29046.4140625,4272498
2026-07-07T10:28:00-04:00,29046.52734375,29053.9453125,29038.916015625,29051.021484375,3713811
2026-07-07T10:29:00-04:00,29051.212890625,29072.806640625,29051.212890625,29063.5078125,5692010
2026-07-07T10:30:00-04:00,29068.8203125,29081.978515625,29060.03125,29073.46875,3518595
2026-07-07T10:31:00-04:00,29075.017578125,29093.01953125,29068.318359375,29069.390625,3627949
2026-07-07T10:32:00-04:00,29059.482421875,29059.482421875,29039.5546875,29053.4375,3820415
2026-07-07T10:33:00-04:00,29073.724609375,29081.08203125,29067.599609375,29072.875,3222265
2026-07-07T10:34:00-04:00,29076.560546875,29076.560546875,29045.810546875,29045.810546875,3003867
2026-07-07T10:35:00-04:00,29043.53125,29046.580078125,29007.69140625,29007.69140625,3908779
2026-07-07T10:36:00-04:00,29014.85546875,29030.927734375,29008.759765625,29030.927734375,3679770
2026-07-07T10:37:00-04:00,29042.29296875,29042.29296875,29020.7109375,29032.74609375,3847848
2026-07-07T10:38:00-04:00,29032.15234375,29038.203125,29022.650390625,29022.650390625,3940696
2026-07-07T10:39:00-04:00,29034.69140625,29039.06640625,29017.814453125,29017.814453125,3585543
2026-07-07T10:40:00-04:00,29020.205078125,29029.193359375,29018.390625,29022.42578125,3490322
2026-07-07T10:41:00-04:00,29018.513671875,29018.513671875,28993.84765625,28993.84765625,4329780
2026-07-07T10:42:00-04:00,28985.404296875,29007.94140625,28974.720703125,29005.53125,4539259
2026-07-07T10:43:00-04:00,28997.947265625,29010.421875,28995.833984375,29002.96484375,3428345
2026-07-07T10:44:00-04:00,29002.416015625,29002.416015625,28990.630859375,28996.98828125,3137586
2026-07-07T10:45:00-04:00,29007.982421875,29021.626953125,29000.564453125,29006.25390625,3449455
2026-07-07T10:46:00-04:00,29005.244140625,29036.45703125,29005.244140625,29035.171875,3540159
2026-07-07T10:47:00-04:00,29036.75,29051.166015625,29029.3046875,29049.44140625,2825751
2026-07-07T10:48:00-04:00,29041.982421875,29057.83203125,29032.4609375,29032.4609375,3284925
2026-07-07T10:49:00-04:00,29033.298828125,29036.435546875,29021.158203125,29024.1328125,2931312
2026-07-07T10:50:00-04:00,29035.87109375,29040.0234375,29023.009765625,29040.0234375,2730759
2026-07-07T10:51:00-04:00,29052.806640625,29061.609375,29042.841796875,29048.359375,3045593
2026-07-07T10:52:00-04:00,29046.58984375,29074.451171875,29043.8046875,29074.451171875,3116622
2026-07-07T10:53:00-04:00,29079.1953125,29079.91796875,29070.583984375,29074.27734375,3272994
2026-07-07T10:54:00-04:00,29059.595703125,29061.193359375,29050.9921875,29059.755859375,2762012
2026-07-07T10:55:00-04:00,29065.578125,29088.072265625,29065.578125,29080.76953125,2785949
2026-07-07T10:56:00-04:00,29078.841796875,29085.96484375,29056.57421875,29056.57421875,2836310
2026-07-07T10:57:00-04:00,29060.390625,29075.162109375,29053.349609375,29075.162109375,2470742
2026-07-07T10:58:00-04:00,29073.65625,29091.669921875,29073.65625,29077.115234375,2868489
2026-07-07T10:59:00-04:00,29079.1171875,29089.271484375,29078.0078125,29078.0078125,3090134
2026-07-07T11:00:00-04:00,29062.12890625,29071.701171875,29057.388671875,29068.556640625,2757948
2026-07-07T11:01:00-04:00,29060.697265625,29060.697265625,29039.763671875,29055.244140625,2766222
2026-07-07T11:02:00-04:00,29061.3359375,29066.388671875,29056.140625,29063.810546875,2355101
2026-07-07T11:03:00-04:00,29058.900390625,29078.951171875,29057.67578125,29078.951171875,2376398
2026-07-07T11:04:00-04:00,29086.720703125,29087.4453125,29070.923828125,29079.984375,2351411
2026-07-07T11:05:00-04:00,29084.5078125,29089.3828125,29068.990234375,29068.990234375,2721778
2026-07-07T11:06:00-04:00,29068.1171875,29083.314453125,29068.1171875,29080.009765625,2692993
2026-07-07T11:07:00-04:00,29076.48046875,29081.9921875,29063.6640625,29081.755859375,2514269
2026-07-07T11:08:00-04:00,29090.251953125,29095.53125,29087.216796875,29088.462890625,2403221
2026-07-07T11:09:00-04:00,29085.173828125,29092.923828125,29078.34375,29090.0234375,2606204
2026-07-07T11:10:00-04:00,29089.521484375,29101.146484375,29087.767578125,29095.326171875,2429107
2026-07-07T11:11:00-04:00,29100.990234375,29103.93359375,29094.943359375,29096.599609375,2619211
2026-07-07T11:12:00-04:00,29090.90234375,29112.89453125,29090.296875,29108.783203125,2512551
2026-07-07T11:13:00-04:00,29114.869140625,29119.7890625,29105.52734375,29119.7890625,3544179
2026-07-07T11:14:00-04:00,29116.416015625,29117.81640625,29086.234375,29086.234375,2678770
2026-07-07T11:15:00-04:00,29077.15625,29077.15625,29064.435546875,29066.15625,2895381
2026-07-07T11:16:00-04:00,29074.771484375,29074.771484375,29054.619140625,29061.275390625,2421626
2026-07-07T11:17:00-04:00,29067.310546875,29069.28125,29049.326171875,29049.326171875,2534476
2026-07-07T11:18:00-04:00,29054.64453125,29061.841796875,29050.650390625,29056.908203125,2554490
2026-07-07T11:19:00-04:00,29049.318359375,29051.580078125,29041.341796875,29042.6796875,2251851
2026-07-07T11:20:00-04:00,29039.501953125,29049.94921875,29039.501953125,29041.51953125,2324374
2026-07-07T11:21:00-04:00,29045.1328125,29074.953125,29041.41796875,29073.955078125,2601549
2026-07-07T11:22:00-04:00,29076.123046875,29076.982421875,29057.13671875,29058.8671875,2491186
2026-07-07T11:23:00-04:00,29056.876953125,29056.876953125,29045.833984375,29051.921875,2314578
2026-07-07T11:24:00-04:00,29053.244140625,29058.423828125,29036.951171875,29043.228515625,2447465
2026-07-07T11:25:00-04:00,29048.244140625,29052.771484375,29044.31640625,29052.771484375,2378320
2026-07-07T11:26:00-04:00,29045.91796875,29066.501953125,29045.91796875,29066.501953125,2328581
2026-07-07T11:27:00-04:00,29063.90625,29070.572265625,29058.365234375,29069.06640625,2457981
2026-07-07T11:28:00-04:00,29076.39453125,29079.611328125,29056.5078125,29056.5078125,2765924
2026-07-07T11:29:00-04:00,29055.85546875,29075.810546875,29055.85546875,29075.810546875,2220404
2026-07-07T11:30:00-04:00,29084.291015625,29084.291015625,29063.162109375,29067.443359375,2329095
2026-07-07T11:31:00-04:00,29064.275390625,29071.677734375,29058.662109375,29070.072265625,2215058
2026-07-07T11:32:00-04:00,29067.9921875,29072.98828125,29067.81640625,29067.81640625,1995755
2026-07-07T11:33:00-04:00,29067.11328125,29080.68359375,29067.11328125,29071.72265625,2136855
2026-07-07T11:34:00-04:00,29077.65625,29079.29296875,29062.896484375,29062.896484375,2234565
2026-07-07T11:35:00-04:00,29052.615234375,29055.8515625,29039.041015625,29055.8515625,2991703
2026-07-07T11:36:00-04:00,29063.05859375,29074.337890625,29063.05859375,29063.859375,2371255
2026-07-07T11:37:00-04:00,29066.19921875,29066.19921875,29047.787109375,29050.919921875,2639371
2026-07-07T11:38:00-04:00,29057.400390625,29057.400390625,29041.060546875,29043.81640625,2059861
2026-07-07T11:39:00-04:00,29045.095703125,29045.87109375,29026.166015625,29027.931640625,2083258
2026-07-07T11:40:00-04:00,29019.478515625,29034.8046875,29013.556640625,29034.8046875,2724246
2026-07-07T11:41:00-04:00,29030.04296875,29046.884765625,29030.04296875,29046.884765625,2500269
2026-07-07T11:42:00-04:00,29049.58984375,29062.703125,29041.15234375,29059.916015625,2120875
2026-07-07T11:43:00-04:00,29058.0390625,29068.775390625,29049.814453125,29063.935546875,1898373
2026-07-07T11:44:00-04:00,29063.01953125,29086.55859375,29061.43359375,29086.55859375,2069038
2026-07-07T11:45:00-04:00,29095.904296875,29123.4765625,29095.904296875,29116.1328125,2837414
2026-07-07T11:46:00-04:00,29115.794921875,29122.58984375,29112.955078125,29115.83203125,2289777
2026-07-07T11:47:00-04:00,29115.681640625,29132.623046875,29115.681640625,29117.8515625,2306894
2026-07-07T11:48:00-04:00,29113.548828125,29136.541015625,29113.548828125,29132.439453125,2459171
2026-07-07T11:49:00-04:00,29127.41015625,29132.99609375,29099.943359375,29099.943359375,2281094
2026-07-07T11:50:00-04:00,29103.681640625,29110.96875,29103.681640625,29104.083984375,2021735
2026-07-07T11:51:00-04:00,29106.57421875,29118.03125,29106.57421875,29118.03125,2065524
2026-07-07T11:52:00-04:00,29120.490234375,29144.16015625,29117.095703125,29144.16015625,1768417
2026-07-07T11:53:00-04:00,29141.9453125,29143.921875,29135.23046875,29137.5234375,2650344
2026-07-07T11:54:00-04:00,29139.66015625,29139.66015625,29127.333984375,29132.005859375,1813721
2026-07-07T11:55:00-04:00,29131.935546875,29134.640625,29121.53515625,29123.716796875,1834490
2026-07-07T11:56:00-04:00,29116.44921875,29133.48046875,29116.44921875,29127.408203125,1930432
2026-07-07T11:57:00-04:00,29129.40234375,29140.212890625,29129.40234375,29137.47265625,3201327
2026-07-07T11:58:00-04:00,29142.515625,29146.171875,29141.08984375,29146.029296875,2312199
2026-07-07T11:59:00-04:00,29143.796875,29154.638671875,29140.736328125,29151.5859375,2580532
2026-07-07T12:00:00-04:00,29151.71484375,29171.099609375,29147.646484375,29168.115234375,3800049
2026-07-07T12:01:00-04:00,29169.65234375,29182.91796875,29169.65234375,29181.1640625,1193794
2026-07-07T12:02:00-04:00,29180.529296875,29196.9140625,29180.529296875,29194.287109375,2454296
2026-07-07T12:03:00-04:00,29193.1171875,29193.71484375,29184.50390625,29190.64453125,2373966
2026-07-07T12:04:00-04:00,29192.529296875,29192.611328125,29183.181640625,29184.150390625,2353162
2026-07-07T12:05:00-04:00,29185.96484375,29193.81640625,29173.228515625,29193.81640625,2248898
2026-07-07T12:06:00-04:00,29193.04296875,29210.044921875,29193.04296875,29201.970703125,2433388
2026-07-07T12:07:00-04:00,29198.14453125,29199.794921875,29179.625,29191.5078125,4427918
2026-07-07T12:08:00-04:00,29191.126953125,29191.126953125,29164.044921875,29171.837890625,1210002
2026-07-07T12:09:00-04:00,29170.640625,29182.5078125,29169.10546875,29176.73046875,1738039
2026-07-07T12:10:00-04:00,29177.583984375,29197.19140625,29177.583984375,29187.326171875,3007727
2026-07-07T12:11:00-04:00,29190.591796875,29201.109375,29187.189453125,29201.109375,1077281
2026-07-07T12:12:00-04:00,29201.697265625,29223.861328125,29201.697265625,29223.064453125,3781457
2026-07-07T12:13:00-04:00,29223.72265625,29232.203125,29223.72265625,29230.72265625,1125792
2026-07-07T12:14:00-04:00,29228.6953125,29234.138671875,29224.490234375,29233.716796875,2425303
2026-07-07T12:15:00-04:00,29231.31640625,29231.31640625,29220.34375,29222.5625,2343925
2026-07-07T12:16:00-04:00,29221.08984375,29230.8671875,29221.08984375,29227.26171875,2299245
2026-07-07T12:17:00-04:00,29226.724609375,29230.09765625,29222.689453125,29223.470703125,1933259
2026-07-07T12:18:00-04:00,29224.6640625,29224.6640625,29217.484375,29220.001953125,2136362
2026-07-07T12:19:00-04:00,29218.498046875,29238.404296875,29218.498046875,29235.193359375,3198858
2026-07-07T12:20:00-04:00,29237.474609375,29267.0234375,29237.474609375,29264.60546875,1624025
2026-07-07T12:21:00-04:00,29264.298828125,29267.71875,29257.83984375,29267.169921875,3429357
2026-07-07T12:22:00-04:00,29267.376953125,29293.322265625,29267.376953125,29293.322265625,1108868
2026-07-07T12:23:00-04:00,29289.3828125,29305.580078125,29284.626953125,29288.294921875,2722277
2026-07-07T12:24:00-04:00,29287.23828125,29288.822265625,29270.775390625,29270.947265625,1949453
2026-07-07T12:25:00-04:00,29266.392578125,29282.306640625,29266.392578125,29279.888671875,2101142
2026-07-07T12:26:00-04:00,29281.751953125,29301.734375,29281.751953125,29299.951171875,2965635
2026-07-07T12:27:00-04:00,29302.63671875,29306.427734375,29299.181640625,29306.427734375,980539
2026-07-07T12:28:00-04:00,29304.646484375,29311.130859375,29301.212890625,29301.626953125,3317130
2026-07-07T12:29:00-04:00,29302.150390625,29313.259765625,29302.150390625,29307.17578125,982538
2026-07-07T12:30:00-04:00,29301.126953125,29317.634765625,29301.126953125,29313.37109375,2228062
2026-07-07T12:31:00-04:00,29316.490234375,29316.490234375,29304.78125,29314.283203125,1775219
2026-07-07T12:32:00-04:00,29314.462890625,29317.798828125,29299.873046875,29299.958984375,2333326
2026-07-07T12:33:00-04:00,29299.087890625,29299.087890625,29278.54296875,29278.54296875,2321356
2026-07-07T12:34:00-04:00,29280.56640625,29299.861328125,29280.56640625,29293.845703125,1970086
2026-07-07T12:35:00-04:00,29291.515625,29297.2734375,29267.662109375,29267.662109375,2965821
2026-07-07T12:36:00-04:00,29267.484375,29267.484375,29249.25390625,29255.46875,1269749
2026-07-07T12:37:00-04:00,29255.95703125,29286.859375,29255.95703125,29285.462890625,3391837
2026-07-07T12:38:00-04:00,29283.685546875,29283.685546875,29272.400390625,29272.400390625,749670
2026-07-07T12:39:00-04:00,29271.921875,29279.52734375,29271.921875,29277.986328125,1403578
2026-07-07T12:40:00-04:00,29277.107421875,29285.853515625,29266.248046875,29266.248046875,1721503
2026-07-07T12:41:00-04:00,29266.69921875,29269.828125,29261.99609375,29263.953125,3692840
2026-07-07T12:42:00-04:00,29264.923828125,29267.365234375,29257.3203125,29265.8515625,2740208
2026-07-07T12:43:00-04:00,29266.876953125,29281.453125,29266.876953125,29280.7578125,893299
2026-07-07T12:44:00-04:00,29278.994140625,29292.689453125,29278.994140625,29292.689453125,3050304
2026-07-07T12:45:00-04:00,29291.177734375,29308.529296875,29291.177734375,29308.529296875,1027390
2026-07-07T12:46:00-04:00,29307.671875,29307.671875,29291.73828125,29297.044921875,2505017
2026-07-07T12:47:00-04:00,29299.587890625,29305.125,29294.677734375,29300.47265625,2301952
2026-07-07T12:48:00-04:00,29300.208984375,29304.380859375,29297.064453125,29297.064453125,731050
2026-07-07T12:49:00-04:00,29297.1875,29306.630859375,29297.1875,29306.3203125,1945408
2026-07-07T12:50:00-04:00,29306.921875,29314.197265625,29296.34375,29311.212890625,1335229
2026-07-07T12:51:00-04:00,29310.37109375,29315.07421875,29310.37109375,29314.767578125,1829462
2026-07-07T12:52:00-04:00,29311.857421875,29321.609375,29311.857421875,29319.19140625,1854755
2026-07-07T12:53:00-04:00,29313.861328125,29313.861328125,29304.498046875,29310.712890625,2014327
2026-07-07T12:54:00-04:00,29309.142578125,29309.142578125,29297.52734375,29298.10546875,2548076
2026-07-07T12:55:00-04:00,29296.65234375,29297.671875,29278.271484375,29281.9375,826528
2026-07-07T12:56:00-04:00,29282.341796875,29286.318359375,29281.34765625,29283.626953125,2661456
2026-07-07T12:57:00-04:00,29285.380859375,29288.083984375,29278.6015625,29279.291015625,821258
2026-07-07T12:58:00-04:00,29279.1953125,29279.1953125,29267.47265625,29272.126953125,1680087
2026-07-07T12:59:00-04:00,29277.900390625,29305.900390625,29277.900390625,29303.2421875,1998806
2026-07-07T13:00:00-04:00,29303.447265625,29310.580078125,29300.845703125,29309.19921875,2800747
2026-07-07T13:01:00-04:00,29310.2734375,29315.822265625,29303.908203125,29306.20703125,2420741
2026-07-07T13:02:00-04:00,29308.0859375,29314.408203125,29306.146484375,29312.740234375,2011120
2026-07-07T13:03:00-04:00,29311.77734375,29311.77734375,29298.357421875,29300.09765625,2222053
2026-07-07T13:04:00-04:00,29301.275390625,29317.966796875,29301.275390625,29317.966796875,767422
2026-07-07T13:05:00-04:00,29317.1875,29330.642578125,29317.1875,29326.69921875,3054434
2026-07-07T13:06:00-04:00,29317.83203125,29333.630859375,29317.103515625,29331.244140625,980810
2026-07-07T13:07:00-04:00,29332.03125,29339.765625,29332.03125,29339.765625,2074648
2026-07-07T13:08:00-04:00,29336.869140625,29343.80859375,29336.869140625,29337.421875,1818815
2026-07-07T13:09:00-04:00,29335.267578125,29345.951171875,29335.267578125,29339.26953125,1529374
2026-07-07T13:10:00-04:00,29339.419921875,29339.419921875,29311.740234375,29312.130859375,3317469
2026-07-07T13:11:00-04:00,29311.017578125,29318.67578125,29303.484375,29318.67578125,1028376
2026-07-07T13:12:00-04:00,29318.58203125,29318.58203125,29311.6484375,29314.8671875,2070267
2026-07-07T13:13:00-04:00,29316.462890625,29323.576171875,29309.2109375,29310.48828125,1112665
2026-07-07T13:14:00-04:00,29310.759765625,29311.916015625,29297.580078125,29301.28515625,1662491
2026-07-07T13:15:00-04:00,29299.056640625,29299.056640625,29286.857421875,29298.474609375,1668543
2026-07-07T13:16:00-04:00,29298.359375,29299.154296875,29276.896484375,29276.896484375,1547316
2026-07-07T13:17:00-04:00,29277.125,29281.623046875,29277.08984375,29278.490234375,1407806
2026-07-07T13:18:00-04:00,29279.220703125,29289.4453125,29276.34375,29283.4921875,1350734
2026-07-07T13:19:00-04:00,29282.755859375,29290.76953125,29280.564453125,29288.765625,2134289
2026-07-07T13:20:00-04:00,29288.50390625,29300.234375,29288.50390625,29294.013671875,1070196
2026-07-07T13:21:00-04:00,29295.8125,29321.552734375,29295.8125,29319.677734375,2478819
2026-07-07T13:22:00-04:00,29321.96875,29329.20703125,29319.814453125,29319.98046875,1537683
2026-07-07T13:23:00-04:00,29317.658203125,29323.72265625,29306.9296875,29323.72265625,769023
2026-07-07T13:24:00-04:00,29325.017578125,29336.16015625,29321.8671875,29321.8671875,2365194
2026-07-07T13:25:00-04:00,29314.7734375,29315.57421875,29308.7734375,29312.95703125,825985
2026-07-07T13:26:00-04:00,29313.7109375,29313.7109375,29296.880859375,29298.2109375,1595028
2026-07-07T13:27:00-04:00,29300.091796875,29304.2421875,29299.580078125,29299.89453125,1789837
2026-07-07T13:28:00-04:00,29301.087890625,29301.087890625,29289.529296875,29293.10546875,704516
2026-07-07T13:29:00-04:00,29293.7421875,29299.267578125,29293.7421875,29299.267578125,1836520
2026-07-07T13:30:00-04:00,29304.33203125,29311.595703125,29300.58203125,29311.595703125,747336
2026-07-07T13:31:00-04:00,29317.470703125,29318.806640625,29313.81640625,29318.806640625,1640503
2026-07-07T13:32:00-04:00,29319.3203125,29322.091796875,29308.359375,29308.359375,1605128
2026-07-07T13:33:00-04:00,29308.7265625,29319.47265625,29304.0859375,29316.599609375,1792882
2026-07-07T13:34:00-04:00,29316.8359375,29317.435546875,29311.79296875,29311.80078125,1723129
2026-07-07T13:35:00-04:00,29312.490234375,29320.392578125,29311.908203125,29320.392578125,1404779
2026-07-07T13:36:00-04:00,29321.685546875,29330.228515625,29321.685546875,29324.734375,1434497
2026-07-07T13:37:00-04:00,29324.263671875,29324.263671875,29314.470703125,29318.91015625,1376453
2026-07-07T13:38:00-04:00,29318.18359375,29318.884765625,29304.326171875,29307.046875,1365593
2026-07-07T13:39:00-04:00,29306.490234375,29322.677734375,29306.490234375,29322.185546875,2112246
2026-07-07T13:40:00-04:00,29320.892578125,29324.2265625,29317.275390625,29324.2265625,779629
2026-07-07T13:41:00-04:00,29323.6640625,29333.23828125,29323.6640625,29333.23828125,2184458
2026-07-07T13:42:00-04:00,29331.607421875,29332.126953125,29326.43359375,29332.126953125,737139
2026-07-07T13:43:00-04:00,29332.09375,29333.9296875,29328.115234375,29328.6640625,1609909
2026-07-07T13:44:00-04:00,29327.482421875,29328.25,29315.568359375,29326.57421875,1427300
2026-07-07T13:45:00-04:00,29328.650390625,29328.650390625,29316.044921875,29318.90625,1410941
2026-07-07T13:46:00-04:00,29320.65234375,29320.763671875,29299.3828125,29302.76171875,2246338
2026-07-07T13:47:00-04:00,29304.38671875,29309.548828125,29300.5625,29300.5625,614909
2026-07-07T13:48:00-04:00,29300.25390625,29312.92578125,29298.888671875,29312.92578125,1816803
2026-07-07T13:49:00-04:00,29309.98046875,29309.98046875,29304.57421875,29308.529296875,632733
2026-07-07T13:50:00-04:00,29307.36328125,29308.216796875,29299.552734375,29304.732421875,1134389
2026-07-07T13:51:00-04:00,29304.501953125,29315.107421875,29304.501953125,29315.107421875,1204210
2026-07-07T13:52:00-04:00,29313.99609375,29321.41796875,29313.4765625,29321.41796875,1233949
2026-07-07T13:53:00-04:00,29322.267578125,29322.267578125,29299.9453125,29299.9453125,1245554
2026-07-07T13:54:00-04:00,29300.8125,29309.41796875,29300.8125,29305.490234375,1147977
2026-07-07T13:55:00-04:00,29305.994140625,29309.09765625,29302.607421875,29304.390625,1800960
2026-07-07T13:56:00-04:00,29304.87109375,29326.34375,29304.87109375,29325.84765625,832958
2026-07-07T13:57:00-04:00,29324.7890625,29324.7890625,29317.166015625,29321.8828125,1526112
2026-07-07T13:58:00-04:00,29320.755859375,29321.359375,29316.837890625,29320.029296875,483365
2026-07-07T13:59:00-04:00,29318.173828125,29334.126953125,29316.259765625,29334.126953125,1147284
2026-07-07T14:00:00-04:00,29336.5,29339.24609375,29328.171875,29328.171875,2933160
2026-07-07T14:01:00-04:00,29327.279296875,29339.068359375,29325.0234375,29337.708984375,844557
2026-07-07T14:02:00-04:00,29337.068359375,29337.068359375,29314.607421875,29316.9375,2475407
2026-07-07T14:03:00-04:00,29316.650390625,29317.828125,29308.556640625,29316.970703125,1719390
2026-07-07T14:04:00-04:00,29314.08203125,29321.2109375,29313.78125,29321.2109375,1560090
2026-07-07T14:05:00-04:00,29320.650390625,29329.6953125,29320.650390625,29325.322265625,1486388
2026-07-07T14:06:00-04:00,29324.74609375,29324.74609375,29302.85546875,29307.337890625,1893281
2026-07-07T14:07:00-04:00,29308.029296875,29314.498046875,29307.775390625,29312.880859375,2439414
2026-07-07T14:08:00-04:00,29312.78515625,29317.904296875,29305.470703125,29305.470703125,856047
2026-07-07T14:09:00-04:00,29307.08984375,29307.751953125,29301.46875,29307.138671875,2276686
2026-07-07T14:10:00-04:00,29308.12890625,29311.9453125,29306.671875,29311.61328125,903697
2026-07-07T14:11:00-04:00,29312.484375,29315.66015625,29310.349609375,29314.826171875,1643057
2026-07-07T14:12:00-04:00,29312.408203125,29324.994140625,29311.7421875,29324.48046875,1792582
2026-07-07T14:13:00-04:00,29324.724609375,29324.724609375,29318.8203125,29320.404296875,1505280
2026-07-07T14:14:00-04:00,29320.333984375,29327.5546875,29315.978515625,29315.978515625,2293554
2026-07-07T14:15:00-04:00,29315.84765625,29320.890625,29308.083984375,29320.890625,875523
2026-07-07T14:16:00-04:00,29317.947265625,29319.302734375,29311.974609375,29313.041015625,2093365
2026-07-07T14:17:00-04:00,29314.486328125,29315.427734375,29307.6015625,29312.052734375,672634
2026-07-07T14:18:00-04:00,29310.876953125,29313.873046875,29307.39453125,29307.39453125,1294120
2026-07-07T14:19:00-04:00,29308.3125,29312.29296875,29301.53125,29312.29296875,2068723
2026-07-07T14:20:00-04:00,29313.43359375,29313.70703125,29304.796875,29312.8828125,1562724
2026-07-07T14:21:00-04:00,29312.01171875,29317.849609375,29310.45703125,29317.80078125,1878963
2026-07-07T14:22:00-04:00,29318.8125,29320.09765625,29308.21484375,29319.626953125,1498183
2026-07-07T14:23:00-04:00,29319.16796875,29325.46484375,29319.16796875,29320.390625,2032730
2026-07-07T14:24:00-04:00,29316.041015625,29318.51171875,29315.306640625,29318.353515625,728884
2026-07-07T14:25:00-04:00,29318.005859375,29318.005859375,29311.091796875,29317.26171875,2214448
2026-07-07T14:26:00-04:00,29320.26953125,29320.630859375,29304.03125,29306.6015625,751416
2026-07-07T14:27:00-04:00,29306.48046875,29307.73046875,29297.734375,29297.734375,1548695
2026-07-07T14:28:00-04:00,29298.365234375,29301.26953125,29288.529296875,29288.529296875,1812419
2026-07-07T14:29:00-04:00,29284.34765625,29288.818359375,29281.439453125,29286.900390625,1993231
2026-07-07T14:30:00-04:00,29286.08203125,29292.634765625,29282.65234375,29283.330078125,3406811
2026-07-07T14:31:00-04:00,29284.177734375,29291.865234375,29282.22265625,29291.865234375,906719
2026-07-07T14:32:00-04:00,29292.046875,29296.7421875,29283.2734375,29283.2734375,3618843
2026-07-07T14:33:00-04:00,29283.021484375,29283.947265625,29266.056640625,29266.169921875,1228562
2026-07-07T14:34:00-04:00,29266.5234375,29277.265625,29266.5234375,29270.916015625,1759242
2026-07-07T14:35:00-04:00,29270.42578125,29273.662109375,29257.955078125,29273.662109375,2694224
2026-07-07T14:36:00-04:00,29282.083984375,29282.083984375,29259.587890625,29267.30078125,1104332
2026-07-07T14:37:00-04:00,29267.66015625,29274.1796875,29265.517578125,29268.04296875,2250009
2026-07-07T14:38:00-04:00,29267.982421875,29276.76953125,29266.916015625,29276.6171875,823167
2026-07-07T14:39:00-04:00,29276.16796875,29276.16796875,29268.619140625,29270.962890625,1865917
2026-07-07T14:40:00-04:00,29270.61328125,29270.61328125,29252.55859375,29252.55859375,1787907
2026-07-07T14:41:00-04:00,29254.578125,29258.16015625,29239.904296875,29240.423828125,1324962
2026-07-07T14:42:00-04:00,29242.24609375,29242.509765625,29224.650390625,29224.650390625,3188279
2026-07-07T14:43:00-04:00,29221.22265625,29227.78125,29218.802734375,29227.78125,1030161
2026-07-07T14:44:00-04:00,29228.169921875,29235.39453125,29226.837890625,29234.712890625,2393931
2026-07-07T14:45:00-04:00,29239.166015625,29239.166015625,29229.380859375,29233.24609375,884309
2026-07-07T14:46:00-04:00,29232.68359375,29233.7734375,29226.111328125,29226.111328125,1531783
2026-07-07T14:47:00-04:00,29228.8203125,29232.86328125,29228.68359375,29232.33984375,1701190
2026-07-07T14:48:00-04:00,29234.107421875,29247.111328125,29233.4921875,29233.98046875,1827487
2026-07-07T14:49:00-04:00,29234.12109375,29234.12109375,29189.265625,29212.427734375,2408092
2026-07-07T14:50:00-04:00,29214.12109375,29215.681640625,29200.828125,29201.013671875,2042998
2026-07-07T14:51:00-04:00,29203.083984375,29203.083984375,29174.705078125,29187.1171875,3769352
2026-07-07T14:52:00-04:00,29186.17578125,29187.775390625,29178.91015625,29179.5859375,1044981
2026-07-07T14:53:00-04:00,29184.498046875,29186.9609375,29170.345703125,29170.740234375,2853336
2026-07-07T14:54:00-04:00,29167.712890625,29186.4765625,29167.712890625,29180.203125,1117197
2026-07-07T14:55:00-04:00,29181.1328125,29181.1328125,29175.548828125,29176.97265625,1664684
2026-07-07T14:56:00-04:00,29175.021484375,29178.27734375,29166.9453125,29178.27734375,2077495
2026-07-07T14:57:00-04:00,29179.4140625,29183.767578125,29157.65625,29161.1171875,2187090
2026-07-07T14:58:00-04:00,29161.873046875,29171.3046875,29156.4765625,29156.4765625,4058925
2026-07-07T14:59:00-04:00,29154.365234375,29159.775390625,29152.42578125,29156.611328125,1067790
2026-07-07T15:00:00-04:00,29155.919921875,29160.51953125,29134.12890625,29137.314453125,4040893
2026-07-07T15:01:00-04:00,29136.42578125,29136.42578125,29121.25,29132.615234375,1200159
2026-07-07T15:02:00-04:00,29133.470703125,29144.060546875,29133.470703125,29135.603515625,2407511
2026-07-07T15:03:00-04:00,29137.576171875,29141.439453125,29137.5234375,29137.5234375,1893936
2026-07-07T15:04:00-04:00,29132.06640625,29138.732421875,29126.28515625,29138.732421875,2069443
2026-07-07T15:05:00-04:00,29139.62890625,29163.439453125,29139.62890625,29162.625,2434227
2026-07-07T15:06:00-04:00,29155.087890625,29174.603515625,29144.646484375,29144.646484375,2619819
2026-07-07T15:07:00-04:00,29140.6328125,29140.6328125,29119.212890625,29120.861328125,4234460
2026-07-07T15:08:00-04:00,29122.287109375,29122.287109375,29101.767578125,29105.4609375,1187893
2026-07-07T15:09:00-04:00,29105.146484375,29107.587890625,29099.578125,29100.193359375,3292333
2026-07-07T15:10:00-04:00,29096.681640625,29102.701171875,29092.3671875,29092.3671875,1317748
2026-07-07T15:11:00-04:00,29093.6796875,29094.951171875,29085.095703125,29089.41796875,2033453
2026-07-07T15:12:00-04:00,29093.529296875,29093.529296875,29086.55859375,29091.62890625,3001148
2026-07-07T15:13:00-04:00,29091.76953125,29112.439453125,29090.62109375,29112.439453125,1394089
2026-07-07T15:14:00-04:00,29110.181640625,29110.29296875,29096.0,29099.046875,2106628
2026-07-07T15:15:00-04:00,29100.404296875,29100.404296875,29074.67578125,29079.583984375,2460329
2026-07-07T15:16:00-04:00,29077.576171875,29077.576171875,29064.30859375,29066.923828125,2494776
2026-07-07T15:17:00-04:00,29066.796875,29070.15234375,29058.79296875,29060.734375,2433177
2026-07-07T15:18:00-04:00,29062.578125,29062.578125,29037.2421875,29044.654296875,3893834
2026-07-07T15:19:00-04:00,29045.90625,29074.572265625,29045.90625,29072.3828125,4907199
2026-07-07T15:20:00-04:00,29072.712890625,29083.931640625,29059.3046875,29070.611328125,1647590
2026-07-07T15:21:00-04:00,29070.41796875,29076.3671875,29069.39453125,29070.865234375,3727269
2026-07-07T15:22:00-04:00,29072.4453125,29084.8125,29072.4453125,29077.857421875,1640918
2026-07-07T15:23:00-04:00,29079.919921875,29083.701171875,29075.69140625,29075.69140625,2575482
2026-07-07T15:24:00-04:00,29074.2578125,29075.296875,29065.939453125,29075.11328125,2523713
2026-07-07T15:25:00-04:00,29075.7734375,29075.7734375,29052.267578125,29063.755859375,3310618
2026-07-07T15:26:00-04:00,29059.771484375,29059.775390625,29048.580078125,29052.74609375,3962416
2026-07-07T15:27:00-04:00,29054.494140625,29087.82421875,29054.048828125,29085.66796875,2021194
2026-07-07T15:28:00-04:00,29083.654296875,29095.470703125,29078.87890625,29082.498046875,5448341
2026-07-07T15:29:00-04:00,29082.693359375,29095.79296875,29082.693359375,29086.763671875,1405784
2026-07-07T15:30:00-04:00,29091.525390625,29135.705078125,29087.17578125,29132.0,3459106
2026-07-07T15:31:00-04:00,29125.41015625,29137.515625,29125.41015625,29127.234375,3826220
2026-07-07T15:32:00-04:00,29125.91015625,29126.9921875,29116.802734375,29122.357421875,2813000
2026-07-07T15:33:00-04:00,29125.384765625,29141.818359375,29125.384765625,29134.0625,2684000
2026-07-07T15:34:00-04:00,29128.140625,29139.69140625,29123.498046875,29139.6015625,2476000
2026-07-07T15:35:00-04:00,29137.3125,29137.3125,29110.74609375,29111.75,4311000
2026-07-07T15:36:00-04:00,29113.978515625,29113.978515625,29094.4609375,29102.87890625,1478000
2026-07-07T15:37:00-04:00,29098.29296875,29098.29296875,29089.35546875,29096.966796875,4127000
2026-07-07T15:38:00-04:00,29099.755859375,29114.9140625,29099.755859375,29106.34765625,1233000
2026-07-07T15:39:00-04:00,29098.8515625,29098.8515625,29089.275390625,29090.80859375,2651000
2026-07-07T15:40:00-04:00,29091.84375,29092.916015625,29072.982421875,29085.458984375,2667000
2026-07-07T15:41:00-04:00,29082.55078125,29084.583984375,29074.498046875,29084.583984375,2848000
2026-07-07T15:42:00-04:00,29084.201171875,29084.201171875,29071.880859375,29076.58984375,2928000
2026-07-07T15:43:00-04:00,29076.36328125,29082.564453125,29073.59765625,29078.109375,3200000
2026-07-07T15:44:00-04:00,29074.845703125,29086.048828125,29073.91796875,29076.59765625,2910000
2026-07-07T15:45:00-04:00,29076.93359375,29094.052734375,29073.126953125,29091.400390625,3587000
2026-07-07T15:46:00-04:00,29090.697265625,29096.0,29087.60546875,29091.03515625,3073000
2026-07-07T15:47:00-04:00,29087.77734375,29094.3125,29077.390625,29082.462890625,4677000
2026-07-07T15:48:00-04:00,29085.68359375,29100.86328125,29078.892578125,29095.822265625,1499000
2026-07-07T15:49:00-04:00,29096.962890625,29104.53125,29093.263671875,29104.283203125,3113000
2026-07-07T15:50:00-04:00,29119.037109375,29131.642578125,29110.7109375,29120.7734375,4321000
2026-07-07T15:51:00-04:00,29119.56640625,29119.56640625,29088.486328125,29105.724609375,5724000
2026-07-07T15:52:00-04:00,29104.650390625,29108.09765625,29098.84765625,29108.09765625,5104000
2026-07-07T15:53:00-04:00,29107.080078125,29118.158203125,29100.818359375,29114.76953125,4635000
2026-07-07T15:54:00-04:00,29116.8203125,29132.044921875,29109.111328125,29132.044921875,6751000
2026-07-07T15:55:00-04:00,29129.69921875,29153.892578125,29129.69921875,29153.892578125,11282000
2026-07-07T15:56:00-04:00,29150.037109375,29152.95703125,29146.640625,29150.32421875,3363000
2026-07-07T15:57:00-04:00,29145.88671875,29146.248046875,29138.921875,29140.943359375,10453000
2026-07-07T15:58:00-04:00,29138.361328125,29155.052734375,29138.361328125,29154.439453125,2921000
2026-07-07T15:59:00-04:00,29156.501953125,29166.806640625,29156.033203125,29165.513671875,5964000
2026-07-08T09:30:00-04:00,29029.783203125,29042.607421875,29029.783203125,29032.73828125,0
2026-07-08T09:31:00-04:00,29020.154296875,29065.333984375,29014.796875,29065.333984375,9109318
2026-07-08T09:32:00-04:00,29081.095703125,29099.62109375,29067.369140625,29093.146484375,9770823
2026-07-08T09:33:00-04:00,29096.099609375,29096.099609375,29066.310546875,29070.806640625,4867473
2026-07-08T09:34:00-04:00,29084.810546875,29091.947265625,29076.689453125,29079.673828125,4925870
2026-07-08T09:35:00-04:00,29077.666015625,29102.349609375,29073.65234375,29077.43359375,4892050
2026-07-08T09:36:00-04:00,29091.18359375,29106.1328125,29066.408203125,29077.958984375,5750629
2026-07-08T09:37:00-04:00,29068.400390625,29083.615234375,29041.013671875,29083.615234375,4613396
2026-07-08T09:38:00-04:00,29065.810546875,29065.810546875,29035.8046875,29041.099609375,4927201
2026-07-08T09:39:00-04:00,29044.8125,29101.400390625,29044.8125,29101.400390625,4227051
2026-07-08T09:40:00-04:00,29092.734375,29152.333984375,29092.734375,29151.7265625,5089298
2026-07-08T09:41:00-04:00,29143.71875,29159.50390625,29143.71875,29151.7109375,4973795
2026-07-08T09:42:00-04:00,29151.05859375,29151.05859375,29115.419921875,29127.4140625,4323404
2026-07-08T09:43:00-04:00,29135.525390625,29136.23828125,29117.46484375,29127.2890625,3631797
2026-07-08T09:44:00-04:00,29123.89453125,29143.033203125,29123.89453125,29136.126953125,3507386
2026-07-08T09:45:00-04:00,29127.392578125,29160.708984375,29127.392578125,29158.47265625,4367222
2026-07-08T09:46:00-04:00,29157.36328125,29177.666015625,29157.36328125,29177.666015625,5958842
2026-07-08T09:47:00-04:00,29172.193359375,29180.01171875,29137.296875,29137.296875,5766245
2026-07-08T09:48:00-04:00,29142.4765625,29158.27734375,29131.484375,29131.484375,4140465
2026-07-08T09:49:00-04:00,29117.36328125,29117.36328125,29083.884765625,29084.82421875,4292811
2026-07-08T09:50:00-04:00,29077.552734375,29104.31640625,29073.798828125,29100.255859375,4296142
2026-07-08T09:51:00-04:00,29111.6875,29142.361328125,29111.6875,29123.953125,4034020
2026-07-08T09:52:00-04:00,29120.88671875,29126.095703125,29096.318359375,29096.318359375,3364836
2026-07-08T09:53:00-04:00,29108.7734375,29137.798828125,29108.7734375,29118.8203125,3217097
2026-07-08T09:54:00-04:00,29118.283203125,29121.4765625,29107.05078125,29108.736328125,3016751
2026-07-08T09:55:00-04:00,29103.81640625,29103.81640625,29073.73046875,29088.109375,3266091
2026-07-08T09:56:00-04:00,29088.34375,29092.06640625,29076.04296875,29090.2734375,3192885
2026-07-08T09:57:00-04:00,29108.857421875,29127.099609375,29108.857421875,29118.1953125,2840747
2026-07-08T09:58:00-04:00,29116.306640625,29156.154296875,29116.306640625,29156.154296875,2468494
2026-07-08T09:59:00-04:00,29156.748046875,29169.4140625,29150.80859375,29150.80859375,3750484
2026-07-08T10:00:00-04:00,29146.884765625,29155.9765625,29131.564453125,29145.08203125,4221489
2026-07-08T10:01:00-04:00,29137.123046875,29148.640625,29123.31640625,29123.31640625,3457797
2026-07-08T10:02:00-04:00,29099.91796875,29111.123046875,29095.359375,29096.3203125,3038497
2026-07-08T10:03:00-04:00,29094.75,29094.75,29082.482421875,29089.4765625,2580546
2026-07-08T10:04:00-04:00,29098.978515625,29111.515625,29091.611328125,29093.6015625,2367594
2026-07-08T10:05:00-04:00,29114.5234375,29116.09765625,29096.693359375,29116.09765625,2592979
2026-07-08T10:06:00-04:00,29118.583984375,29118.583984375,29102.998046875,29107.080078125,2523869
2026-07-08T10:07:00-04:00,29098.2421875,29102.115234375,29091.673828125,29094.564453125,2718610
2026-07-08T10:08:00-04:00,29090.0703125,29121.056640625,29087.9609375,29121.056640625,2813180
2026-07-08T10:09:00-04:00,29108.3125,29109.5234375,29093.689453125,29101.109375,2387013
2026-07-08T10:10:00-04:00,29102.3984375,29106.3046875,29072.26171875,29077.099609375,2743982
2026-07-08T10:11:00-04:00,29066.783203125,29066.783203125,29048.611328125,29053.525390625,3573249
2026-07-08T10:12:00-04:00,29049.283203125,29049.283203125,29021.220703125,29025.83984375,3577231
2026-07-08T10:13:00-04:00,29030.755859375,29071.5859375,29030.755859375,29050.443359375,4134718
2026-07-08T10:14:00-04:00,29044.07421875,29057.34765625,29044.07421875,29047.8671875,2764176
2026-07-08T10:15:00-04:00,29041.2578125,29046.42578125,29014.466796875,29014.466796875,2644798
2026-07-08T10:16:00-04:00,29025.181640625,29049.3046875,29022.232421875,29036.96484375,2683388
2026-07-08T10:17:00-04:00,29031.623046875,29076.462890625,29027.97265625,29076.462890625,2623564
2026-07-08T10:18:00-04:00,29073.55859375,29085.96875,29056.822265625,29058.173828125,3444460
2026-07-08T10:19:00-04:00,29061.830078125,29061.830078125,29035.271484375,29055.32421875,2445445
2026-07-08T10:20:00-04:00,29060.48828125,29090.802734375,29047.326171875,29083.99609375,2091575
2026-07-08T10:21:00-04:00,29082.470703125,29138.826171875,29082.470703125,29138.826171875,3031703
2026-07-08T10:22:00-04:00,29141.220703125,29141.220703125,29120.18359375,29134.05078125,3059100
2026-07-08T10:23:00-04:00,29137.494140625,29141.83984375,29122.87890625,29122.87890625,3096063
2026-07-08T10:24:00-04:00,29125.0234375,29125.0234375,29095.076171875,29096.328125,2479645
2026-07-08T10:25:00-04:00,29110.0703125,29122.234375,29104.712890625,29122.234375,2045852
2026-07-08T10:26:00-04:00,29134.8828125,29134.8828125,29107.03515625,29107.03515625,2403016
2026-07-08T10:27:00-04:00,29091.75390625,29091.75390625,29042.919921875,29088.732421875,3185572
2026-07-08T10:28:00-04:00,29094.177734375,29094.177734375,29066.58984375,29073.984375,2318257
2026-07-08T10:29:00-04:00,29075.359375,29091.822265625,29075.359375,29078.33984375,1987902
2026-07-08T10:30:00-04:00,29073.24609375,29090.255859375,29073.24609375,29090.255859375,1994093
2026-07-08T10:31:00-04:00,29082.419921875,29082.419921875,29063.546875,29082.35546875,2114253
2026-07-08T10:32:00-04:00,29081.7890625,29081.7890625,29067.3828125,29067.3828125,2198327
2026-07-08T10:33:00-04:00,29076.455078125,29083.236328125,29047.501953125,29083.236328125,2198885
2026-07-08T10:34:00-04:00,29089.95703125,29103.9140625,29083.439453125,29093.53125,2719528
2026-07-08T10:35:00-04:00,29085.48046875,29085.48046875,29057.912109375,29057.912109375,2262846
2026-07-08T10:36:00-04:00,29049.396484375,29053.740234375,29029.53125,29029.53125,3045592
2026-07-08T10:37:00-04:00,29032.107421875,29081.490234375,29032.107421875,29076.296875,2811093
2026-07-08T10:38:00-04:00,29073.0859375,29073.0859375,29043.986328125,29043.986328125,2386173
2026-07-08T10:39:00-04:00,29046.40625,29048.05078125,29030.142578125,29030.34765625,2006876
2026-07-08T10:40:00-04:00,29031.26171875,29046.158203125,29025.15234375,29038.951171875,2123633
2026-07-08T10:41:00-04:00,29039.880859375,29052.58203125,29028.40625,29052.58203125,1944288
2026-07-08T10:42:00-04:00,29048.21484375,29048.861328125,29023.232421875,29023.232421875,1881685
2026-07-08T10:43:00-04:00,29020.953125,29020.953125,28990.177734375,28994.79296875,2503381
2026-07-08T10:44:00-04:00,29004.66796875,29036.681640625,29002.7734375,29031.84375,2457541
2026-07-08T10:45:00-04:00,29028.505859375,29028.505859375,28990.533203125,28993.49609375,2333700
2026-07-08T10:46:00-04:00,28994.677734375,29011.134765625,28988.49609375,28988.49609375,3009209
2026-07-08T10:47:00-04:00,28975.76171875,28978.572265625,28958.185546875,28960.056640625,3065466
2026-07-08T10:48:00-04:00,28964.37109375,28978.33203125,28961.712890625,28968.595703125,3395868
2026-07-08T10:49:00-04:00,28969.80078125,28969.80078125,28954.638671875,28954.638671875,2774626
2026-07-08T10:50:00-04:00,28960.462890625,28960.462890625,28928.943359375,28947.970703125,3142315
2026-07-08T10:51:00-04:00,28953.044921875,28970.634765625,28953.044921875,28970.634765625,2756486
2026-07-08T10:52:00-04:00,28973.71484375,29007.921875,28973.71484375,29007.921875,2319174
2026-07-08T10:53:00-04:00,29011.376953125,29056.115234375,28993.701171875,29049.314453125,2457595
2026-07-08T10:54:00-04:00,29040.576171875,29042.703125,29024.0078125,29035.9296875,5332452
2026-07-08T10:55:00-04:00,29017.953125,29039.314453125,29009.482421875,29036.3671875,2771249
2026-07-08T10:56:00-04:00,29046.306640625,29065.966796875,29036.38671875,29036.38671875,3736108
2026-07-08T10:57:00-04:00,29031.505859375,29031.505859375,29001.240234375,29010.587890625,3134616
2026-07-08T10:58:00-04:00,29004.3046875,29004.3046875,28977.388671875,28986.12890625,2856890
2026-07-08T10:59:00-04:00,28979.62890625,28994.35546875,28979.62890625,28994.35546875,2825709
2026-07-08T11:00:00-04:00,28999.81640625,28999.81640625,28985.591796875,28994.66796875,2527523
2026-07-08T11:01:00-04:00,28975.091796875,28980.9921875,28974.6640625,28976.78515625,2986913
2026-07-08T11:02:00-04:00,28975.357421875,28983.08203125,28971.693359375,28983.08203125,2409740
2026-07-08T11:03:00-04:00,28976.677734375,28984.3359375,28971.56640625,28981.84375,2359382
2026-07-08T11:04:00-04:00,28982.04296875,28982.04296875,28964.408203125,28966.08203125,2277078
2026-07-08T11:05:00-04:00,28960.96484375,28987.59375,28960.96484375,28987.59375,2169291
2026-07-08T11:06:00-04:00,28993.427734375,28993.427734375,28963.390625,28963.390625,2444394
2026-07-08T11:07:00-04:00,28962.9296875,28974.9921875,28962.9296875,28970.36328125,1911262
2026-07-08T11:08:00-04:00,28977.6171875,28983.87890625,28974.59375,28981.021484375,1899940
2026-07-08T11:09:00-04:00,28981.732421875,28988.1875,28971.4453125,28971.4453125,1801853
2026-07-08T11:10:00-04:00,28970.841796875,28982.669921875,28960.982421875,28981.2265625,1626946
2026-07-08T11:11:00-04:00,28979.916015625,28979.916015625,28971.4453125,28972.103515625,1554304
2026-07-08T11:12:00-04:00,28970.83984375,28970.83984375,28940.326171875,28961.681640625,2182439
2026-07-08T11:13:00-04:00,28966.427734375,28966.427734375,28940.181640625,28942.87890625,2040678
2026-07-08T11:14:00-04:00,28934.224609375,28934.224609375,28910.326171875,28916.50390625,2619288
2026-07-08T11:15:00-04:00,28930.71484375,28930.71484375,28914.62890625,28914.62890625,2591458
2026-07-08T11:16:00-04:00,28914.591796875,28914.591796875,28887.509765625,28887.509765625,2817419
2026-07-08T11:17:00-04:00,28887.96484375,28892.8984375,28873.66796875,28882.04296875,2533760
2026-07-08T11:18:00-04:00,28880.951171875,28893.673828125,28879.43359375,28889.197265625,2374897
2026-07-08T11:19:00-04:00,28896.412109375,28931.46484375,28896.412109375,28922.974609375,2553133
2026-07-08T11:20:00-04:00,28920.76953125,28923.40234375,28902.62890625,28917.5390625,2675323
2026-07-08T11:21:00-04:00,28913.337890625,28913.337890625,28896.25390625,28902.55859375,2369263
2026-07-08T11:22:00-04:00,28900.5546875,28900.5546875,28863.931640625,28863.931640625,2473990
2026-07-08T11:23:00-04:00,28866.26171875,28866.26171875,28846.380859375,28847.3984375,2668901
2026-07-08T11:24:00-04:00,28843.6640625,28849.26953125,28833.2578125,28842.734375,2872122
2026-07-08T11:25:00-04:00,28846.94140625,28846.94140625,28824.427734375,28826.32421875,2566671
2026-07-08T11:26:00-04:00,28837.650390625,28840.09375,28816.693359375,28825.591796875,2394924
2026-07-08T11:27:00-04:00,28818.65234375,28831.015625,28818.65234375,28823.01953125,2059514
2026-07-08T11:28:00-04:00,28822.986328125,28838.107421875,28822.986328125,28832.7265625,2328120
2026-07-08T11:29:00-04:00,28831.826171875,28846.115234375,28831.826171875,28839.93359375,2295176
2026-07-08T11:30:00-04:00,28840.548828125,28845.95703125,28819.603515625,28825.810546875,2115384
2026-07-08T11:31:00-04:00,28828.00390625,28835.265625,28824.3984375,28832.76171875,1980352
2026-07-08T11:32:00-04:00,28837.5859375,28858.12109375,28837.5859375,28855.166015625,2048949
2026-07-08T11:33:00-04:00,28859.8828125,28878.666015625,28858.705078125,28866.443359375,1926739
2026-07-08T11:34:00-04:00,28861.95703125,28877.056640625,28861.95703125,28875.19140625,2048659
2026-07-08T11:35:00-04:00,28877.322265625,28899.9765625,28863.60546875,28899.9765625,1786583
2026-07-08T11:36:00-04:00,28895.77734375,28911.6015625,28885.181640625,28911.6015625,2260396
2026-07-08T11:37:00-04:00,28914.259765625,28919.923828125,28912.09375,28917.001953125,1888980
2026-07-08T11:38:00-04:00,28905.63671875,28913.826171875,28893.818359375,28908.763671875,2184362
2026-07-08T11:39:00-04:00,28903.89453125,28903.89453125,28876.685546875,28881.66015625,1747422
2026-07-08T11:40:00-04:00,28881.611328125,28912.732421875,28881.611328125,28912.732421875,1794051
2026-07-08T11:41:00-04:00,28912.796875,28914.677734375,28905.6015625,28905.6015625,1394428
2026-07-08T11:42:00-04:00,28909.81640625,28909.81640625,28883.794921875,28883.794921875,1537779
2026-07-08T11:43:00-04:00,28884.72265625,28900.095703125,28884.72265625,28891.400390625,1590244
2026-07-08T11:44:00-04:00,28893.64453125,28893.64453125,28885.37109375,28887.205078125,1635353
2026-07-08T11:45:00-04:00,28883.119140625,28883.119140625,28863.595703125,28879.669921875,1957378
2026-07-08T11:46:00-04:00,28887.1484375,28902.55078125,28880.916015625,28880.916015625,1916359
2026-07-08T11:47:00-04:00,28871.431640625,28871.431640625,28859.1171875,28868.478515625,1781604
2026-07-08T11:48:00-04:00,28871.83203125,28872.767578125,28865.10546875,28870.421875,2129541
2026-07-08T11:49:00-04:00,28864.966796875,28872.01171875,28862.986328125,28870.322265625,1460628
2026-07-08T11:50:00-04:00,28872.390625,28872.390625,28855.525390625,28855.525390625,1727064
2026-07-08T11:51:00-04:00,28862.330078125,28862.330078125,28845.525390625,28846.18359375,1596182
2026-07-08T11:52:00-04:00,28854.228515625,28856.28515625,28838.833984375,28838.833984375,1721481
2026-07-08T11:53:00-04:00,28834.0703125,28845.541015625,28833.06640625,28845.541015625,1884692
2026-07-08T11:54:00-04:00,28847.896484375,28847.896484375,28836.416015625,28843.544921875,2912495
2026-07-08T11:55:00-04:00,28860.4453125,28871.6328125,28860.4453125,28862.24609375,1786709
2026-07-08T11:56:00-04:00,28863.83203125,28863.83203125,28843.826171875,28843.826171875,1437082
2026-07-08T11:57:00-04:00,28845.55078125,28851.36328125,28843.078125,28851.36328125,1496395
2026-07-08T11:58:00-04:00,28853.119140625,28860.701171875,28850.314453125,28860.701171875,1263896
2026-07-08T11:59:00-04:00,28860.876953125,28881.736328125,28860.876953125,28876.54296875,2336619
2026-07-08T12:00:00-04:00,28874.40234375,28914.25,28874.40234375,28907.375,2860339
2026-07-08T12:01:00-04:00,28904.265625,28909.2265625,28901.421875,28904.302734375,837270
2026-07-08T12:02:00-04:00,28904.49609375,28911.1171875,28898.6796875,28899.470703125,2272355
2026-07-08T12:03:00-04:00,28899.0078125,28906.638671875,28893.421875,28905.271484375,819752
2026-07-08T12:04:00-04:00,28903.134765625,28914.2890625,28898.701171875,28908.240234375,1498711
2026-07-08T12:05:00-04:00,28910.806640625,28939.546875,28910.806640625,28929.1484375,1427011
2026-07-08T12:06:00-04:00,28929.935546875,28929.935546875,28917.896484375,28924.744140625,1550922
2026-07-08T12:07:00-04:00,28923.98046875,28930.44921875,28918.13671875,28925.107421875,1785595
2026-07-08T12:08:00-04:00,28923.6015625,28924.42578125,28904.41796875,28917.14453125,872863
2026-07-08T12:09:00-04:00,28918.0234375,28948.271484375,28916.015625,28945.46875,2498747
2026-07-08T12:10:00-04:00,28947.69921875,28971.208984375,28947.69921875,28969.6015625,1123081
2026-07-08T12:11:00-04:00,28965.322265625,28979.7734375,28965.322265625,28970.91015625,1882733
2026-07-08T12:12:00-04:00,28971.509765625,28984.255859375,28971.509765625,28984.255859375,2272522
2026-07-08T12:13:00-04:00,28982.484375,28994.66015625,28978.306640625,28984.6484375,769605
2026-07-08T12:14:00-04:00,28983.89453125,28997.494140625,28983.89453125,28993.390625,3147589
2026-07-08T12:15:00-04:00,28995.35546875,28997.521484375,28981.0703125,28981.0703125,974520
2026-07-08T12:16:00-04:00,28975.80859375,28987.787109375,28972.130859375,28987.1875,1625680
2026-07-08T12:17:00-04:00,28985.849609375,29013.0625,28985.849609375,29013.0625,1548736
2026-07-08T12:18:00-04:00,29012.5078125,29016.578125,29008.865234375,29010.025390625,1676446
2026-07-08T12:19:00-04:00,29009.251953125,29015.3671875,29006.140625,29014.23828125,2417114
2026-07-08T12:20:00-04:00,29020.1015625,29039.546875,29020.1015625,29039.546875,1078657
2026-07-08T12:21:00-04:00,29042.076171875,29059.00390625,29033.55859375,29057.046875,4208926
2026-07-08T12:22:00-04:00,29066.748046875,29068.515625,29055.646484375,29055.646484375,1382404
2026-07-08T12:23:00-04:00,29056.7734375,29066.6015625,29056.7734375,29064.697265625,2242326
2026-07-08T12:24:00-04:00,29060.9609375,29060.9609375,29029.84375,29031.49609375,2247489
2026-07-08T12:25:00-04:00,29032.798828125,29044.291015625,29031.537109375,29044.291015625,1600033
2026-07-08T12:26:00-04:00,29042.9140625,29060.0390625,29042.9140625,29052.296875,1649484
2026-07-08T12:27:00-04:00,29050.78515625,29067.55859375,29050.267578125,29064.703125,1361089
2026-07-08T12:28:00-04:00,29060.568359375,29070.857421875,29060.568359375,29064.02734375,2376193
2026-07-08T12:29:00-04:00,29063.50390625,29064.708984375,29056.2421875,29058.814453125,2752981
2026-07-08T12:30:00-04:00,29052.61328125,29085.42578125,29052.14453125,29085.42578125,2329952
2026-07-08T12:31:00-04:00,29090.822265625,29099.955078125,29080.828125,29080.828125,1073577
2026-07-08T12:32:00-04:00,29077.4765625,29078.86328125,29069.0859375,29076.986328125,1476402
2026-07-08T12:33:00-04:00,29076.8671875,29076.8671875,29070.384765625,29072.92578125,1506877
2026-07-08T12:34:00-04:00,29074.173828125,29076.255859375,29053.240234375,29053.240234375,1413024
2026-07-08T12:35:00-04:00,29053.193359375,29082.845703125,29051.341796875,29061.384765625,2096786
2026-07-08T12:36:00-04:00,29060.287109375,29060.287109375,29040.33203125,29042.115234375,1458853
2026-07-08T12:37:00-04:00,29043.591796875,29043.662109375,29026.7421875,29035.935546875,1432419
2026-07-08T12:38:00-04:00,29035.943359375,29037.85546875,29026.5390625,29034.3046875,1293539
2026-07-08T12:39:00-04:00,29035.046875,29066.103515625,29026.470703125,29066.103515625,1640034
2026-07-08T12:40:00-04:00,29056.943359375,29114.947265625,29056.943359375,29106.9375,4032069
2026-07-08T12:41:00-04:00,29105.107421875,29105.107421875,29090.484375,29097.89453125,998275
2026-07-08T12:42:00-04:00,29098.54296875,29102.58203125,29093.033203125,29097.142578125,1988821
2026-07-08T12:43:00-04:00,29091.796875,29111.009765625,29091.458984375,29106.611328125,652399
2026-07-08T12:44:00-04:00,29106.2578125,29120.94921875,29106.12890625,29112.86328125,1607597
2026-07-08T12:45:00-04:00,29108.400390625,29108.400390625,29087.419921875,29092.123046875,1562532
2026-07-08T12:46:00-04:00,29093.685546875,29112.0859375,29093.685546875,29111.98828125,1190983
2026-07-08T12:47:00-04:00,29111.076171875,29113.71875,29106.373046875,29108.572265625,1916820
2026-07-08T12:48:00-04:00,29108.306640625,29112.095703125,29104.09765625,29107.044921875,708839
2026-07-08T12:49:00-04:00,29107.818359375,29126.794921875,29107.818359375,29123.833984375,1676447
2026-07-08T12:50:00-04:00,29124.8203125,29134.791015625,29122.029296875,29128.755859375,1867388
2026-07-08T12:51:00-04:00,29126.626953125,29129.021484375,29115.236328125,29127.177734375,1765239
2026-07-08T12:52:00-04:00,29127.697265625,29142.93359375,29125.39453125,29142.8671875,2438967
2026-07-08T12:53:00-04:00,29143.833984375,29148.82421875,29134.408203125,29140.0,850054
2026-07-08T12:54:00-04:00,29141.708984375,29144.623046875,29134.578125,29134.578125,2564751
2026-07-08T12:55:00-04:00,29133.2578125,29145.990234375,29126.212890625,29132.447265625,947207
2026-07-08T12:56:00-04:00,29133.171875,29137.791015625,29127.859375,29134.70703125,1501316
2026-07-08T12:57:00-04:00,29135.04296875,29147.873046875,29135.04296875,29147.67578125,3396267
2026-07-08T12:58:00-04:00,29148.2421875,29149.505859375,29144.7421875,29148.00390625,1726522
2026-07-08T12:59:00-04:00,29149.58203125,29151.720703125,29146.177734375,29151.5703125,2016316
2026-07-08T13:00:00-04:00,29143.283203125,29145.482421875,29127.37890625,29130.916015625,1823565
2026-07-08T13:01:00-04:00,29131.96875,29133.740234375,29126.81640625,29131.1171875,2731090
2026-07-08T13:02:00-04:00,29129.376953125,29137.265625,29122.169921875,29125.068359375,861495
2026-07-08T13:03:00-04:00,29127.03515625,29130.27734375,29121.900390625,29121.900390625,2113230
2026-07-08T13:04:00-04:00,29120.80078125,29131.0,29120.80078125,29128.76953125,633607
2026-07-08T13:05:00-04:00,29128.1640625,29128.6640625,29123.76953125,29124.7421875,1218572
2026-07-08T13:06:00-04:00,29126.982421875,29150.15234375,29125.96484375,29149.759765625,1590490
2026-07-08T13:07:00-04:00,29150.94140625,29160.333984375,29144.224609375,29159.265625,1568164
2026-07-08T13:08:00-04:00,29160.080078125,29163.287109375,29148.451171875,29152.720703125,2537086
2026-07-08T13:09:00-04:00,29154.15234375,29154.15234375,29139.021484375,29139.021484375,753849
2026-07-08T13:10:00-04:00,29137.80859375,29138.537109375,29131.619140625,29136.4375,2139938
2026-07-08T13:11:00-04:00,29126.548828125,29126.548828125,29115.35546875,29125.138671875,845318
2026-07-08T13:12:00-04:00,29129.9609375,29132.205078125,29125.392578125,29131.927734375,1114527
2026-07-08T13:13:00-04:00,29129.94140625,29136.052734375,29129.33203125,29133.57421875,1146852
2026-07-08T13:14:00-04:00,29133.814453125,29133.814453125,29112.634765625,29112.634765625,1218532
2026-07-08T13:15:00-04:00,29111.345703125,29122.470703125,29111.345703125,29121.3046875,1574504
2026-07-08T13:16:00-04:00,29120.830078125,29134.685546875,29120.75,29131.740234375,1250414
2026-07-08T13:17:00-04:00,29131.0546875,29138.291015625,29131.0546875,29135.974609375,1947004
2026-07-08T13:18:00-04:00,29134.294921875,29134.294921875,29129.28515625,29131.27734375,655093
2026-07-08T13:19:00-04:00,29131.630859375,29155.18359375,29129.919921875,29153.10546875,3470932
2026-07-08T13:20:00-04:00,29155.109375,29161.072265625,29145.15234375,29153.728515625,743757
2026-07-08T13:21:00-04:00,29155.759765625,29177.146484375,29155.759765625,29174.134765625,1782398
2026-07-08T13:22:00-04:00,29174.6171875,29177.388671875,29172.3984375,29174.27734375,1649348
2026-07-08T13:23:00-04:00,29178.140625,29185.908203125,29176.537109375,29185.908203125,2150496
2026-07-08T13:24:00-04:00,29186.552734375,29194.71875,29186.314453125,29194.71875,995409
2026-07-08T13:25:00-04:00,29194.888671875,29213.83984375,29194.888671875,29204.4609375,2883804
2026-07-08T13:26:00-04:00,29201.505859375,29202.5546875,29192.494140625,29200.64453125,769926
2026-07-08T13:27:00-04:00,29199.921875,29202.8359375,29194.6328125,29197.33984375,2114662
2026-07-08T13:28:00-04:00,29202.57421875,29214.708984375,29201.6875,29212.486328125,845208
2026-07-08T13:29:00-04:00,29212.54296875,29219.53125,29212.54296875,29216.81640625,1755011
2026-07-08T13:30:00-04:00,29217.599609375,29226.708984375,29215.66015625,29226.009765625,1802004
2026-07-08T13:31:00-04:00,29227.015625,29231.1015625,29219.68359375,29222.951171875,2324111
2026-07-08T13:32:00-04:00,29222.15625,29225.9296875,29218.068359375,29218.068359375,2051774
2026-07-08T13:33:00-04:00,29217.9453125,29222.271484375,29213.591796875,29221.4765625,1997531
2026-07-08T13:34:00-04:00,29220.337890625,29223.1953125,29217.203125,29218.080078125,1756703
2026-07-08T13:35:00-04:00,29215.98046875,29219.962890625,29207.892578125,29219.962890625,1930554
2026-07-08T13:36:00-04:00,29223.71484375,29225.3359375,29214.37890625,29214.796875,2189441
2026-07-08T13:37:00-04:00,29217.4765625,29217.4765625,29210.59375,29211.541015625,2648734
2026-07-08T13:38:00-04:00,29211.013671875,29214.376953125,29203.41796875,29203.41796875,920302
2026-07-08T13:39:00-04:00,29202.876953125,29208.818359375,29199.6328125,29199.6328125,2183844
2026-07-08T13:40:00-04:00,29201.265625,29201.265625,29191.69921875,29194.83984375,731219
2026-07-08T13:41:00-04:00,29193.466796875,29193.466796875,29171.580078125,29171.580078125,2977396
2026-07-08T13:42:00-04:00,29171.224609375,29178.220703125,29166.630859375,29178.220703125,1837997
2026-07-08T13:43:00-04:00,29178.0078125,29178.0546875,29166.2890625,29167.25,1490935
2026-07-08T13:44:00-04:00,29168.763671875,29168.763671875,29161.353515625,29161.873046875,3444427
2026-07-08T13:45:00-04:00,29160.962890625,29160.962890625,29133.115234375,29137.771484375,1673639
2026-07-08T13:46:00-04:00,29140.125,29149.978515625,29133.6796875,29149.060546875,3226429
2026-07-08T13:47:00-04:00,29150.5390625,29150.5390625,29142.599609375,29142.599609375,3813313
2026-07-08T13:48:00-04:00,29141.802734375,29141.802734375,29126.451171875,29127.78125,1367702
2026-07-08T13:49:00-04:00,29127.900390625,29133.955078125,29124.28515625,29127.630859375,1214587
2026-07-08T13:50:00-04:00,29128.322265625,29152.896484375,29127.15625,29152.896484375,1453501
2026-07-08T13:51:00-04:00,29148.744140625,29148.744140625,29140.52734375,29145.859375,1612125
2026-07-08T13:52:00-04:00,29146.326171875,29162.341796875,29146.326171875,29161.251953125,1145171
2026-07-08T13:53:00-04:00,29161.423828125,29162.1875,29144.453125,29144.453125,2106175
2026-07-08T13:54:00-04:00,29142.8828125,29142.8828125,29134.5390625,29135.576171875,573352
2026-07-08T13:55:00-04:00,29134.82421875,29134.82421875,29110.994140625,29117.150390625,2316643
2026-07-08T13:56:00-04:00,29116.447265625,29116.447265625,29101.3671875,29105.07421875,754125
2026-07-08T13:57:00-04:00,29103.48828125,29108.95703125,29102.849609375,29107.1328125,2672248
2026-07-08T13:58:00-04:00,29108.263671875,29122.10546875,29108.263671875,29120.7890625,1782340
2026-07-08T13:59:00-04:00,29120.6171875,29128.234375,29119.96484375,29124.638671875,1763275
2026-07-08T14:00:00-04:00,29126.423828125,29156.77734375,29115.0859375,29153.765625,1655271
2026-07-08T14:01:00-04:00,29152.490234375,29174.14453125,29146.658203125,29172.599609375,2376901
2026-07-08T14:02:00-04:00,29173.4765625,29183.8984375,29170.744140625,29170.744140625,1902207
2026-07-08T14:03:00-04:00,29172.35546875,29187.220703125,29172.35546875,29182.72265625,1540409
2026-07-08T14:04:00-04:00,29182.96875,29192.828125,29181.775390625,29183.07421875,1778054
2026-07-08T14:05:00-04:00,29182.494140625,29184.2109375,29161.017578125,29170.9140625,2541992
2026-07-08T14:06:00-04:00,29172.521484375,29173.2578125,29167.71484375,29173.2578125,673244
2026-07-08T14:07:00-04:00,29172.759765625,29178.94140625,29171.328125,29171.634765625,1929615
2026-07-08T14:08:00-04:00,29174.044921875,29182.1484375,29171.51171875,29182.1484375,689466
2026-07-08T14:09:00-04:00,29185.771484375,29189.798828125,29180.85546875,29189.798828125,1348231
2026-07-08T14:10:00-04:00,29189.59375,29195.171875,29176.64453125,29192.21484375,1682090
2026-07-08T14:11:00-04:00,29189.115234375,29190.923828125,29186.3359375,29190.357421875,202476
2026-07-08T14:12:00-04:00,29191.296875,29193.2265625,29183.798828125,29184.140625,1887123
2026-07-08T14:13:00-04:00,29179.755859375,29185.419921875,29177.005859375,29185.419921875,612842
2026-07-08T14:14:00-04:00,29187.921875,29197.228515625,29185.419921875,29186.93359375,1926580
2026-07-08T14:15:00-04:00,29189.12890625,29193.546875,29184.181640625,29191.708984375,555609
2026-07-08T14:16:00-04:00,29191.26171875,29191.26171875,29166.78515625,29168.408203125,1414951
2026-07-08T14:17:00-04:00,29169.359375,29176.326171875,29165.857421875,29176.09765625,1433964
2026-07-08T14:18:00-04:00,29173.298828125,29174.23828125,29166.15234375,29169.12109375,1406446
2026-07-08T14:19:00-04:00,29169.583984375,29187.830078125,29169.583984375,29187.06640625,1673757
2026-07-08T14:20:00-04:00,29186.798828125,29186.798828125,29171.5234375,29171.5234375,1453355
2026-07-08T14:21:00-04:00,29171.951171875,29175.625,29170.302734375,29175.625,2047485
2026-07-08T14:22:00-04:00,29177.19921875,29183.525390625,29176.40625,29180.69921875,937326
2026-07-08T14:23:00-04:00,29178.439453125,29179.201171875,29168.8828125,29168.8828125,2054337
2026-07-08T14:24:00-04:00,29167.4375,29173.19921875,29162.669921875,29162.669921875,854490
2026-07-08T14:25:00-04:00,29163.48046875,29166.228515625,29156.82421875,29163.279296875,1732340
2026-07-08T14:26:00-04:00,29162.673828125,29166.283203125,29160.564453125,29166.15625,1323396
2026-07-08T14:27:00-04:00,29165.916015625,29179.45703125,29165.916015625,29176.720703125,1393409
2026-07-08T14:28:00-04:00,29174.791015625,29178.5546875,29161.94140625,29161.94140625,2022654
2026-07-08T14:29:00-04:00,29160.853515625,29162.23828125,29149.2109375,29149.2109375,689497
2026-07-08T14:30:00-04:00,29148.474609375,29148.474609375,29132.302734375,29132.302734375,2388266
2026-07-08T14:31:00-04:00,29128.826171875,29143.5859375,29128.826171875,29141.8828125,1555108
2026-07-08T14:32:00-04:00,29142.6953125,29151.974609375,29137.650390625,29137.650390625,1632957
2026-07-08T14:33:00-04:00,29136.7890625,29136.7890625,29127.15234375,29133.5546875,1529931
2026-07-08T14:34:00-04:00,29131.064453125,29134.544921875,29130.65625,29133.494140625,1376926
2026-07-08T14:35:00-04:00,29136.55859375,29140.501953125,29134.7734375,29137.884765625,1611620
2026-07-08T14:36:00-04:00,29137.255859375,29161.71875,29137.255859375,29158.48828125,1359016
2026-07-08T14:37:00-04:00,29158.345703125,29178.03125,29158.345703125,29174.123046875,1692114
2026-07-08T14:38:00-04:00,29173.6640625,29185.77734375,29173.6640625,29178.794921875,1909149
2026-07-08T14:39:00-04:00,29177.951171875,29187.353515625,29177.951171875,29183.560546875,2682791
2026-07-08T14:40:00-04:00,29183.88671875,29187.78515625,29175.9921875,29179.923828125,2911077
2026-07-08T14:41:00-04:00,29180.166015625,29180.166015625,29157.3671875,29158.92578125,936329
2026-07-08T14:42:00-04:00,29161.28125,29164.048828125,29152.490234375,29152.951171875,2226399
2026-07-08T14:43:00-04:00,29154.173828125,29171.169921875,29154.173828125,29171.169921875,1044682
2026-07-08T14:44:00-04:00,29171.400390625,29178.505859375,29171.400390625,29178.505859375,2058720
2026-07-08T14:45:00-04:00,29178.15625,29180.74609375,29169.849609375,29175.474609375,1496400
2026-07-08T14:46:00-04:00,29176.66796875,29177.646484375,29171.86328125,29177.646484375,1370110
2026-07-08T14:47:00-04:00,29177.966796875,29181.23828125,29167.30859375,29168.310546875,1195707
2026-07-08T14:48:00-04:00,29168.423828125,29173.5390625,29160.279296875,29173.5390625,1675236
2026-07-08T14:49:00-04:00,29173.87890625,29184.51171875,29173.87890625,29182.330078125,2047143
2026-07-08T14:50:00-04:00,29177.5546875,29185.42578125,29176.23046875,29184.564453125,796528
2026-07-08T14:51:00-04:00,29183.54296875,29188.263671875,29182.337890625,29188.263671875,2394598
2026-07-08T14:52:00-04:00,29191.93359375,29199.8125,29181.775390625,29185.087890625,1060053
2026-07-08T14:53:00-04:00,29186.048828125,29191.42578125,29175.24609375,29175.24609375,1632927
2026-07-08T14:54:00-04:00,29176.17578125,29184.564453125,29175.615234375,29181.56640625,1458924
2026-07-08T14:55:00-04:00,29181.580078125,29181.580078125,29173.49609375,29177.392578125,2889129
2026-07-08T14:56:00-04:00,29172.755859375,29172.755859375,29162.97265625,29167.6484375,2753273
2026-07-08T14:57:00-04:00,29168.07421875,29174.423828125,29166.58203125,29174.423828125,688330
2026-07-08T14:58:00-04:00,29174.134765625,29175.16796875,29168.12109375,29172.583984375,2328189
2026-07-08T14:59:00-04:00,29171.236328125,29185.39453125,29167.283203125,29183.357421875,1268865
2026-07-08T15:00:00-04:00,29184.36328125,29207.876953125,29184.283203125,29203.013671875,1866167
2026-07-08T15:01:00-04:00,29202.580078125,29204.0625,29184.634765625,29184.634765625,2353052
2026-07-08T15:02:00-04:00,29185.04296875,29185.974609375,29177.923828125,29179.68359375,1702141
2026-07-08T15:03:00-04:00,29179.13671875,29185.1328125,29176.755859375,29181.119140625,1645732
2026-07-08T15:04:00-04:00,29180.947265625,29182.10546875,29176.544921875,29182.009765625,1761127
2026-07-08T15:05:00-04:00,29181.869140625,29185.068359375,29168.5703125,29175.8046875,3192089
2026-07-08T15:06:00-04:00,29173.236328125,29173.236328125,29158.93359375,29169.615234375,952103
2026-07-08T15:07:00-04:00,29173.552734375,29186.69921875,29171.5390625,29183.9296875,2890477
2026-07-08T15:08:00-04:00,29180.83984375,29186.9609375,29175.279296875,29186.9609375,949099
2026-07-08T15:09:00-04:00,29188.357421875,29193.69140625,29181.255859375,29190.953125,1875065
2026-07-08T15:10:00-04:00,29190.337890625,29190.337890625,29178.287109375,29183.3203125,1990777
2026-07-08T15:11:00-04:00,29184.654296875,29187.642578125,29175.697265625,29179.494140625,2164373
2026-07-08T15:12:00-04:00,29178.87109375,29181.53515625,29172.90625,29179.7890625,2605162
2026-07-08T15:13:00-04:00,29178.6015625,29181.369140625,29171.93359375,29171.93359375,1061281
2026-07-08T15:14:00-04:00,29172.712890625,29178.38671875,29170.501953125,29176.083984375,2015462
2026-07-08T15:15:00-04:00,29176.61328125,29178.552734375,29169.755859375,29169.7734375,1545381
2026-07-08T15:16:00-04:00,29168.765625,29172.08984375,29162.306640625,29168.01171875,2153011
2026-07-08T15:17:00-04:00,29169.029296875,29169.541015625,29162.06640625,29169.541015625,3062826
2026-07-08T15:18:00-04:00,29169.734375,29181.00390625,29169.734375,29176.353515625,1008455
2026-07-08T15:19:00-04:00,29176.890625,29177.689453125,29171.126953125,29172.33984375,3298108
2026-07-08T15:20:00-04:00,29172.609375,29181.498046875,29167.17578125,29181.498046875,1186543
2026-07-08T15:21:00-04:00,29181.54296875,29196.99609375,29179.8515625,29194.0546875,2357262
2026-07-08T15:22:00-04:00,29194.099609375,29194.798828125,29180.921875,29180.921875,2366242
2026-07-08T15:23:00-04:00,29181.380859375,29187.888671875,29178.328125,29182.572265625,2375627
2026-07-08T15:24:00-04:00,29183.458984375,29189.21875,29183.458984375,29186.458984375,2669831
2026-07-08T15:25:00-04:00,29189.271484375,29194.521484375,29189.271484375,29192.88671875,1110881
2026-07-08T15:26:00-04:00,29193.11328125,29193.701171875,29187.513671875,29189.248046875,2757829
2026-07-08T15:27:00-04:00,29191.03125,29199.751953125,29189.13671875,29196.05078125,899207
2026-07-08T15:28:00-04:00,29196.150390625,29199.078125,29188.4140625,29191.75,2061064
2026-07-08T15:29:00-04:00,29190.982421875,29215.251953125,29190.982421875,29205.806640625,2593482
2026-07-08T15:30:00-04:00,29207.796875,29212.197265625,29179.623046875,29179.623046875,3118418
2026-07-08T15:31:00-04:00,29180.185546875,29183.33203125,29166.0390625,29181.498046875,3041476
2026-07-08T15:32:00-04:00,29183.88671875,29188.85546875,29178.423828125,29181.546875,2342968
2026-07-08T15:33:00-04:00,29185.3671875,29185.3671875,29173.671875,29177.515625,3124871
2026-07-08T15:34:00-04:00,29177.40234375,29181.84765625,29174.21484375,29178.455078125,976393
2026-07-08T15:35:00-04:00,29174.857421875,29181.796875,29171.619140625,29181.796875,4128184
2026-07-08T15:36:00-04:00,29181.916015625,29201.16796875,29181.916015625,29201.16796875,1122276
2026-07-08T15:37:00-04:00,29201.001953125,29205.041015625,29199.78125,29205.041015625,2874004
2026-07-08T15:38:00-04:00,29204.240234375,29206.927734375,29193.185546875,29193.185546875,2644230
2026-07-08T15:39:00-04:00,29193.435546875,29198.431640625,29191.876953125,29196.05078125,2225450
2026-07-08T15:40:00-04:00,29194.623046875,29194.650390625,29186.2265625,29188.033203125,3663387
2026-07-08T15:41:00-04:00,29187.12109375,29187.12109375,29179.048828125,29181.548828125,1429743
2026-07-08T15:42:00-04:00,29181.17578125,29182.830078125,29176.720703125,29178.970703125,4057268
2026-07-08T15:43:00-04:00,29182.623046875,29192.11328125,29181.73828125,29191.83984375,1301040
2026-07-08T15:44:00-04:00,29194.78125,29199.44140625,29188.9765625,29199.44140625,2574436
2026-07-08T15:45:00-04:00,29196.876953125,29204.107421875,29188.580078125,29194.822265625,3707837
2026-07-08T15:46:00-04:00,29195.841796875,29200.25390625,29186.75,29188.52734375,2976448
2026-07-08T15:47:00-04:00,29187.18359375,29187.18359375,29168.158203125,29170.595703125,2785772
2026-07-08T15:48:00-04:00,29172.513671875,29188.978515625,29172.513671875,29183.376953125,2895245
2026-07-08T15:49:00-04:00,29184.306640625,29191.671875,29183.861328125,29186.482421875,4308123
2026-07-08T15:50:00-04:00,29171.3125,29206.275390625,29171.3125,29205.095703125,2461392
2026-07-08T15:51:00-04:00,29206.640625,29224.826171875,29203.392578125,29217.669921875,5788737
2026-07-08T15:52:00-04:00,29216.923828125,29221.353515625,29211.501953125,29217.30859375,6722033
2026-07-08T15:53:00-04:00,29219.87109375,29229.349609375,29219.87109375,29223.982421875,2723315
2026-07-08T15:54:00-04:00,29230.263671875,29241.337890625,29230.095703125,29240.70703125,7519699
2026-07-08T15:55:00-04:00,29246.265625,29252.44140625,29240.96875,29249.1171875,3190271
2026-07-08T15:56:00-04:00,29248.84375,29251.787109375,29242.431640625,29251.787109375,9549595
2026-07-08T15:57:00-04:00,29255.669921875,29278.6875,29255.669921875,29273.310546875,3149353
2026-07-08T15:58:00-04:00,29270.279296875,29279.783203125,29266.083984375,29273.55859375,6300927
2026-07-08T15:59:00-04:00,29270.197265625,29278.80078125,29250.134765625,29250.134765625,6094471
2026-07-09T09:30:00-04:00,29486.076171875,29491.521484375,29476.31640625,29476.31640625,0
2026-07-09T09:31:00-04:00,29478.533203125,29512.337890625,29476.337890625,29483.654296875,12269676
2026-07-09T09:32:00-04:00,29483.736328125,29486.18359375,29461.744140625,29476.189453125,10585291
2026-07-09T09:33:00-04:00,29476.140625,29512.623046875,29468.75390625,29512.623046875,7001598
2026-07-09T09:34:00-04:00,29517.291015625,29556.48828125,29517.291015625,29556.48828125,6462077
2026-07-09T09:35:00-04:00,29561.541015625,29599.28515625,29560.537109375,29590.373046875,6366343
2026-07-09T09:36:00-04:00,29591.8125,29599.3828125,29586.529296875,29590.0078125,5905346
2026-07-09T09:37:00-04:00,29589.38671875,29622.232421875,29589.38671875,29622.232421875,5399390
2026-07-09T09:38:00-04:00,29622.1640625,29642.138671875,29618.6015625,29634.6796875,5892727
2026-07-09T09:39:00-04:00,29630.7421875,29637.810546875,29628.18359375,29637.341796875,5182594
2026-07-09T09:40:00-04:00,29625.380859375,29626.837890625,29604.150390625,29604.150390625,5752374
2026-07-09T09:41:00-04:00,29610.72265625,29614.439453125,29602.1328125,29613.6171875,5571365
2026-07-09T09:42:00-04:00,29621.03515625,29646.35546875,29621.03515625,29640.880859375,4394920
2026-07-09T09:43:00-04:00,29647.294921875,29647.294921875,29638.92578125,29640.080078125,5437694
2026-07-09T09:44:00-04:00,29643.150390625,29653.25,29630.380859375,29636.4453125,4565741
2026-07-09T09:45:00-04:00,29639.95703125,29662.9140625,29639.95703125,29657.3125,4163483
2026-07-09T09:46:00-04:00,29661.392578125,29668.46875,29653.712890625,29661.75,4251104
2026-07-09T09:47:00-04:00,29660.15625,29662.205078125,29655.603515625,29662.205078125,4075331
2026-07-09T09:48:00-04:00,29653.25,29653.25,29601.845703125,29601.845703125,4149577
2026-07-09T09:49:00-04:00,29614.912109375,29623.037109375,29596.232421875,29621.48828125,4655346
2026-07-09T09:50:00-04:00,29612.015625,29616.404296875,29606.095703125,29616.404296875,3825627
2026-07-09T09:51:00-04:00,29621.630859375,29670.8828125,29616.87890625,29670.8828125,3708739
2026-07-09T09:52:00-04:00,29678.833984375,29681.181640625,29673.5546875,29673.5546875,4209899
2026-07-09T09:53:00-04:00,29676.248046875,29689.875,29674.765625,29687.650390625,3153009
2026-07-09T09:54:00-04:00,29690.8984375,29694.189453125,29682.94140625,29683.427734375,3505606
2026-07-09T09:55:00-04:00,29685.193359375,29706.6953125,29685.193359375,29703.55859375,3448909
2026-07-09T09:56:00-04:00,29704.6796875,29705.716796875,29694.439453125,29697.47265625,3685055
2026-07-09T09:57:00-04:00,29696.462890625,29706.4453125,29691.861328125,29706.4453125,3531610
2026-07-09T09:58:00-04:00,29704.931640625,29709.185546875,29701.208984375,29701.208984375,3718375
2026-07-09T09:59:00-04:00,29699.912109375,29699.912109375,29687.0234375,29689.162109375,3521587
2026-07-09T10:00:00-04:00,29691.943359375,29701.451171875,29674.0390625,29683.49609375,4214899
2026-07-09T10:01:00-04:00,29683.314453125,29699.927734375,29683.314453125,29694.142578125,3673960
2026-07-09T10:02:00-04:00,29690.125,29694.611328125,29683.708984375,29683.708984375,3858005
2026-07-09T10:03:00-04:00,29681.94140625,29693.552734375,29670.046875,29693.552734375,3852442
2026-07-09T10:04:00-04:00,29692.451171875,29701.099609375,29692.451171875,29697.94921875,3246204
2026-07-09T10:05:00-04:00,29689.84765625,29695.376953125,29685.45703125,29687.931640625,3334635
2026-07-09T10:06:00-04:00,29683.404296875,29691.56640625,29669.005859375,29669.005859375,3970329
2026-07-09T10:07:00-04:00,29665.56640625,29669.787109375,29650.759765625,29658.638671875,3678885
2026-07-09T10:08:00-04:00,29654.693359375,29663.578125,29637.69140625,29637.69140625,3210261
2026-07-09T10:09:00-04:00,29643.015625,29658.962890625,29639.11328125,29641.525390625,3151454
2026-07-09T10:10:00-04:00,29631.138671875,29631.138671875,29600.39453125,29600.39453125,3773771
2026-07-09T10:11:00-04:00,29604.71484375,29609.904296875,29585.341796875,29585.341796875,3884203
2026-07-09T10:12:00-04:00,29589.50390625,29593.380859375,29572.099609375,29572.755859375,3909509
2026-07-09T10:13:00-04:00,29579.24609375,29598.626953125,29574.5234375,29598.626953125,3706936
2026-07-09T10:14:00-04:00,29588.701171875,29604.873046875,29588.154296875,29589.953125,3346103
2026-07-09T10:15:00-04:00,29579.43359375,29579.43359375,29509.80078125,29509.80078125,4162684
2026-07-09T10:16:00-04:00,29500.05859375,29508.630859375,29473.611328125,29508.630859375,4630410
2026-07-09T10:17:00-04:00,29518.19921875,29530.087890625,29493.697265625,29495.37109375,3635193
2026-07-09T10:18:00-04:00,29489.85546875,29493.513671875,29465.341796875,29493.513671875,3482543
2026-07-09T10:19:00-04:00,29505.427734375,29505.427734375,29465.658203125,29469.107421875,3410594
2026-07-09T10:20:00-04:00,29479.546875,29479.546875,29424.669921875,29424.669921875,3913754
2026-07-09T10:21:00-04:00,29419.095703125,29426.3125,29400.634765625,29418.0546875,5224212
2026-07-09T10:22:00-04:00,29423.3125,29431.810546875,29410.576171875,29431.810546875,4104970
2026-07-09T10:23:00-04:00,29430.484375,29466.37109375,29430.484375,29466.37109375,3973213
2026-07-09T10:24:00-04:00,29458.14453125,29487.9609375,29456.91015625,29487.9609375,3058729
2026-07-09T10:25:00-04:00,29493.958984375,29505.828125,29493.958984375,29494.140625,3237842
2026-07-09T10:26:00-04:00,29494.697265625,29497.607421875,29478.00390625,29490.349609375,2963242
2026-07-09T10:27:00-04:00,29493.06640625,29548.451171875,29493.06640625,29542.625,2955265
2026-07-09T10:28:00-04:00,29533.640625,29560.521484375,29530.955078125,29558.1171875,3016119
2026-07-09T10:29:00-04:00,29557.087890625,29557.087890625,29538.830078125,29549.595703125,2703179
2026-07-09T10:30:00-04:00,29548.326171875,29554.97265625,29528.4609375,29534.779296875,2663191
2026-07-09T10:31:00-04:00,29536.751953125,29536.751953125,29489.3359375,29494.82421875,3316112
2026-07-09T10:32:00-04:00,29487.431640625,29510.744140625,29487.14453125,29507.69921875,2955026
2026-07-09T10:33:00-04:00,29518.6953125,29537.275390625,29518.6953125,29532.2890625,2500875
2026-07-09T10:34:00-04:00,29513.326171875,29527.1171875,29513.326171875,29522.822265625,2467616
2026-07-09T10:35:00-04:00,29529.962890625,29557.3359375,29524.033203125,29549.380859375,2154994
2026-07-09T10:36:00-04:00,29549.71875,29558.06640625,29548.51953125,29554.12109375,2472248
2026-07-09T10:37:00-04:00,29556.142578125,29556.142578125,29517.462890625,29530.126953125,2733916
2026-07-09T10:38:00-04:00,29535.60546875,29545.03515625,29522.0390625,29545.03515625,2343871
2026-07-09T10:39:00-04:00,29547.728515625,29569.330078125,29546.138671875,29569.330078125,2013325
2026-07-09T10:40:00-04:00,29567.953125,29579.021484375,29566.796875,29579.021484375,2316425
2026-07-09T10:41:00-04:00,29572.95703125,29572.95703125,29556.42578125,29569.326171875,2710165
2026-07-09T10:42:00-04:00,29562.66796875,29580.974609375,29562.66796875,29577.78515625,2444139
2026-07-09T10:43:00-04:00,29579.8515625,29579.8515625,29563.81640625,29563.81640625,2385552
2026-07-09T10:44:00-04:00,29554.521484375,29554.521484375,29541.34375,29545.74609375,2738972
2026-07-09T10:45:00-04:00,29547.19921875,29558.44921875,29545.19921875,29558.37109375,2153404
2026-07-09T10:46:00-04:00,29555.919921875,29586.091796875,29555.919921875,29586.091796875,2818863
2026-07-09T10:47:00-04:00,29585.60546875,29585.60546875,29565.099609375,29576.90625,2714234
2026-07-09T10:48:00-04:00,29576.345703125,29582.826171875,29575.720703125,29582.611328125,2444597
2026-07-09T10:49:00-04:00,29584.435546875,29592.845703125,29583.171875,29583.171875,1967888
2026-07-09T10:50:00-04:00,29563.2890625,29569.8359375,29550.033203125,29569.8359375,2853434
2026-07-09T10:51:00-04:00,29570.947265625,29574.759765625,29548.462890625,29548.462890625,2193409
2026-07-09T10:52:00-04:00,29550.328125,29550.328125,29523.19921875,29528.443359375,2522185
2026-07-09T10:53:00-04:00,29529.47265625,29529.47265625,29513.40234375,29522.361328125,2335624
2026-07-09T10:54:00-04:00,29528.5703125,29540.455078125,29512.115234375,29540.455078125,2667366
2026-07-09T10:55:00-04:00,29555.93359375,29564.05859375,29551.1171875,29561.791015625,2595546
2026-07-09T10:56:00-04:00,29556.12109375,29561.533203125,29549.962890625,29550.998046875,1983936
2026-07-09T10:57:00-04:00,29553.51953125,29561.388671875,29543.701171875,29561.388671875,1872309
2026-07-09T10:58:00-04:00,29565.671875,29595.685546875,29565.671875,29591.375,1879056
2026-07-09T10:59:00-04:00,29580.921875,29584.484375,29568.01953125,29568.01953125,2429541
2026-07-09T11:00:00-04:00,29572.55859375,29587.025390625,29572.55859375,29583.82421875,2438274
2026-07-09T11:01:00-04:00,29581.8984375,29583.455078125,29575.07421875,29583.455078125,2205568
2026-07-09T11:02:00-04:00,29582.90625,29589.302734375,29566.109375,29566.109375,1966554
2026-07-09T11:03:00-04:00,29571.880859375,29591.853515625,29571.880859375,29591.853515625,2055484
2026-07-09T11:04:00-04:00,29596.890625,29602.177734375,29594.3984375,29602.177734375,1839072
2026-07-09T11:05:00-04:00,29604.2421875,29616.61328125,29604.2421875,29614.654296875,1944583
2026-07-09T11:06:00-04:00,29616.2265625,29640.27734375,29616.2265625,29640.27734375,2232927
2026-07-09T11:07:00-04:00,29636.73828125,29638.291015625,29621.95703125,29624.23046875,2235400
2026-07-09T11:08:00-04:00,29622.25390625,29637.173828125,29614.38671875,29631.955078125,1985627
2026-07-09T11:09:00-04:00,29633.904296875,29645.453125,29633.71875,29640.638671875,2227376
2026-07-09T11:10:00-04:00,29644.533203125,29645.2734375,29637.169921875,29638.087890625,2295113
2026-07-09T11:11:00-04:00,29630.5859375,29630.5859375,29621.880859375,29621.880859375,2291476
2026-07-09T11:12:00-04:00,29618.845703125,29629.728515625,29618.845703125,29629.728515625,2381654
2026-07-09T11:13:00-04:00,29625.734375,29642.791015625,29625.734375,29637.873046875,1935870
2026-07-09T11:14:00-04:00,29633.7265625,29643.6328125,29633.0078125,29638.435546875,2208447
2026-07-09T11:15:00-04:00,29634.041015625,29655.53125,29631.84765625,29655.53125,2376621
2026-07-09T11:16:00-04:00,29657.048828125,29657.048828125,29642.947265625,29643.44921875,1844117
2026-07-09T11:17:00-04:00,29642.669921875,29642.669921875,29628.29296875,29633.365234375,1750965
2026-07-09T11:18:00-04:00,29629.296875,29631.48828125,29618.173828125,29623.607421875,1805986
2026-07-09T11:19:00-04:00,29628.740234375,29628.740234375,29613.953125,29620.576171875,2039210
2026-07-09T11:20:00-04:00,29624.3671875,29634.25390625,29624.3671875,29633.474609375,1869808
2026-07-09T11:21:00-04:00,29629.35546875,29636.306640625,29625.6015625,29625.765625,1754276
2026-07-09T11:22:00-04:00,29630.990234375,29656.666015625,29626.78515625,29656.666015625,1697950
2026-07-09T11:23:00-04:00,29652.125,29654.08203125,29650.716796875,29650.716796875,1809404
2026-07-09T11:24:00-04:00,29651.603515625,29662.640625,29651.603515625,29661.548828125,1530294
2026-07-09T11:25:00-04:00,29663.802734375,29663.802734375,29651.2265625,29656.052734375,1740386
2026-07-09T11:26:00-04:00,29660.005859375,29661.173828125,29657.140625,29661.173828125,1967492
2026-07-09T11:27:00-04:00,29664.966796875,29664.966796875,29652.646484375,29661.9765625,1916656
2026-07-09T11:28:00-04:00,29657.04296875,29662.220703125,29647.541015625,29648.759765625,1698994
2026-07-09T11:29:00-04:00,29654.80078125,29657.810546875,29652.72265625,29655.35546875,1774943
2026-07-09T11:30:00-04:00,29655.34375,29660.6875,29650.4140625,29660.6875,1735538
2026-07-09T11:31:00-04:00,29659.689453125,29664.466796875,29658.96484375,29658.96484375,1596098
2026-07-09T11:32:00-04:00,29658.974609375,29658.974609375,29645.572265625,29645.572265625,1571454
2026-07-09T11:33:00-04:00,29644.794921875,29649.826171875,29644.794921875,29649.732421875,1844736
2026-07-09T11:34:00-04:00,29644.28125,29649.552734375,29640.333984375,29647.82421875,2349364
2026-07-09T11:35:00-04:00,29644.8046875,29650.896484375,29644.8046875,29646.224609375,1727074
2026-07-09T11:36:00-04:00,29650.12109375,29653.626953125,29644.7578125,29647.140625,1689817
2026-07-09T11:37:00-04:00,29650.689453125,29650.689453125,29644.79296875,29644.79296875,1851981
2026-07-09T11:38:00-04:00,29648.380859375,29656.1796875,29648.380859375,29655.712890625,1493836
2026-07-09T11:39:00-04:00,29653.294921875,29655.751953125,29647.98828125,29655.751953125,1831950
2026-07-09T11:40:00-04:00,29655.998046875,29664.052734375,29655.998046875,29664.052734375,1633220
2026-07-09T11:41:00-04:00,29655.291015625,29669.970703125,29655.291015625,29669.552734375,1908844
2026-07-09T11:42:00-04:00,29669.087890625,29673.966796875,29669.087890625,29673.966796875,1761581
2026-07-09T11:43:00-04:00,29676.015625,29679.587890625,29669.685546875,29669.685546875,1445931
2026-07-09T11:44:00-04:00,29667.2890625,29672.927734375,29663.60546875,29663.60546875,1711724
2026-07-09T11:45:00-04:00,29668.287109375,29678.490234375,29667.626953125,29676.931640625,1600082
2026-07-09T11:46:00-04:00,29677.677734375,29678.662109375,29666.490234375,29671.869140625,1840541
2026-07-09T11:47:00-04:00,29671.376953125,29671.376953125,29664.65234375,29670.728515625,2031194
2026-07-09T11:48:00-04:00,29668.1640625,29673.43359375,29668.1640625,29672.78515625,1433538
2026-07-09T11:49:00-04:00,29673.74609375,29680.205078125,29673.74609375,29678.162109375,1782692
2026-07-09T11:50:00-04:00,29679.83984375,29682.986328125,29676.091796875,29676.091796875,1668270
2026-07-09T11:51:00-04:00,29678.26171875,29684.185546875,29678.26171875,29684.185546875,1657612
2026-07-09T11:52:00-04:00,29682.451171875,29683.8984375,29677.8515625,29677.8515625,1428906
2026-07-09T11:53:00-04:00,29679.431640625,29682.974609375,29676.783203125,29678.431640625,1549567
2026-07-09T11:54:00-04:00,29679.6015625,29680.58984375,29670.734375,29672.841796875,1565072
2026-07-09T11:55:00-04:00,29675.291015625,29675.310546875,29666.986328125,29666.986328125,1493007
2026-07-09T11:56:00-04:00,29663.2734375,29670.9609375,29663.2734375,29667.33203125,3473057
2026-07-09T11:57:00-04:00,29670.359375,29670.49609375,29667.8125,29670.49609375,1534612
2026-07-09T11:58:00-04:00,29670.759765625,29678.083984375,29668.974609375,29678.083984375,1699210
2026-07-09T11:59:00-04:00,29676.80859375,29679.59765625,29666.6953125,29666.6953125,6249101
2026-07-09T12:00:00-04:00,29672.1796875,29682.41796875,29672.1796875,29682.41796875,2840143
2026-07-09T12:01:00-04:00,29683.478515625,29693.53515625,29683.478515625,29693.53515625,1039691
2026-07-09T12:02:00-04:00,29691.623046875,29691.93359375,29683.486328125,29689.564453125,2568345
2026-07-09T12:03:00-04:00,29690.423828125,29693.91015625,29688.13671875,29688.13671875,912559
2026-07-09T12:04:00-04:00,29687.724609375,29690.064453125,29685.623046875,29687.982421875,1898961
2026-07-09T12:05:00-04:00,29686.8515625,29696.326171875,29686.8515625,29696.177734375,1953282
2026-07-09T12:06:00-04:00,29699.84375,29702.390625,29697.62890625,29700.240234375,2322900
2026-07-09T12:07:00-04:00,29700.53515625,29700.53515625,29693.3671875,29695.458984375,1819390
2026-07-09T12:08:00-04:00,29693.927734375,29697.896484375,29693.07421875,29695.740234375,1813127
2026-07-09T12:09:00-04:00,29697.259765625,29699.478515625,29691.79296875,29692.314453125,2586805
2026-07-09T12:10:00-04:00,29694.677734375,29695.267578125,29687.419921875,29687.419921875,1061538
2026-07-09T12:11:00-04:00,29688.439453125,29691.48046875,29684.931640625,29685.8984375,2089040
2026-07-09T12:12:00-04:00,29685.34765625,29690.076171875,29684.751953125,29686.416015625,3993289
2026-07-09T12:13:00-04:00,29686.65625,29687.837890625,29684.595703125,29686.884765625,868908
2026-07-09T12:14:00-04:00,29688.01953125,29688.15234375,29678.83203125,29681.125,2616475
2026-07-09T12:15:00-04:00,29682.373046875,29694.54296875,29679.34375,29693.212890625,881337
2026-07-09T12:16:00-04:00,29694.330078125,29697.552734375,29693.01953125,29695.9296875,1727985
2026-07-09T12:17:00-04:00,29694.916015625,29694.916015625,29681.00390625,29683.216796875,2063435
2026-07-09T12:18:00-04:00,29683.787109375,29686.224609375,29679.05859375,29681.216796875,1647046
2026-07-09T12:19:00-04:00,29680.212890625,29689.48828125,29680.212890625,29689.091796875,1764745
2026-07-09T12:20:00-04:00,29688.400390625,29692.052734375,29679.61328125,29679.61328125,1829865
2026-07-09T12:21:00-04:00,29678.736328125,29689.4140625,29678.736328125,29686.494140625,2595882
2026-07-09T12:22:00-04:00,29686.431640625,29687.099609375,29676.71484375,29684.673828125,1362728
2026-07-09T12:23:00-04:00,29684.68359375,29690.201171875,29683.63671875,29687.5703125,2661767
2026-07-09T12:24:00-04:00,29685.95703125,29691.169921875,29685.95703125,29691.0546875,838550
2026-07-09T12:25:00-04:00,29691.515625,29691.515625,29684.80859375,29685.86328125,1767285
2026-07-09T12:26:00-04:00,29684.189453125,29684.189453125,29678.603515625,29680.66015625,1905755
2026-07-09T12:27:00-04:00,29680.341796875,29685.375,29678.037109375,29685.375,1483279
2026-07-09T12:28:00-04:00,29685.251953125,29685.732421875,29669.669921875,29671.958984375,2201896
2026-07-09T12:29:00-04:00,29672.248046875,29672.69921875,29660.67578125,29669.458984375,1054295
2026-07-09T12:30:00-04:00,29673.365234375,29680.71484375,29672.392578125,29678.029296875,2348219
2026-07-09T12:31:00-04:00,29679.1171875,29685.72265625,29675.267578125,29685.103515625,793949
2026-07-09T12:32:00-04:00,29686.873046875,29693.5234375,29685.794921875,29686.169921875,1521577
2026-07-09T12:33:00-04:00,29686.8203125,29686.8203125,29678.984375,29681.095703125,1578858
2026-07-09T12:34:00-04:00,29676.35546875,29676.35546875,29666.75390625,29666.75390625,1544227
2026-07-09T12:35:00-04:00,29664.48828125,29666.572265625,29652.96484375,29652.96484375,1397688
2026-07-09T12:36:00-04:00,29654.091796875,29655.931640625,29643.505859375,29646.869140625,1817057
2026-07-09T12:37:00-04:00,29648.984375,29665.396484375,29648.984375,29660.7421875,2469195
2026-07-09T12:38:00-04:00,29661.779296875,29662.958984375,29659.80859375,29661.705078125,704738
2026-07-09T12:39:00-04:00,29662.09375,29670.34765625,29655.09375,29670.34765625,2456379
2026-07-09T12:40:00-04:00,29675.185546875,29690.013671875,29675.185546875,29690.013671875,1061522
2026-07-09T12:41:00-04:00,29689.482421875,29691.76953125,29689.388671875,29691.76953125,1453100
2026-07-09T12:42:00-04:00,29690.763671875,29695.806640625,29688.599609375,29691.01953125,1380889
2026-07-09T12:43:00-04:00,29690.271484375,29694.3046875,29688.8515625,29692.263671875,1329330
2026-07-09T12:44:00-04:00,29691.697265625,29693.642578125,29687.48046875,29689.423828125,1876036
2026-07-09T12:45:00-04:00,29690.689453125,29690.818359375,29686.9296875,29689.150390625,753349
2026-07-09T12:46:00-04:00,29687.681640625,29691.375,29680.1640625,29680.1640625,2042507
2026-07-09T12:47:00-04:00,29675.37109375,29680.732421875,29675.37109375,29677.1484375,813005
2026-07-09T12:48:00-04:00,29677.048828125,29681.140625,29677.048828125,29678.1484375,1292821
2026-07-09T12:49:00-04:00,29678.44921875,29681.447265625,29675.44140625,29679.087890625,1637029
2026-07-09T12:50:00-04:00,29679.373046875,29685.83984375,29679.373046875,29685.83984375,683721
2026-07-09T12:51:00-04:00,29689.037109375,29689.88671875,29687.865234375,29689.42578125,1766805
2026-07-09T12:52:00-04:00,29688.796875,29689.0,29682.8125,29688.001953125,654317
2026-07-09T12:53:00-04:00,29689.021484375,29690.884765625,29686.658203125,29688.56640625,1235454
2026-07-09T12:54:00-04:00,29687.373046875,29687.548828125,29685.05078125,29686.255859375,1385819
2026-07-09T12:55:00-04:00,29683.767578125,29686.919921875,29681.431640625,29681.431640625,1309509
2026-07-09T12:56:00-04:00,29681.30078125,29687.8046875,29681.30078125,29685.29296875,2358906
2026-07-09T12:57:00-04:00,29686.17578125,29686.75390625,29668.7421875,29672.580078125,726092
2026-07-09T12:58:00-04:00,29673.990234375,29677.41015625,29669.521484375,29677.3359375,1936764
2026-07-09T12:59:00-04:00,29677.119140625,29682.5078125,29676.7734375,29677.7890625,682525
2026-07-09T13:00:00-04:00,29678.654296875,29690.560546875,29676.6953125,29690.560546875,1378717
2026-07-09T13:01:00-04:00,29694.263671875,29702.1171875,29694.263671875,29701.21484375,1495027
2026-07-09T13:02:00-04:00,29700.150390625,29704.328125,29697.142578125,29704.328125,1514646
2026-07-09T13:03:00-04:00,29704.0546875,29704.0546875,29697.431640625,29701.7265625,1484612
2026-07-09T13:04:00-04:00,29700.587890625,29705.533203125,29699.83203125,29703.93359375,1792972
2026-07-09T13:05:00-04:00,29702.0546875,29703.693359375,29695.9140625,29703.693359375,2842670
2026-07-09T13:06:00-04:00,29703.50390625,29714.55078125,29700.73046875,29714.55078125,778643
2026-07-09T13:07:00-04:00,29715.611328125,29727.658203125,29715.611328125,29725.818359375,1928088
2026-07-09T13:08:00-04:00,29726.09765625,29726.78125,29724.3671875,29726.318359375,1714725
2026-07-09T13:09:00-04:00,29725.759765625,29730.23046875,29722.419921875,29722.595703125,2161553
2026-07-09T13:10:00-04:00,29724.271484375,29746.3046875,29724.140625,29744.98828125,1977563
2026-07-09T13:11:00-04:00,29742.7421875,29747.236328125,29742.7421875,29745.744140625,1000464
2026-07-09T13:12:00-04:00,29745.431640625,29745.431640625,29738.689453125,29739.69140625,1748554
2026-07-09T13:13:00-04:00,29739.140625,29740.05859375,29734.576171875,29737.146484375,1525699
2026-07-09T13:14:00-04:00,29737.95703125,29744.4140625,29737.791015625,29739.15234375,1433139
2026-07-09T13:15:00-04:00,29738.29296875,29746.900390625,29738.29296875,29744.29296875,1874126
2026-07-09T13:16:00-04:00,29743.95703125,29750.603515625,29743.95703125,29745.9609375,1575375
2026-07-09T13:17:00-04:00,29746.12890625,29747.181640625,29743.1015625,29747.181640625,1609391
2026-07-09T13:18:00-04:00,29746.853515625,29753.546875,29746.853515625,29753.546875,1757827
2026-07-09T13:19:00-04:00,29753.603515625,29763.705078125,29753.603515625,29762.837890625,1726272
2026-07-09T13:20:00-04:00,29763.80078125,29765.732421875,29761.4765625,29765.294921875,2071226
2026-07-09T13:21:00-04:00,29766.044921875,29769.119140625,29760.158203125,29760.162109375,2417284
2026-07-09T13:22:00-04:00,29758.169921875,29760.7265625,29752.59765625,29756.494140625,780523
2026-07-09T13:23:00-04:00,29756.53515625,29762.58203125,29756.53515625,29760.525390625,1394930
2026-07-09T13:24:00-04:00,29760.814453125,29763.658203125,29759.66796875,29760.46875,1947654
2026-07-09T13:25:00-04:00,29760.369140625,29761.025390625,29757.013671875,29760.546875,789870
2026-07-09T13:26:00-04:00,29761.390625,29761.923828125,29757.166015625,29757.486328125,2312654
2026-07-09T13:27:00-04:00,29759.603515625,29767.765625,29759.603515625,29767.279296875,859623
2026-07-09T13:28:00-04:00,29768.69140625,29771.103515625,29767.953125,29770.11328125,2323230
2026-07-09T13:29:00-04:00,29770.58984375,29770.771484375,29767.708984375,29768.5,841380
2026-07-09T13:30:00-04:00,29769.947265625,29773.666015625,29765.205078125,29766.359375,1395661
2026-07-09T13:31:00-04:00,29766.326171875,29767.0859375,29752.82421875,29752.82421875,1766062
2026-07-09T13:32:00-04:00,29753.189453125,29753.189453125,29745.65234375,29747.08984375,3762038
2026-07-09T13:33:00-04:00,29745.654296875,29752.9296875,29745.654296875,29749.73828125,696234
2026-07-09T13:34:00-04:00,29750.626953125,29751.841796875,29745.181640625,29745.927734375,2554057
2026-07-09T13:35:00-04:00,29746.72265625,29756.171875,29744.640625,29754.287109375,883330
2026-07-09T13:36:00-04:00,29755.400390625,29763.916015625,29754.033203125,29763.23828125,1697310
2026-07-09T13:37:00-04:00,29762.392578125,29767.076171875,29760.22265625,29762.3203125,1440060
2026-07-09T13:38:00-04:00,29763.125,29763.125,29751.3984375,29752.03515625,1549974
2026-07-09T13:39:00-04:00,29753.11328125,29757.1015625,29753.11328125,29755.951171875,1540053
2026-07-09T13:40:00-04:00,29756.845703125,29757.15625,29751.310546875,29753.267578125,1431956
2026-07-09T13:41:00-04:00,29754.150390625,29754.150390625,29746.107421875,29748.263671875,2094866
2026-07-09T13:42:00-04:00,29749.341796875,29751.904296875,29749.064453125,29751.6484375,661689
2026-07-09T13:43:00-04:00,29753.779296875,29758.650390625,29753.779296875,29755.951171875,1689883
2026-07-09T13:44:00-04:00,29755.54296875,29756.1953125,29752.130859375,29754.4453125,602619
2026-07-09T13:45:00-04:00,29755.48046875,29761.138671875,29753.9765625,29756.236328125,1362763
2026-07-09T13:46:00-04:00,29757.1953125,29763.59375,29753.212890625,29763.59375,1348184
2026-07-09T13:47:00-04:00,29763.568359375,29770.845703125,29761.548828125,29770.845703125,1446083
2026-07-09T13:48:00-04:00,29771.521484375,29773.134765625,29769.93359375,29772.134765625,2094486
2026-07-09T13:49:00-04:00,29770.541015625,29770.541015625,29762.189453125,29762.8828125,845857
2026-07-09T13:50:00-04:00,29761.865234375,29765.21875,29759.720703125,29760.0703125,2236039
2026-07-09T13:51:00-04:00,29760.220703125,29764.6796875,29760.220703125,29762.978515625,648430
2026-07-09T13:52:00-04:00,29760.890625,29766.193359375,29757.974609375,29765.87109375,1170116
2026-07-09T13:53:00-04:00,29765.06640625,29765.06640625,29761.177734375,29763.58984375,1237037
2026-07-09T13:54:00-04:00,29763.396484375,29763.984375,29758.080078125,29759.513671875,1221036
2026-07-09T13:55:00-04:00,29759.623046875,29760.296875,29757.49609375,29758.578125,1097986
2026-07-09T13:56:00-04:00,29758.583984375,29760.568359375,29757.0390625,29757.0390625,1086865
2026-07-09T13:57:00-04:00,29757.474609375,29758.1171875,29751.177734375,29752.9453125,2146557
2026-07-09T13:58:00-04:00,29752.478515625,29758.859375,29739.892578125,29746.583984375,1035669
2026-07-09T13:59:00-04:00,29745.90625,29755.275390625,29743.9765625,29755.275390625,2718397
2026-07-09T14:00:00-04:00,29755.92578125,29762.294921875,29754.97265625,29759.0234375,1421516
2026-07-09T14:01:00-04:00,29759.537109375,29761.10546875,29756.435546875,29758.029296875,1339094
2026-07-09T14:02:00-04:00,29757.109375,29757.646484375,29745.126953125,29745.126953125,2387590
2026-07-09T14:03:00-04:00,29744.244140625,29749.87109375,29742.791015625,29747.4296875,759918
2026-07-09T14:04:00-04:00,29746.736328125,29746.76953125,29742.15625,29746.232421875,1319438
2026-07-09T14:05:00-04:00,29746.234375,29757.03515625,29746.234375,29753.501953125,1733007
2026-07-09T14:06:00-04:00,29756.734375,29760.1953125,29754.203125,29759.404296875,1840966
2026-07-09T14:07:00-04:00,29758.373046875,29760.14453125,29757.15234375,29757.798828125,1485471
2026-07-09T14:08:00-04:00,29760.685546875,29766.1328125,29759.25,29761.34375,2549464
2026-07-09T14:09:00-04:00,29762.21875,29764.74609375,29758.818359375,29764.115234375,2109205
2026-07-09T14:10:00-04:00,29761.095703125,29764.4609375,29759.201171875,29762.4765625,900754
2026-07-09T14:11:00-04:00,29762.484375,29764.173828125,29752.2578125,29756.083984375,2317742
2026-07-09T14:12:00-04:00,29756.234375,29760.80078125,29754.37109375,29758.865234375,1046663
2026-07-09T14:13:00-04:00,29756.283203125,29760.4921875,29755.515625,29755.515625,2136528
2026-07-09T14:14:00-04:00,29754.890625,29762.455078125,29754.890625,29760.19140625,1907212
2026-07-09T14:15:00-04:00,29760.76953125,29762.14453125,29756.875,29756.875,1645090
2026-07-09T14:16:00-04:00,29757.525390625,29763.06640625,29749.037109375,29749.7265625,2864544
2026-07-09T14:17:00-04:00,29752.994140625,29752.994140625,29749.7578125,29749.955078125,711868
2026-07-09T14:18:00-04:00,29750.03515625,29752.298828125,29745.140625,29748.90625,2117642
2026-07-09T14:19:00-04:00,29749.423828125,29755.53515625,29748.927734375,29753.072265625,620691
2026-07-09T14:20:00-04:00,29752.451171875,29752.451171875,29742.48046875,29743.09765625,1470607
2026-07-09T14:21:00-04:00,29743.181640625,29745.0625,29740.17578125,29741.986328125,1316575
2026-07-09T14:22:00-04:00,29743.08984375,29746.205078125,29737.279296875,29737.279296875,1158881
2026-07-09T14:23:00-04:00,29737.09375,29740.3359375,29733.52734375,29733.779296875,1413733
2026-07-09T14:24:00-04:00,29733.4296875,29738.896484375,29730.91015625,29732.060546875,1167401
2026-07-09T14:25:00-04:00,29731.466796875,29732.36328125,29723.3046875,29730.814453125,2195082
2026-07-09T14:26:00-04:00,29731.048828125,29736.37890625,29729.009765625,29734.35546875,759101
2026-07-09T14:27:00-04:00,29734.568359375,29738.14453125,29731.12890625,29737.755859375,2266079
2026-07-09T14:28:00-04:00,29741.052734375,29742.984375,29728.984375,29729.884765625,725161
2026-07-09T14:29:00-04:00,29729.591796875,29737.03515625,29729.150390625,29737.03515625,1673622
2026-07-09T14:30:00-04:00,29738.60546875,29745.103515625,29738.60546875,29742.619140625,1764416
2026-07-09T14:31:00-04:00,29741.951171875,29749.822265625,29740.84765625,29749.822265625,1562609
2026-07-09T14:32:00-04:00,29749.515625,29749.515625,29744.61328125,29746.115234375,2610177
2026-07-09T14:33:00-04:00,29746.244140625,29749.9921875,29745.990234375,29748.2734375,979070
2026-07-09T14:34:00-04:00,29746.697265625,29747.71875,29735.271484375,29735.474609375,2950210
2026-07-09T14:35:00-04:00,29736.23828125,29736.4765625,29728.921875,29733.00390625,890482
2026-07-09T14:36:00-04:00,29733.8984375,29733.8984375,29730.3203125,29732.740234375,1588533
2026-07-09T14:37:00-04:00,29733.29296875,29737.296875,29733.08203125,29736.498046875,1570456
2026-07-09T14:38:00-04:00,29734.974609375,29740.99609375,29734.974609375,29736.982421875,1532463
2026-07-09T14:39:00-04:00,29735.259765625,29736.251953125,29730.4453125,29731.2578125,1482588
2026-07-09T14:40:00-04:00,29730.990234375,29732.556640625,29723.375,29728.595703125,3162378
2026-07-09T14:41:00-04:00,29728.69140625,29731.865234375,29728.158203125,29730.67578125,813023
2026-07-09T14:42:00-04:00,29731.09375,29743.392578125,29731.09375,29735.84375,2403659
2026-07-09T14:43:00-04:00,29736.361328125,29737.6875,29732.990234375,29734.173828125,650419
2026-07-09T14:44:00-04:00,29734.193359375,29743.482421875,29734.193359375,29743.482421875,1364530
2026-07-09T14:45:00-04:00,29741.109375,29745.689453125,29739.009765625,29745.689453125,1459765
2026-07-09T14:46:00-04:00,29745.2109375,29745.2109375,29737.91015625,29739.828125,1855191
2026-07-09T14:47:00-04:00,29739.849609375,29744.701171875,29737.974609375,29740.796875,1425104
2026-07-09T14:48:00-04:00,29740.837890625,29746.587890625,29738.037109375,29744.330078125,1987943
2026-07-09T14:49:00-04:00,29744.0859375,29744.0859375,29738.873046875,29739.345703125,2097208
2026-07-09T14:50:00-04:00,29740.865234375,29743.765625,29739.5859375,29743.37109375,931592
2026-07-09T14:51:00-04:00,29742.73828125,29742.73828125,29730.947265625,29733.759765625,2433164
2026-07-09T14:52:00-04:00,29735.859375,29737.28125,29730.724609375,29730.724609375,631104
2026-07-09T14:53:00-04:00,29729.810546875,29732.91796875,29727.60546875,29732.4296875,1526576
2026-07-09T14:54:00-04:00,29732.95703125,29736.34765625,29731.3203125,29731.3203125,1524037
2026-07-09T14:55:00-04:00,29731.017578125,29731.017578125,29715.74609375,29715.74609375,1672413
2026-07-09T14:56:00-04:00,29717.18359375,29721.1875,29717.18359375,29719.80078125,1706980
2026-07-09T14:57:00-04:00,29720.259765625,29723.64453125,29713.068359375,29714.677734375,1621046
2026-07-09T14:58:00-04:00,29714.080078125,29716.078125,29711.953125,29711.998046875,1813180
2026-07-09T14:59:00-04:00,29711.359375,29725.28125,29711.240234375,29722.884765625,1606860
2026-07-09T15:00:00-04:00,29722.775390625,29722.775390625,29701.73828125,29701.73828125,1918090
2026-07-09T15:01:00-04:00,29699.921875,29700.83984375,29692.892578125,29696.4765625,3094840
2026-07-09T15:02:00-04:00,29696.654296875,29704.244140625,29695.537109375,29700.490234375,994482
2026-07-09T15:03:00-04:00,29699.91796875,29704.671875,29698.943359375,29698.943359375,2543086
2026-07-09T15:04:00-04:00,29695.55078125,29696.541015625,29691.15625,29694.30078125,938459
2026-07-09T15:05:00-04:00,29693.392578125,29696.837890625,29690.8515625,29693.583984375,2065112
2026-07-09T15:06:00-04:00,29697.833984375,29715.560546875,29697.833984375,29710.818359375,2270849
2026-07-09T15:07:00-04:00,29709.671875,29715.333984375,29707.236328125,29713.83984375,1632676
2026-07-09T15:08:00-04:00,29713.294921875,29714.052734375,29699.841796875,29707.18359375,1711420
2026-07-09T15:09:00-04:00,29707.904296875,29709.931640625,29705.373046875,29706.31640625,1525649
2026-07-09T15:10:00-04:00,29705.77734375,29705.77734375,29697.48046875,29698.9375,1781161
2026-07-09T15:11:00-04:00,29699.77734375,29708.8125,29699.505859375,29706.9921875,1523413
2026-07-09T15:12:00-04:00,29707.75,29711.083984375,29705.814453125,29708.375,1770098
2026-07-09T15:13:00-04:00,29707.9765625,29708.478515625,29697.40625,29700.560546875,1589056
2026-07-09T15:14:00-04:00,29701.45703125,29704.35546875,29697.162109375,29697.162109375,1851988
2026-07-09T15:15:00-04:00,29699.580078125,29699.580078125,29687.044921875,29688.73046875,2213163
2026-07-09T15:16:00-04:00,29690.5703125,29714.482421875,29690.5703125,29714.482421875,2425288
2026-07-09T15:17:00-04:00,29713.9140625,29719.90234375,29712.04296875,29717.91796875,2042433
2026-07-09T15:18:00-04:00,29714.9765625,29728.447265625,29714.9765625,29723.27734375,2769183
2026-07-09T15:19:00-04:00,29723.5703125,29733.166015625,29723.5703125,29733.166015625,1017934
2026-07-09T15:20:00-04:00,29732.115234375,29732.875,29728.224609375,29728.8515625,3166019
2026-07-09T15:21:00-04:00,29728.197265625,29740.3125,29728.119140625,29739.4453125,1202277
2026-07-09T15:22:00-04:00,29740.482421875,29740.482421875,29732.052734375,29732.494140625,2054694
2026-07-09T15:23:00-04:00,29733.4375,29733.4375,29726.45703125,29732.474609375,1696697
2026-07-09T15:24:00-04:00,29732.32421875,29734.611328125,29724.5390625,29724.5390625,1896390
2026-07-09T15:25:00-04:00,29724.08203125,29726.279296875,29716.3359375,29718.962890625,2947255
2026-07-09T15:26:00-04:00,29716.875,29720.474609375,29711.099609375,29711.099609375,872392
2026-07-09T15:27:00-04:00,29711.212890625,29722.734375,29711.212890625,29718.263671875,3044780
2026-07-09T15:28:00-04:00,29717.6015625,29718.22265625,29713.396484375,29714.615234375,1013661
2026-07-09T15:29:00-04:00,29716.388671875,29719.11328125,29712.935546875,29712.935546875,2062814
2026-07-09T15:30:00-04:00,29714.548828125,29714.548828125,29694.833984375,29694.833984375,2930315
2026-07-09T15:31:00-04:00,29693.2734375,29705.484375,29693.2734375,29705.244140625,2920940
2026-07-09T15:32:00-04:00,29706.5078125,29709.3515625,29698.75390625,29698.95703125,2292812
2026-07-09T15:33:00-04:00,29696.837890625,29700.0,29690.03125,29696.5234375,2571517
2026-07-09T15:34:00-04:00,29697.681640625,29705.248046875,29697.681640625,29700.671875,3906785
2026-07-09T15:35:00-04:00,29701.298828125,29708.90625,29699.490234375,29708.90625,1626227
2026-07-09T15:36:00-04:00,29709.552734375,29724.921875,29709.552734375,29721.80859375,3571900
2026-07-09T15:37:00-04:00,29720.451171875,29721.21875,29713.16015625,29716.11328125,1186633
2026-07-09T15:38:00-04:00,29715.96875,29721.302734375,29714.380859375,29720.107421875,2042449
2026-07-09T15:39:00-04:00,29720.69140625,29724.138671875,29720.69140625,29723.826171875,1996840
2026-07-09T15:40:00-04:00,29726.876953125,29726.876953125,29718.09375,29718.09375,2109619
2026-07-09T15:41:00-04:00,29716.173828125,29717.626953125,29709.57421875,29716.171875,3982392
2026-07-09T15:42:00-04:00,29715.927734375,29717.8046875,29711.9375,29715.478515625,933130
2026-07-09T15:43:00-04:00,29716.8046875,29719.435546875,29713.888671875,29713.888671875,4827283
2026-07-09T15:44:00-04:00,29713.94140625,29727.9765625,29713.830078125,29727.33984375,1111733
2026-07-09T15:45:00-04:00,29726.822265625,29729.951171875,29718.837890625,29720.740234375,2894676
2026-07-09T15:46:00-04:00,29718.13671875,29726.251953125,29718.13671875,29726.251953125,3102371
2026-07-09T15:47:00-04:00,29725.310546875,29731.54296875,29724.865234375,29731.54296875,2656684
2026-07-09T15:48:00-04:00,29732.291015625,29732.291015625,29725.42578125,29727.826171875,2605451
2026-07-09T15:49:00-04:00,29726.173828125,29731.671875,29723.205078125,29723.205078125,2847356
2026-07-09T15:50:00-04:00,29700.599609375,29705.9453125,29694.76171875,29700.869140625,4817561
2026-07-09T15:51:00-04:00,29703.666015625,29712.689453125,29703.666015625,29707.732421875,5323470
2026-07-09T15:52:00-04:00,29706.3046875,29708.939453125,29698.765625,29706.78515625,4469813
2026-07-09T15:53:00-04:00,29704.23828125,29704.23828125,29692.91015625,29693.41796875,10565399
2026-07-09T15:54:00-04:00,29692.078125,29696.66796875,29676.22265625,29679.083984375,3104548
2026-07-09T15:55:00-04:00,29707.787109375,29718.59375,29707.607421875,29712.03515625,10479769
2026-07-09T15:56:00-04:00,29709.345703125,29715.05859375,29707.20703125,29711.88671875,3300706
2026-07-09T15:57:00-04:00,29713.998046875,29735.220703125,29713.998046875,29735.220703125,6426005
2026-07-09T15:58:00-04:00,29735.103515625,29736.89453125,29724.193359375,29724.193359375,6508000
2026-07-09T15:59:00-04:00,29722.92578125,29729.041015625,29712.990234375,29717.931640625,6760338
2026-07-10T09:30:00-04:00,29618.78515625,29662.021484375,29618.78515625,29662.021484375,0
2026-07-10T09:31:00-04:00,29672.40625,29691.92578125,29656.732421875,29682.58203125,10300466
2026-07-10T09:32:00-04:00,29693.046875,29709.15625,29681.2265625,29709.15625,5508623
2026-07-10T09:33:00-04:00,29715.107421875,29715.107421875,29700.57421875,29701.263671875,5327652
2026-07-10T09:34:00-04:00,29696.140625,29708.326171875,29695.380859375,29702.361328125,4527512
2026-07-10T09:35:00-04:00,29699.74609375,29715.8984375,29693.337890625,29693.337890625,4663673
2026-07-10T09:36:00-04:00,29682.59765625,29721.466796875,29675.291015625,29721.466796875,4622033
2026-07-10T09:37:00-04:00,29710.861328125,29729.900390625,29703.474609375,29703.65234375,4624547
2026-07-10T09:38:00-04:00,29689.119140625,29695.724609375,29686.0234375,29692.154296875,4296329
2026-07-10T09:39:00-04:00,29685.46875,29685.46875,29656.009765625,29661.369140625,3903063
2026-07-10T09:40:00-04:00,29656.78125,29656.78125,29591.07421875,29591.07421875,4687509
2026-07-10T09:41:00-04:00,29598.48046875,29632.642578125,29598.48046875,29619.3203125,5837250
2026-07-10T09:42:00-04:00,29621.3515625,29659.271484375,29621.3515625,29659.271484375,4093264
2026-07-10T09:43:00-04:00,29643.734375,29652.640625,29625.474609375,29652.640625,3860159
2026-07-10T09:44:00-04:00,29656.13671875,29659.00390625,29642.548828125,29643.916015625,3206122
2026-07-10T09:45:00-04:00,29661.896484375,29673.353515625,29655.6015625,29664.44140625,3371385
2026-07-10T09:46:00-04:00,29663.04296875,29710.181640625,29663.04296875,29710.181640625,3309706
2026-07-10T09:47:00-04:00,29697.40625,29703.419921875,29690.595703125,29697.130859375,4022498
2026-07-10T09:48:00-04:00,29705.76953125,29705.76953125,29693.345703125,29701.7109375,3267815
2026-07-10T09:49:00-04:00,29716.98828125,29741.015625,29715.466796875,29736.93359375,3593449
2026-07-10T09:50:00-04:00,29737.154296875,29737.154296875,29709.5,29711.1484375,4328733
2026-07-10T09:51:00-04:00,29720.81640625,29727.984375,29720.81640625,29722.552734375,2907571
2026-07-10T09:52:00-04:00,29723.353515625,29755.046875,29723.353515625,29754.681640625,3078742
2026-07-10T09:53:00-04:00,29753.896484375,29757.244140625,29738.3046875,29738.3046875,2966630
2026-07-10T09:54:00-04:00,29745.244140625,29745.244140625,29731.8203125,29732.4140625,3305369
2026-07-10T09:55:00-04:00,29725.5625,29725.5625,29701.69140625,29707.212890625,3496084
2026-07-10T09:56:00-04:00,29706.009765625,29719.677734375,29699.595703125,29713.22265625,2849640
2026-07-10T09:57:00-04:00,29712.052734375,29713.990234375,29697.654296875,29713.990234375,3093247
2026-07-10T09:58:00-04:00,29713.8203125,29742.578125,29713.8203125,29728.9453125,3693025
2026-07-10T09:59:00-04:00,29733.861328125,29733.861328125,29705.08984375,29707.79296875,3238920
2026-07-10T10:00:00-04:00,29710.619140625,29719.998046875,29707.2734375,29710.759765625,3603172
2026-07-10T10:01:00-04:00,29708.8203125,29735.732421875,29706.458984375,29726.875,6039242
2026-07-10T10:02:00-04:00,29732.021484375,29750.498046875,29730.220703125,29741.955078125,3363938
2026-07-10T10:03:00-04:00,29745.568359375,29745.568359375,29729.34375,29735.611328125,3512387
2026-07-10T10:04:00-04:00,29736.46484375,29736.994140625,29723.3984375,29730.65234375,3306698
2026-07-10T10:05:00-04:00,29732.11328125,29739.056640625,29731.88671875,29735.78515625,3474414
2026-07-10T10:06:00-04:00,29734.111328125,29745.310546875,29725.17578125,29725.17578125,2894505
2026-07-10T10:07:00-04:00,29723.380859375,29723.380859375,29712.150390625,29718.84375,2978394
2026-07-10T10:08:00-04:00,29716.505859375,29732.05859375,29701.34375,29732.05859375,2784343
2026-07-10T10:09:00-04:00,29734.8515625,29752.7734375,29734.02734375,29751.787109375,2741471
2026-07-10T10:10:00-04:00,29749.2421875,29749.70703125,29735.66015625,29743.09375,2585752
2026-07-10T10:11:00-04:00,29739.474609375,29743.296875,29724.904296875,29736.078125,2685955
2026-07-10T10:12:00-04:00,29738.31640625,29746.8671875,29733.6953125,29746.767578125,2551993
2026-07-10T10:13:00-04:00,29749.35546875,29753.41015625,29732.78125,29743.87109375,2747569
2026-07-10T10:14:00-04:00,29745.39453125,29745.39453125,29727.830078125,29727.830078125,2667471
2026-07-10T10:15:00-04:00,29730.125,29730.125,29705.720703125,29714.505859375,2989677
2026-07-10T10:16:00-04:00,29714.673828125,29718.181640625,29703.0390625,29718.181640625,2550603
2026-07-10T10:17:00-04:00,29715.013671875,29737.115234375,29709.3515625,29737.115234375,2324725
2026-07-10T10:18:00-04:00,29737.359375,29737.359375,29706.533203125,29706.533203125,2853501
2026-07-10T10:19:00-04:00,29702.31640625,29703.84375,29685.802734375,29701.4453125,2479161
2026-07-10T10:20:00-04:00,29694.810546875,29694.810546875,29683.90234375,29686.306640625,2187745
2026-07-10T10:21:00-04:00,29673.38671875,29673.38671875,29645.681640625,29645.681640625,2596002
2026-07-10T10:22:00-04:00,29649.279296875,29668.17578125,29649.279296875,29666.578125,2865294
2026-07-10T10:23:00-04:00,29668.208984375,29686.123046875,29658.994140625,29686.123046875,2496968
2026-07-10T10:24:00-04:00,29690.17578125,29696.7109375,29677.26171875,29683.748046875,2390769
2026-07-10T10:25:00-04:00,29682.1015625,29682.1015625,29657.333984375,29660.455078125,2465359
2026-07-10T10:26:00-04:00,29669.4765625,29684.791015625,29665.53515625,29676.5625,2285470
2026-07-10T10:27:00-04:00,29685.345703125,29708.447265625,29679.783203125,29708.447265625,1917126
2026-07-10T10:28:00-04:00,29708.21484375,29724.421875,29708.21484375,29724.421875,2480661
2026-07-10T10:29:00-04:00,29723.75390625,29723.75390625,29699.12109375,29699.12109375,2164640
2026-07-10T10:30:00-04:00,29699.89453125,29715.84375,29694.72265625,29715.84375,2119852
2026-07-10T10:31:00-04:00,29713.5703125,29719.181640625,29708.052734375,29719.181640625,2145279
2026-07-10T10:32:00-04:00,29717.46875,29740.2421875,29636.814453125,29636.814453125,2603719
2026-07-10T10:33:00-04:00,29532.037109375,29596.326171875,29484.490234375,29596.060546875,5030196
2026-07-10T10:34:00-04:00,29635.279296875,29652.501953125,29630.7109375,29639.021484375,6433042
2026-07-10T10:35:00-04:00,29636.060546875,29663.45703125,29636.060546875,29642.01953125,6571754
2026-07-10T10:36:00-04:00,29624.1328125,29655.669921875,29615.4765625,29637.35546875,3038683
2026-07-10T10:37:00-04:00,29651.517578125,29667.607421875,29648.16015625,29656.505859375,2262682
2026-07-10T10:38:00-04:00,29663.783203125,29674.32421875,29652.01171875,29674.32421875,1912805
2026-07-10T10:39:00-04:00,29678.1953125,29680.701171875,29663.73046875,29663.984375,1959385
2026-07-10T10:40:00-04:00,29670.15625,29670.15625,29661.078125,29667.10546875,1942226
2026-07-10T10:41:00-04:00,29656.302734375,29656.302734375,29635.583984375,29635.583984375,1892946
2026-07-10T10:42:00-04:00,29640.55078125,29664.0703125,29639.453125,29656.322265625,1833819
2026-07-10T10:43:00-04:00,29648.052734375,29652.392578125,29645.2734375,29645.2734375,1785588
2026-07-10T10:44:00-04:00,29646.654296875,29682.16796875,29637.232421875,29676.96484375,2361658
2026-07-10T10:45:00-04:00,29678.244140625,29687.298828125,29663.310546875,29672.490234375,2249058
2026-07-10T10:46:00-04:00,29678.01171875,29678.880859375,29658.55859375,29660.654296875,1783629
2026-07-10T10:47:00-04:00,29661.23046875,29674.751953125,29660.83984375,29666.658203125,1812351
2026-07-10T10:48:00-04:00,29663.056640625,29669.51171875,29656.599609375,29656.599609375,1699172
2026-07-10T10:49:00-04:00,29660.3671875,29694.072265625,29660.3671875,29693.162109375,1818193
2026-07-10T10:50:00-04:00,29696.23046875,29701.28515625,29673.240234375,29673.240234375,3156322
2026-07-10T10:51:00-04:00,29662.939453125,29683.26171875,29662.939453125,29677.482421875,2020227
2026-07-10T10:52:00-04:00,29679.29296875,29687.638671875,29670.658203125,29670.658203125,1643217
2026-07-10T10:53:00-04:00,29670.34375,29670.34375,29647.52734375,29654.064453125,2884946
2026-07-10T10:54:00-04:00,29657.376953125,29657.650390625,29647.853515625,29648.6640625,2044802
2026-07-10T10:55:00-04:00,29644.6484375,29650.126953125,29623.388671875,29623.388671875,2163619
2026-07-10T10:56:00-04:00,29614.36328125,29615.328125,29600.873046875,29601.30859375,2286786
2026-07-10T10:57:00-04:00,29609.5625,29635.658203125,29609.5625,29635.658203125,2026922
2026-07-10T10:58:00-04:00,29637.47265625,29642.4140625,29603.21875,29604.193359375,1846724
2026-07-10T10:59:00-04:00,29606.275390625,29616.03515625,29600.720703125,29608.75,1846948
2026-07-10T11:00:00-04:00,29612.974609375,29612.974609375,29589.78125,29602.1015625,2035605
2026-07-10T11:01:00-04:00,29609.849609375,29609.849609375,29592.654296875,29596.609375,1982561
2026-07-10T11:02:00-04:00,29595.328125,29611.39453125,29595.328125,29596.1640625,1824523
2026-07-10T11:03:00-04:00,29604.84375,29618.521484375,29599.103515625,29618.064453125,3552217
2026-07-10T11:04:00-04:00,29618.658203125,29620.431640625,29593.095703125,29595.255859375,1918751
2026-07-10T11:05:00-04:00,29595.115234375,29598.470703125,29578.806640625,29598.470703125,2274432
2026-07-10T11:06:00-04:00,29593.294921875,29596.33984375,29575.162109375,29596.33984375,1781703
2026-07-10T11:07:00-04:00,29596.091796875,29630.634765625,29596.091796875,29630.634765625,2080862
2026-07-10T11:08:00-04:00,29630.14453125,29645.60546875,29630.14453125,29640.232421875,2228575
2026-07-10T11:09:00-04:00,29643.173828125,29647.462890625,29641.48828125,29647.462890625,1884951
2026-07-10T11:10:00-04:00,29654.3828125,29672.33984375,29654.3828125,29667.04296875,1956333
2026-07-10T11:11:00-04:00,29669.27734375,29669.27734375,29654.591796875,29662.533203125,1841503
2026-07-10T11:12:00-04:00,29664.646484375,29664.935546875,29655.955078125,29656.810546875,2049871
2026-07-10T11:13:00-04:00,29658.755859375,29668.7421875,29657.59375,29660.267578125,1704891
2026-07-10T11:14:00-04:00,29661.54296875,29664.375,29655.4609375,29661.439453125,1399000
2026-07-10T11:15:00-04:00,29660.599609375,29695.03515625,29660.599609375,29695.03515625,2167220
2026-07-10T11:16:00-04:00,29704.716796875,29741.630859375,29704.716796875,29730.255859375,2212296
2026-07-10T11:17:00-04:00,29724.546875,29729.49609375,29723.703125,29725.060546875,2621206
2026-07-10T11:18:00-04:00,29722.8828125,29722.8828125,29708.75,29712.21484375,2083428
2026-07-10T11:19:00-04:00,29713.693359375,29713.693359375,29693.701171875,29712.171875,1674798
2026-07-10T11:20:00-04:00,29717.958984375,29730.431640625,29709.400390625,29730.431640625,1720151
2026-07-10T11:21:00-04:00,29728.37890625,29733.58203125,29724.876953125,29729.84765625,2291205
2026-07-10T11:22:00-04:00,29731.05859375,29732.6640625,29719.556640625,29719.556640625,1722528
2026-07-10T11:23:00-04:00,29721.46875,29733.359375,29715.064453125,29733.359375,1896433
2026-07-10T11:24:00-04:00,29730.7421875,29733.0703125,29728.015625,29733.0703125,1951596
2026-07-10T11:25:00-04:00,29741.2421875,29751.87109375,29738.80078125,29746.958984375,2127351
2026-07-10T11:26:00-04:00,29746.802734375,29758.078125,29746.802734375,29758.078125,2074780
2026-07-10T11:27:00-04:00,29753.537109375,29771.5859375,29753.537109375,29765.220703125,1999004
2026-07-10T11:28:00-04:00,29763.359375,29767.23828125,29761.333984375,29764.42578125,2299761
2026-07-10T11:29:00-04:00,29767.857421875,29767.857421875,29754.517578125,29762.150390625,1942993
2026-07-10T11:30:00-04:00,29768.640625,29770.033203125,29763.66015625,29766.453125,2166882
2026-07-10T11:31:00-04:00,29766.236328125,29766.236328125,29747.91796875,29749.046875,1870928
2026-07-10T11:32:00-04:00,29757.27734375,29771.095703125,29757.27734375,29768.14453125,1919867
2026-07-10T11:33:00-04:00,29767.626953125,29771.0390625,29764.953125,29766.359375,1685772
2026-07-10T11:34:00-04:00,29766.41015625,29766.41015625,29756.501953125,29762.384765625,1705682
2026-07-10T11:35:00-04:00,29764.033203125,29764.033203125,29738.89453125,29738.89453125,1667265
2026-07-10T11:36:00-04:00,29736.96484375,29741.826171875,29734.033203125,29735.7890625,2321513
2026-07-10T11:37:00-04:00,29735.720703125,29741.06640625,29734.66015625,29737.37890625,2192622
2026-07-10T11:38:00-04:00,29742.087890625,29748.501953125,29730.744140625,29731.447265625,1905532
2026-07-10T11:39:00-04:00,29728.27734375,29728.27734375,29699.279296875,29699.279296875,2255880
2026-07-10T11:40:00-04:00,29696.30859375,29702.619140625,29693.765625,29696.91015625,1934526
2026-07-10T11:41:00-04:00,29692.740234375,29692.740234375,29654.88671875,29667.638671875,2377200
2026-07-10T11:42:00-04:00,29665.294921875,29665.294921875,29623.052734375,29623.052734375,2541154
2026-07-10T11:43:00-04:00,29628.919921875,29645.033203125,29620.90234375,29645.033203125,2461606
2026-07-10T11:44:00-04:00,29639.248046875,29666.025390625,29639.248046875,29659.521484375,2080586
2026-07-10T11:45:00-04:00,29658.40234375,29658.40234375,29637.556640625,29643.546875,1975541
2026-07-10T11:46:00-04:00,29647.82421875,29668.232421875,29647.82421875,29665.033203125,2164477
2026-07-10T11:47:00-04:00,29666.798828125,29682.083984375,29665.177734375,29680.703125,1881708
2026-07-10T11:48:00-04:00,29681.31640625,29687.98828125,29675.396484375,29675.880859375,1762339
2026-07-10T11:49:00-04:00,29679.091796875,29700.474609375,29679.091796875,29698.962890625,2032425
2026-07-10T11:50:00-04:00,29698.267578125,29698.267578125,29691.248046875,29696.73046875,1493423
2026-07-10T11:51:00-04:00,29700.537109375,29704.466796875,29697.72265625,29697.72265625,1540511
2026-07-10T11:52:00-04:00,29690.41015625,29715.91015625,29690.41015625,29713.796875,1613991
2026-07-10T11:53:00-04:00,29710.791015625,29714.8359375,29710.140625,29711.80859375,1583463
2026-07-10T11:54:00-04:00,29711.482421875,29722.0234375,29711.482421875,29714.453125,1445418
2026-07-10T11:55:00-04:00,29715.59375,29715.84765625,29711.810546875,29714.01171875,1425071
2026-07-10T11:56:00-04:00,29714.39453125,29725.9609375,29713.603515625,29715.080078125,1299248
2026-07-10T11:57:00-04:00,29718.146484375,29720.18359375,29707.01953125,29720.18359375,1683589
2026-07-10T11:58:00-04:00,29720.470703125,29724.951171875,29714.794921875,29724.951171875,1212514
2026-07-10T11:59:00-04:00,29724.69140625,29730.521484375,29724.42578125,29729.39453125,1444436
2026-07-10T12:00:00-04:00,29730.611328125,29755.818359375,29730.611328125,29754.03515625,1811015
2026-07-10T12:01:00-04:00,29755.08203125,29762.880859375,29750.64453125,29750.970703125,3329311
2026-07-10T12:02:00-04:00,29753.947265625,29756.640625,29750.109375,29756.203125,754059
2026-07-10T12:03:00-04:00,29754.767578125,29758.7890625,29751.986328125,29753.51953125,1300391
2026-07-10T12:04:00-04:00,29752.09375,29767.310546875,29752.09375,29767.310546875,1554830
2026-07-10T12:05:00-04:00,29765.125,29770.6484375,29754.35546875,29754.35546875,2001166
2026-07-10T12:06:00-04:00,29753.92578125,29767.064453125,29753.92578125,29759.537109375,2504747
2026-07-10T12:07:00-04:00,29757.95703125,29766.419921875,29757.267578125,29764.71875,1515272
2026-07-10T12:08:00-04:00,29762.470703125,29762.8125,29755.119140625,29758.08984375,1580487
2026-07-10T12:09:00-04:00,29757.1640625,29757.53515625,29749.892578125,29751.978515625,1406309
2026-07-10T12:10:00-04:00,29757.408203125,29765.546875,29753.576171875,29764.4453125,1277114
2026-07-10T12:11:00-04:00,29765.310546875,29768.58984375,29753.830078125,29757.673828125,2456971
2026-07-10T12:12:00-04:00,29758.333984375,29760.349609375,29750.73828125,29759.626953125,741999
2026-07-10T12:13:00-04:00,29759.814453125,29767.392578125,29759.814453125,29766.0390625,2462505
2026-07-10T12:14:00-04:00,29767.4296875,29770.037109375,29763.142578125,29763.689453125,671800
2026-07-10T12:15:00-04:00,29765.634765625,29778.86328125,29765.634765625,29777.626953125,2442438
2026-07-10T12:16:00-04:00,29777.9921875,29799.943359375,29777.83984375,29799.943359375,864970
2026-07-10T12:17:00-04:00,29797.755859375,29798.138671875,29795.470703125,29797.8515625,1586386
2026-07-10T12:18:00-04:00,29797.9921875,29801.828125,29788.103515625,29788.103515625,1350581
2026-07-10T12:19:00-04:00,29788.541015625,29801.14453125,29787.681640625,29801.14453125,2355831
2026-07-10T12:20:00-04:00,29802.2109375,29807.7265625,29800.806640625,29806.09375,2022621
2026-07-10T12:21:00-04:00,29804.92578125,29804.92578125,29791.78515625,29791.78515625,1908828
2026-07-10T12:22:00-04:00,29793.640625,29799.990234375,29787.294921875,29799.990234375,1415407
2026-07-10T12:23:00-04:00,29799.427734375,29804.01953125,29795.19140625,29803.4453125,1381232
2026-07-10T12:24:00-04:00,29804.162109375,29806.76171875,29799.51171875,29799.51171875,2538592
2026-07-10T12:25:00-04:00,29798.287109375,29799.166015625,29786.8671875,29786.8671875,932786
2026-07-10T12:26:00-04:00,29787.458984375,29800.853515625,29787.458984375,29798.857421875,2546011
2026-07-10T12:27:00-04:00,29798.630859375,29811.087890625,29798.630859375,29809.61328125,769898
2026-07-10T12:28:00-04:00,29812.576171875,29814.193359375,29804.16015625,29804.16015625,1484164
2026-07-10T12:29:00-04:00,29803.732421875,29803.732421875,29798.4921875,29798.9765625,1448085
2026-07-10T12:30:00-04:00,29800.931640625,29804.078125,29797.7421875,29801.41015625,1341144
2026-07-10T12:31:00-04:00,29801.083984375,29805.271484375,29799.5703125,29801.11328125,2160799
2026-07-10T12:32:00-04:00,29802.5,29805.091796875,29801.44140625,29803.685546875,1128959
2026-07-10T12:33:00-04:00,29802.380859375,29809.716796875,29802.380859375,29808.677734375,2006816
2026-07-10T12:34:00-04:00,29810.490234375,29812.59765625,29808.5,29810.638671875,851381
2026-07-10T12:35:00-04:00,29812.5546875,29817.943359375,29811.134765625,29817.9140625,1674764
2026-07-10T12:36:00-04:00,29820.6796875,29820.998046875,29810.328125,29810.328125,1534911
2026-07-10T12:37:00-04:00,29808.486328125,29808.486328125,29794.09375,29796.251953125,2211652
2026-07-10T12:38:00-04:00,29794.498046875,29797.580078125,29794.017578125,29794.15625,653835
2026-07-10T12:39:00-04:00,29793.13671875,29797.654296875,29792.369140625,29796.5625,1093775
2026-07-10T12:40:00-04:00,29796.90625,29809.2578125,29796.90625,29808.560546875,1672955
2026-07-10T12:41:00-04:00,29807.49609375,29807.49609375,29802.35546875,29803.265625,1191202
2026-07-10T12:42:00-04:00,29803.99609375,29807.927734375,29802.517578125,29802.517578125,1181001
2026-07-10T12:43:00-04:00,29802.4375,29807.25390625,29802.4375,29805.58203125,1373550
2026-07-10T12:44:00-04:00,29805.15234375,29805.15234375,29799.34375,29801.68359375,2283832
2026-07-10T12:45:00-04:00,29802.583984375,29813.703125,29802.583984375,29808.791015625,725711
2026-07-10T12:46:00-04:00,29808.685546875,29817.978515625,29808.685546875,29815.34765625,1195596
2026-07-10T12:47:00-04:00,29815.63671875,29815.63671875,29811.6953125,29814.052734375,1659822
2026-07-10T12:48:00-04:00,29813.857421875,29815.064453125,29812.076171875,29812.7890625,590696
2026-07-10T12:49:00-04:00,29811.099609375,29811.572265625,29805.419921875,29811.572265625,1588841
2026-07-10T12:50:00-04:00,29814.927734375,29824.357421875,29814.927734375,29821.08203125,809824
2026-07-10T12:51:00-04:00,29822.55078125,29822.97265625,29816.8359375,29822.97265625,1160766
2026-07-10T12:52:00-04:00,29822.96484375,29826.9609375,29822.96484375,29826.453125,1606722
2026-07-10T12:53:00-04:00,29826.2890625,29826.2890625,29814.76171875,29814.76171875,1497327
2026-07-10T12:54:00-04:00,29815.33203125,29815.33203125,29802.8125,29812.755859375,1351681
2026-07-10T12:55:00-04:00,29811.322265625,29811.322265625,29797.75,29799.642578125,1790775
2026-07-10T12:56:00-04:00,29801.578125,29803.40625,29798.77734375,29801.361328125,2393290
2026-07-10T12:57:00-04:00,29801.208984375,29809.1015625,29799.607421875,29809.0859375,633134
2026-07-10T12:58:00-04:00,29808.935546875,29816.46484375,29808.0390625,29814.9296875,1894266
2026-07-10T12:59:00-04:00,29816.15625,29816.47265625,29809.89453125,29810.3671875,599810
2026-07-10T13:00:00-04:00,29809.15625,29815.80859375,29808.318359375,29810.771484375,1112173
2026-07-10T13:01:00-04:00,29808.943359375,29810.099609375,29800.6484375,29800.6484375,1289169
2026-07-10T13:02:00-04:00,29796.994140625,29799.287109375,29794.681640625,29798.5234375,1348746
2026-07-10T13:03:00-04:00,29798.025390625,29798.025390625,29790.802734375,29790.802734375,1578664
2026-07-10T13:04:00-04:00,29790.189453125,29794.015625,29786.30078125,29792.59375,602882
2026-07-10T13:05:00-04:00,29792.068359375,29793.572265625,29786.765625,29793.572265625,1813079
2026-07-10T13:06:00-04:00,29795.984375,29803.24609375,29795.984375,29801.6328125,779206
2026-07-10T13:07:00-04:00,29799.470703125,29799.91015625,29794.25390625,29795.55859375,1255198
2026-07-10T13:08:00-04:00,29795.931640625,29807.22265625,29795.931640625,29804.30859375,1804826
2026-07-10T13:09:00-04:00,29804.21484375,29804.21484375,29792.626953125,29792.626953125,567159
2026-07-10T13:10:00-04:00,29793.341796875,29801.21875,29793.052734375,29798.919921875,2250177
2026-07-10T13:11:00-04:00,29801.361328125,29801.361328125,29796.00390625,29797.205078125,1198324
2026-07-10T13:12:00-04:00,29796.51171875,29799.65234375,29793.8359375,29799.65234375,1223780
2026-07-10T13:13:00-04:00,29798.498046875,29798.498046875,29787.21875,29787.21875,1304492
2026-07-10T13:14:00-04:00,29786.1953125,29797.244140625,29782.06640625,29797.244140625,1329407
2026-07-10T13:15:00-04:00,29797.873046875,29813.462890625,29797.255859375,29811.3984375,1973420
2026-07-10T13:16:00-04:00,29809.794921875,29809.794921875,29801.36328125,29801.36328125,705239
2026-07-10T13:17:00-04:00,29801.5390625,29804.646484375,29800.630859375,29804.158203125,1563717
2026-07-10T13:18:00-04:00,29803.8046875,29805.2734375,29799.974609375,29800.4453125,456855
2026-07-10T13:19:00-04:00,29801.70703125,29802.84375,29797.830078125,29799.85546875,1102960
2026-07-10T13:20:00-04:00,29799.498046875,29807.203125,29798.4140625,29806.900390625,1710354
2026-07-10T13:21:00-04:00,29806.916015625,29812.943359375,29805.78515625,29812.943359375,630981
2026-07-10T13:22:00-04:00,29813.078125,29815.419921875,29812.103515625,29813.5234375,1513875
2026-07-10T13:23:00-04:00,29813.056640625,29814.193359375,29808.91015625,29809.947265625,1921888
2026-07-10T13:24:00-04:00,29810.900390625,29822.060546875,29810.900390625,29822.060546875,579527
2026-07-10T13:25:00-04:00,29823.267578125,29827.271484375,29823.267578125,29825.40234375,2361438
2026-07-10T13:26:00-04:00,29826.197265625,29832.94921875,29826.197265625,29832.28515625,766434
2026-07-10T13:27:00-04:00,29831.421875,29832.666015625,29827.5546875,29827.5546875,1541704
2026-07-10T13:28:00-04:00,29828.703125,29835.232421875,29827.0390625,29834.794921875,1214467
2026-07-10T13:29:00-04:00,29831.970703125,29835.787109375,29831.970703125,29835.6015625,1365681
2026-07-10T13:30:00-04:00,29836.16015625,29842.275390625,29836.16015625,29837.501953125,2791900
2026-07-10T13:31:00-04:00,29837.28515625,29841.705078125,29834.361328125,29834.361328125,732694
2026-07-10T13:32:00-04:00,29833.2109375,29833.984375,29827.669921875,29832.92578125,1595399
2026-07-10T13:33:00-04:00,29832.806640625,29833.083984375,29828.2265625,29828.673828125,1385599
2026-07-10T13:34:00-04:00,29828.673828125,29830.826171875,29823.541015625,29830.65625,1366608
2026-07-10T13:35:00-04:00,29830.47265625,29833.205078125,29827.19921875,29833.205078125,2018620
2026-07-10T13:36:00-04:00,29836.09375,29842.759765625,29836.09375,29842.5390625,880089
2026-07-10T13:37:00-04:00,29842.390625,29849.865234375,29840.703125,29847.693359375,1142363
2026-07-10T13:38:00-04:00,29849.416015625,29852.447265625,29848.404296875,29848.69921875,1571531
2026-07-10T13:39:00-04:00,29847.763671875,29853.86328125,29846.279296875,29847.77734375,1550418
2026-07-10T13:40:00-04:00,29849.1640625,29852.974609375,29846.9140625,29852.974609375,1810060
2026-07-10T13:41:00-04:00,29852.591796875,29853.248046875,29847.515625,29849.169921875,828549
2026-07-10T13:42:00-04:00,29846.978515625,29848.0,29842.8984375,29844.123046875,1775472
2026-07-10T13:43:00-04:00,29844.392578125,29849.642578125,29844.19140625,29847.75390625,670010
2026-07-10T13:44:00-04:00,29847.287109375,29848.779296875,29845.138671875,29848.36328125,1209127
2026-07-10T13:45:00-04:00,29850.248046875,29854.1015625,29847.685546875,29854.1015625,1434529
2026-07-10T13:46:00-04:00,29855.505859375,29855.505859375,29847.966796875,29847.966796875,1957109
2026-07-10T13:47:00-04:00,29849.228515625,29851.0078125,29847.5703125,29847.71875,1978244
2026-07-10T13:48:00-04:00,29846.912109375,29848.498046875,29845.8984375,29845.8984375,794229
2026-07-10T13:49:00-04:00,29845.611328125,29849.1171875,29844.107421875,29848.4765625,1830274
2026-07-10T13:50:00-04:00,29849.29296875,29853.609375,29849.29296875,29851.625,597667
2026-07-10T13:51:00-04:00,29851.259765625,29851.259765625,29841.87109375,29846.2890625,1242574
2026-07-10T13:52:00-04:00,29846.513671875,29850.41015625,29846.513671875,29847.728515625,1131179
2026-07-10T13:53:00-04:00,29847.115234375,29848.544921875,29841.109375,29842.28125,930165
2026-07-10T13:54:00-04:00,29841.390625,29844.1640625,29834.876953125,29836.0390625,1466771
2026-07-10T13:55:00-04:00,29835.255859375,29836.396484375,29833.404296875,29835.564453125,1419925
2026-07-10T13:56:00-04:00,29836.0390625,29837.69140625,29832.572265625,29835.5703125,1631879
2026-07-10T13:57:00-04:00,29834.994140625,29835.005859375,29822.294921875,29822.294921875,589533
2026-07-10T13:58:00-04:00,29822.814453125,29825.8203125,29817.86328125,29817.86328125,1179765
2026-07-10T13:59:00-04:00,29816.578125,29821.5703125,29816.443359375,29821.5703125,2113260
2026-07-10T14:00:00-04:00,29822.734375,29832.88671875,29820.23046875,29831.880859375,857430
2026-07-10T14:01:00-04:00,29832.20703125,29835.900390625,29830.19921875,29833.916015625,2217992
2026-07-10T14:02:00-04:00,29834.859375,29836.83203125,29832.279296875,29836.123046875,766994
2026-07-10T14:03:00-04:00,29835.60546875,29843.154296875,29835.60546875,29837.779296875,1346337
2026-07-10T14:04:00-04:00,29837.525390625,29837.525390625,29831.212890625,29832.478515625,2073518
2026-07-10T14:05:00-04:00,29833.662109375,29845.982421875,29833.662109375,29844.1640625,1682746
2026-07-10T14:06:00-04:00,29843.556640625,29844.373046875,29841.5078125,29844.373046875,1438584
2026-07-10T14:07:00-04:00,29845.25390625,29848.8046875,29835.412109375,29836.30859375,1170233
2026-07-10T14:08:00-04:00,29836.8984375,29838.9375,29836.46875,29836.46875,1916559
2026-07-10T14:09:00-04:00,29836.72265625,29840.451171875,29835.931640625,29839.5703125,717951
2026-07-10T14:10:00-04:00,29839.994140625,29850.619140625,29836.578125,29842.2265625,2107691
2026-07-10T14:11:00-04:00,29842.541015625,29843.068359375,29838.33984375,29843.068359375,514360
2026-07-10T14:12:00-04:00,29842.939453125,29849.015625,29841.642578125,29842.87890625,1249723
2026-07-10T14:13:00-04:00,29841.771484375,29841.771484375,29835.763671875,29838.97265625,1410911
2026-07-10T14:14:00-04:00,29839.25,29839.9765625,29835.947265625,29836.927734375,1245631
2026-07-10T14:15:00-04:00,29835.755859375,29837.974609375,29827.7578125,29827.7578125,2335783
2026-07-10T14:16:00-04:00,29827.396484375,29827.396484375,29820.705078125,29824.064453125,750852
2026-07-10T14:17:00-04:00,29825.0625,29827.029296875,29822.544921875,29822.755859375,1702116
2026-07-10T14:18:00-04:00,29824.048828125,29826.94140625,29814.96875,29815.779296875,1775707
2026-07-10T14:19:00-04:00,29815.77734375,29820.916015625,29813.349609375,29820.916015625,1473173
2026-07-10T14:20:00-04:00,29821.0546875,29823.533203125,29812.486328125,29815.732421875,1232286
2026-07-10T14:21:00-04:00,29815.564453125,29818.54296875,29813.62109375,29813.89453125,1068133
2026-07-10T14:22:00-04:00,29814.30078125,29820.515625,29811.072265625,29820.515625,963734
2026-07-10T14:23:00-04:00,29820.439453125,29823.294921875,29818.353515625,29822.357421875,1072091
2026-07-10T14:24:00-04:00,29822.708984375,29835.013671875,29822.708984375,29832.818359375,1687730
2026-07-10T14:25:00-04:00,29832.919921875,29841.623046875,29830.5859375,29841.359375,1215127
2026-07-10T14:26:00-04:00,29841.38671875,29844.02734375,29840.01171875,29840.205078125,1697757
2026-07-10T14:27:00-04:00,29839.982421875,29839.982421875,29835.068359375,29836.765625,482531
2026-07-10T14:28:00-04:00,29833.390625,29833.390625,29830.048828125,29830.0859375,973406
2026-07-10T14:29:00-04:00,29830.728515625,29833.833984375,29826.427734375,29831.638671875,1055319
2026-07-10T14:30:00-04:00,29832.072265625,29832.23046875,29826.916015625,29832.03515625,1137617
2026-07-10T14:31:00-04:00,29832.271484375,29834.115234375,29829.626953125,29833.443359375,1594284
2026-07-10T14:32:00-04:00,29833.130859375,29834.189453125,29824.18359375,29825.822265625,501928
2026-07-10T14:33:00-04:00,29826.79296875,29836.751953125,29826.79296875,29836.751953125,1715958
2026-07-10T14:34:00-04:00,29838.244140625,29842.5625,29836.861328125,29839.927734375,586610
2026-07-10T14:35:00-04:00,29840.056640625,29840.056640625,29833.322265625,29833.857421875,1017186
2026-07-10T14:36:00-04:00,29834.43359375,29835.009765625,29831.802734375,29832.482421875,1629976
2026-07-10T14:37:00-04:00,29831.068359375,29832.703125,29822.015625,29822.046875,519279
2026-07-10T14:38:00-04:00,29822.279296875,29823.83984375,29817.849609375,29819.783203125,1764140
2026-07-10T14:39:00-04:00,29823.76171875,29826.845703125,29823.44921875,29824.353515625,692453
2026-07-10T14:40:00-04:00,29824.962890625,29832.783203125,29823.6796875,29831.6640625,1200678
2026-07-10T14:41:00-04:00,29832.197265625,29834.755859375,29827.267578125,29831.63671875,1206050
2026-07-10T14:42:00-04:00,29831.28515625,29831.673828125,29823.546875,29829.66015625,1023149
2026-07-10T14:43:00-04:00,29830.2578125,29832.8125,29824.62109375,29824.62109375,1636004
2026-07-10T14:44:00-04:00,29825.658203125,29825.916015625,29820.8515625,29823.03125,958628
2026-07-10T14:45:00-04:00,29823.041015625,29823.689453125,29820.720703125,29820.85546875,1804322
2026-07-10T14:46:00-04:00,29824.1328125,29827.98046875,29824.1328125,29827.248046875,928396
2026-07-10T14:47:00-04:00,29826.755859375,29826.755859375,29818.41796875,29818.41796875,1748178
2026-07-10T14:48:00-04:00,29818.498046875,29821.517578125,29817.853515625,29817.853515625,1110643
2026-07-10T14:49:00-04:00,29816.439453125,29818.0703125,29815.251953125,29816.921875,1293932
2026-07-10T14:50:00-04:00,29816.458984375,29819.1484375,29814.912109375,29817.02734375,1152079
2026-07-10T14:51:00-04:00,29818.005859375,29823.705078125,29817.869140625,29823.705078125,2292943
2026-07-10T14:52:00-04:00,29823.451171875,29828.328125,29823.451171875,29828.328125,1711063
2026-07-10T14:53:00-04:00,29828.052734375,29829.109375,29825.369140625,29825.900390625,554568
2026-07-10T14:54:00-04:00,29825.197265625,29825.197265625,29820.552734375,29820.56640625,1733664
2026-07-10T14:55:00-04:00,29821.736328125,29826.7890625,29819.91015625,29826.7890625,610539
2026-07-10T14:56:00-04:00,29825.578125,29829.10546875,29820.927734375,29820.927734375,1390301
2026-07-10T14:57:00-04:00,29821.130859375,29822.87109375,29819.498046875,29822.189453125,1167973
2026-07-10T14:58:00-04:00,29821.95703125,29825.267578125,29821.11328125,29825.267578125,1020338
2026-07-10T14:59:00-04:00,29822.85546875,29822.85546875,29818.6875,29819.341796875,1755316
2026-07-10T15:00:00-04:00,29819.609375,29822.345703125,29817.7109375,29819.8359375,676173
2026-07-10T15:01:00-04:00,29820.60546875,29833.31640625,29820.60546875,29832.46484375,3313709
2026-07-10T15:02:00-04:00,29833.7734375,29833.7734375,29831.4375,29833.517578125,570701
2026-07-10T15:03:00-04:00,29833.083984375,29854.951171875,29833.083984375,29854.951171875,1185790
2026-07-10T15:04:00-04:00,29856.078125,29856.359375,29853.5078125,29854.44140625,3858333
2026-07-10T15:05:00-04:00,29854.322265625,29854.322265625,29849.318359375,29849.4765625,1217476
2026-07-10T15:06:00-04:00,29850.08984375,29851.259765625,29843.0625,29846.884765625,2689378
2026-07-10T15:07:00-04:00,29848.484375,29848.736328125,29843.724609375,29843.724609375,1227353
2026-07-10T15:08:00-04:00,29843.033203125,29843.033203125,29836.1953125,29836.494140625,2317800
2026-07-10T15:09:00-04:00,29837.98046875,29838.31640625,29829.421875,29830.251953125,749864
2026-07-10T15:10:00-04:00,29832.169921875,29835.033203125,29829.23046875,29829.23046875,2418703
2026-07-10T15:11:00-04:00,29830.134765625,29835.3828125,29828.5546875,29828.90625,1262964
2026-07-10T15:12:00-04:00,29829.39453125,29835.3515625,29826.740234375,29834.060546875,850069
2026-07-10T15:13:00-04:00,29832.841796875,29835.287109375,29831.779296875,29834.6640625,2150661
2026-07-10T15:14:00-04:00,29837.974609375,29841.2734375,29837.974609375,29840.666015625,736353
2026-07-10T15:15:00-04:00,29840.4609375,29840.671875,29832.333984375,29834.17578125,1369089
2026-07-10T15:16:00-04:00,29833.9453125,29836.9765625,29831.037109375,29831.037109375,1728697
2026-07-10T15:17:00-04:00,29831.384765625,29834.291015625,29822.5625,29830.8359375,1720265
2026-07-10T15:18:00-04:00,29830.9375,29834.109375,29826.97265625,29834.103515625,1644662
2026-07-10T15:19:00-04:00,29834.33984375,29835.23046875,29830.50390625,29832.9375,1812030
2026-07-10T15:20:00-04:00,29832.775390625,29833.091796875,29823.646484375,29826.240234375,2404317
2026-07-10T15:21:00-04:00,29826.91796875,29833.916015625,29823.28125,29833.916015625,792546
2026-07-10T15:22:00-04:00,29832.38671875,29834.388671875,29827.34765625,29828.01171875,2404157
2026-07-10T15:23:00-04:00,29829.8828125,29831.16796875,29824.16015625,29826.0703125,750462
2026-07-10T15:24:00-04:00,29825.74609375,29828.3125,29823.875,29823.875,2786895
2026-07-10T15:25:00-04:00,29823.6875,29825.0859375,29822.48046875,29823.69140625,1544463
2026-07-10T15:26:00-04:00,29824.255859375,29830.42578125,29824.12109375,29830.42578125,1507942
2026-07-10T15:27:00-04:00,29831.19921875,29835.5859375,29831.19921875,29832.01953125,2192968
2026-07-10T15:28:00-04:00,29832.658203125,29833.44140625,29828.646484375,29830.3515625,767888
2026-07-10T15:29:00-04:00,29831.0234375,29836.86328125,29830.453125,29832.408203125,2720028
2026-07-10T15:30:00-04:00,29835.162109375,29848.8359375,29835.162109375,29841.587890625,1778777
2026-07-10T15:31:00-04:00,29840.484375,29844.486328125,29839.8671875,29839.8671875,1908784
2026-07-10T15:32:00-04:00,29839.1640625,29843.439453125,29835.47265625,29839.681640625,2561720
2026-07-10T15:33:00-04:00,29838.646484375,29839.240234375,29836.38671875,29836.646484375,1773110
2026-07-10T15:34:00-04:00,29836.5703125,29836.875,29833.12890625,29836.048828125,1715888
2026-07-10T15:35:00-04:00,29836.080078125,29836.86328125,29831.5625,29836.404296875,2281163
2026-07-10T15:36:00-04:00,29836.345703125,29839.345703125,29833.890625,29836.712890625,2854690
2026-07-10T15:37:00-04:00,29837.0859375,29843.099609375,29837.0859375,29843.099609375,931256
2026-07-10T15:38:00-04:00,29844.173828125,29851.025390625,29843.806640625,29845.43359375,2910637
2026-07-10T15:39:00-04:00,29846.263671875,29847.04296875,29841.125,29842.69921875,991176
2026-07-10T15:40:00-04:00,29843.53125,29847.91015625,29843.53125,29847.26953125,2102757
2026-07-10T15:41:00-04:00,29845.6875,29846.791015625,29840.517578125,29841.990234375,1916618
2026-07-10T15:42:00-04:00,29841.6171875,29851.642578125,29840.271484375,29851.642578125,2079543
2026-07-10T15:43:00-04:00,29851.9453125,29851.9453125,29842.5859375,29843.228515625,3323669
2026-07-10T15:44:00-04:00,29843.76171875,29844.486328125,29837.123046875,29837.123046875,1199059
2026-07-10T15:45:00-04:00,29833.6953125,29836.46484375,29830.830078125,29830.830078125,3740833
2026-07-10T15:46:00-04:00,29831.5703125,29838.4375,29831.5703125,29836.228515625,1154721
2026-07-10T15:47:00-04:00,29834.61328125,29834.61328125,29830.15625,29830.740234375,2778583
2026-07-10T15:48:00-04:00,29833.48046875,29833.849609375,29829.408203125,29830.8125,3833876
2026-07-10T15:49:00-04:00,29831.31640625,29834.2890625,29830.548828125,29831.11328125,1427254
2026-07-10T15:50:00-04:00,29840.701171875,29846.8828125,29835.76171875,29837.390625,5708267
2026-07-10T15:51:00-04:00,29839.376953125,29845.423828125,29838.41796875,29839.466796875,1891061
2026-07-10T15:52:00-04:00,29838.462890625,29842.8828125,29836.486328125,29836.486328125,3742375
2026-07-10T15:53:00-04:00,29834.265625,29838.55859375,29823.19140625,29823.509765625,4067352
2026-07-10T15:54:00-04:00,29822.087890625,29831.38671875,29822.087890625,29828.41796875,4869435
2026-07-10T15:55:00-04:00,29827.5,29835.580078125,29827.154296875,29832.63671875,9928478
2026-07-10T15:56:00-04:00,29832.578125,29832.578125,29827.8359375,29830.671875,3203543
2026-07-10T15:57:00-04:00,29831.798828125,29831.798828125,29826.330078125,29830.12890625,9485465
2026-07-10T15:58:00-04:00,29828.830078125,29828.830078125,29824.740234375,29825.07421875,3294122
2026-07-10T15:59:00-04:00,29822.5,29824.455078125,29814.638671875,29819.984375,6037468
2026-07-13T09:30:00-04:00,29478.529296875,29492.1640625,29452.06640625,29492.1640625,0
2026-07-13T09:31:00-04:00,29508.287109375,29516.494140625,29477.349609375,29516.494140625,6769704
2026-07-13T09:32:00-04:00,29504.21484375,29536.29296875,29504.21484375,29513.517578125,10386478
2026-07-13T09:33:00-04:00,29503.7890625,29503.7890625,29471.884765625,29471.884765625,5876200
2026-07-13T09:34:00-04:00,29465.46875,29465.46875,29439.06640625,29439.06640625,5193943
2026-07-13T09:35:00-04:00,29450.09765625,29468.669921875,29445.53125,29462.6484375,5128739
2026-07-13T09:36:00-04:00,29456.46875,29456.46875,29436.037109375,29436.037109375,5593657
2026-07-13T09:37:00-04:00,29415.6640625,29420.83203125,29415.6640625,29417.90234375,0
2026-07-13T09:38:00-04:00,29415.80078125,29457.001953125,29412.0859375,29457.001953125,88490829
2026-07-13T09:39:00-04:00,29452.59375,29452.59375,29429.650390625,29429.650390625,4731876
2026-07-13T09:40:00-04:00,29405.27734375,29405.27734375,29366.541015625,29370.79296875,5444189
2026-07-13T09:41:00-04:00,29382.119140625,29387.177734375,29370.091796875,29370.091796875,5717527
2026-07-13T09:42:00-04:00,29354.498046875,29369.220703125,29349.869140625,29369.220703125,4829068
2026-07-13T09:43:00-04:00,29375.837890625,29375.837890625,29351.974609375,29358.76953125,4331615
2026-07-13T09:44:00-04:00,29363.203125,29393.732421875,29363.203125,29393.732421875,4760199
2026-07-13T09:45:00-04:00,29381.857421875,29381.857421875,29343.1796875,29351.375,5367877
2026-07-13T09:46:00-04:00,29348.71484375,29388.513671875,29348.71484375,29379.03515625,4107111
2026-07-13T09:47:00-04:00,29371.474609375,29396.755859375,29371.474609375,29383.001953125,4207570
2026-07-13T09:48:00-04:00,29375.091796875,29384.83203125,29370.056640625,29375.375,3559411
2026-07-13T09:49:00-04:00,29362.2734375,29387.333984375,29362.2734375,29382.966796875,3876865
2026-07-13T09:50:00-04:00,29377.583984375,29387.771484375,29372.580078125,29372.580078125,3969028
2026-07-13T09:51:00-04:00,29368.0859375,29368.0859375,29316.89453125,29316.89453125,4319952
2026-07-13T09:52:00-04:00,29322.6953125,29334.306640625,29322.6953125,29334.306640625,3731805
2026-07-13T09:53:00-04:00,29339.9609375,29342.38671875,29322.740234375,29338.25,3481607
2026-07-13T09:54:00-04:00,29334.140625,29352.962890625,29334.140625,29344.681640625,3242960
2026-07-13T09:55:00-04:00,29336.134765625,29356.013671875,29324.220703125,29356.013671875,3241861
2026-07-13T09:56:00-04:00,29353.56640625,29361.546875,29341.201171875,29341.201171875,3352606
2026-07-13T09:57:00-04:00,29347.16015625,29381.404296875,29347.16015625,29374.30859375,2832030
2026-07-13T09:58:00-04:00,29387.302734375,29399.453125,29387.302734375,29396.4609375,3109953
2026-07-13T09:59:00-04:00,29401.048828125,29428.244140625,29401.048828125,29419.3515625,3114245
2026-07-13T10:00:00-04:00,29422.09765625,29455.228515625,29422.09765625,29453.333984375,4408112
2026-07-13T10:01:00-04:00,29450.8515625,29450.8515625,29423.857421875,29423.857421875,3740454
2026-07-13T10:02:00-04:00,29425.63671875,29428.193359375,29397.537109375,29402.171875,3181349
2026-07-13T10:03:00-04:00,29392.625,29412.56640625,29392.625,29405.19921875,3815133
2026-07-13T10:04:00-04:00,29413.419921875,29413.419921875,29380.76953125,29380.76953125,3827162
2026-07-13T10:05:00-04:00,29379.80078125,29389.208984375,29365.57421875,29367.5078125,5233115
2026-07-13T10:06:00-04:00,29368.546875,29381.40234375,29360.759765625,29375.029296875,3061530
2026-07-13T10:07:00-04:00,29372.77734375,29385.873046875,29369.474609375,29376.392578125,3047100
2026-07-13T10:08:00-04:00,29375.455078125,29403.044921875,29375.455078125,29403.044921875,3400876
2026-07-13T10:09:00-04:00,29397.58203125,29411.77734375,29394.02734375,29411.30078125,2880196
2026-07-13T10:10:00-04:00,29407.0625,29435.494140625,29404.107421875,29435.494140625,2950306
2026-07-13T10:11:00-04:00,29433.369140625,29444.431640625,29429.068359375,29434.08984375,3155204
2026-07-13T10:12:00-04:00,29430.578125,29430.578125,29413.525390625,29419.0859375,3353566
2026-07-13T10:13:00-04:00,29426.353515625,29435.57421875,29426.353515625,29427.19140625,2490117
2026-07-13T10:14:00-04:00,29429.37109375,29444.029296875,29429.37109375,29444.029296875,2156348
2026-07-13T10:15:00-04:00,29445.880859375,29450.53515625,29435.7734375,29435.7734375,2673165
2026-07-13T10:16:00-04:00,29438.630859375,29445.615234375,29309.205078125,29309.205078125,2508423
2026-07-13T10:17:00-04:00,29346.01171875,29367.076171875,29305.23046875,29354.654296875,5347603
2026-07-13T10:18:00-04:00,29351.80859375,29370.71875,29339.82421875,29358.802734375,5790961
2026-07-13T10:19:00-04:00,29357.369140625,29388.677734375,29357.369140625,29375.314453125,3209072
2026-07-13T10:20:00-04:00,29380.421875,29394.16015625,29371.830078125,29376.720703125,2107918
2026-07-13T10:21:00-04:00,29385.359375,29398.2421875,29374.400390625,29385.6875,2173884
2026-07-13T10:22:00-04:00,29377.880859375,29394.23828125,29377.880859375,29389.87109375,1985687
2026-07-13T10:23:00-04:00,29371.291015625,29415.6640625,29371.291015625,29410.755859375,2253401
2026-07-13T10:24:00-04:00,29413.333984375,29461.1171875,29413.333984375,29461.1171875,2439706
2026-07-13T10:25:00-04:00,29453.322265625,29462.83203125,29451.263671875,29452.39453125,2349187
2026-07-13T10:26:00-04:00,29451.841796875,29470.990234375,29451.841796875,29463.04296875,2280806
2026-07-13T10:27:00-04:00,29471.294921875,29471.791015625,29462.3828125,29464.2265625,2263114
2026-07-13T10:28:00-04:00,29458.068359375,29474.09765625,29452.79296875,29470.529296875,2350740
2026-07-13T10:29:00-04:00,29470.35546875,29499.46484375,29470.35546875,29498.052734375,2710380
2026-07-13T10:30:00-04:00,29500.263671875,29518.939453125,29500.263671875,29509.24609375,3008244
2026-07-13T10:31:00-04:00,29504.10546875,29508.83203125,29496.59375,29499.056640625,2929308
2026-07-13T10:32:00-04:00,29496.705078125,29499.203125,29485.865234375,29495.548828125,2529484
2026-07-13T10:33:00-04:00,29487.328125,29493.1484375,29478.75390625,29492.48046875,2340167
2026-07-13T10:34:00-04:00,29497.29296875,29505.869140625,29490.466796875,29490.466796875,2247330
2026-07-13T10:35:00-04:00,29491.4921875,29497.02734375,29484.28125,29484.28125,1919034
2026-07-13T10:36:00-04:00,29484.669921875,29484.669921875,29469.13671875,29475.90625,1977486
2026-07-13T10:37:00-04:00,29470.3828125,29470.3828125,29453.376953125,29461.357421875,1914749
2026-07-13T10:38:00-04:00,29461.400390625,29474.462890625,29461.400390625,29471.3125,2150576
2026-07-13T10:39:00-04:00,29474.451171875,29482.728515625,29470.947265625,29482.728515625,1761112
2026-07-13T10:40:00-04:00,29482.9609375,29482.9609375,29447.189453125,29447.244140625,1794467
2026-07-13T10:41:00-04:00,29454.751953125,29468.2421875,29441.25390625,29442.033203125,2234807
2026-07-13T10:42:00-04:00,29443.958984375,29445.876953125,29432.822265625,29435.802734375,2112284
2026-07-13T10:43:00-04:00,29437.3203125,29437.3203125,29423.732421875,29423.986328125,2092207
2026-07-13T10:44:00-04:00,29423.248046875,29431.646484375,29421.900390625,29429.126953125,1822852
2026-07-13T10:45:00-04:00,29430.689453125,29430.689453125,29407.43359375,29408.61328125,1632956
2026-07-13T10:46:00-04:00,29400.10546875,29434.560546875,29400.10546875,29434.560546875,2166640
2026-07-13T10:47:00-04:00,29435.787109375,29445.8515625,29431.8359375,29440.626953125,1879068
2026-07-13T10:48:00-04:00,29445.67578125,29465.701171875,29445.67578125,29465.701171875,1723498
2026-07-13T10:49:00-04:00,29461.822265625,29484.388671875,29461.771484375,29484.388671875,1998052
2026-07-13T10:50:00-04:00,29481.306640625,29492.212890625,29477.806640625,29486.54296875,1971927
2026-07-13T10:51:00-04:00,29483.9921875,29486.69140625,29474.287109375,29474.421875,2717146
2026-07-13T10:52:00-04:00,29473.193359375,29474.3125,29440.611328125,29445.94921875,2301392
2026-07-13T10:53:00-04:00,29448.59765625,29448.59765625,29438.603515625,29441.5390625,1997911
2026-07-13T10:54:00-04:00,29441.61328125,29441.61328125,29427.888671875,29429.60546875,2153794
2026-07-13T10:55:00-04:00,29429.87890625,29445.513671875,29423.326171875,29445.513671875,2479414
2026-07-13T10:56:00-04:00,29453.23046875,29468.57421875,29448.427734375,29468.57421875,1962932
2026-07-13T10:57:00-04:00,29475.82421875,29476.908203125,29466.31640625,29476.908203125,2177706
2026-07-13T10:58:00-04:00,29479.671875,29489.52734375,29478.388671875,29487.595703125,2403078
2026-07-13T10:59:00-04:00,29486.06640625,29511.78125,29486.06640625,29511.78125,1780932
2026-07-13T11:00:00-04:00,29523.0234375,29533.677734375,29522.37890625,29533.677734375,2614231
2026-07-13T11:01:00-04:00,29535.34765625,29540.84765625,29529.39453125,29529.39453125,2165814
2026-07-13T11:02:00-04:00,29531.701171875,29533.845703125,29522.9296875,29523.216796875,1979643
2026-07-13T11:03:00-04:00,29524.97265625,29526.044921875,29514.03125,29522.0859375,1672360
2026-07-13T11:04:00-04:00,29524.494140625,29525.953125,29502.271484375,29502.271484375,1624591
2026-07-13T11:05:00-04:00,29503.521484375,29509.08984375,29500.21484375,29509.08984375,1633237
2026-07-13T11:06:00-04:00,29514.41796875,29518.0625,29510.044921875,29510.044921875,1764865
2026-07-13T11:07:00-04:00,29504.830078125,29505.783203125,29496.21875,29499.341796875,1771683
2026-07-13T11:08:00-04:00,29494.16796875,29495.76953125,29487.841796875,29487.841796875,1521111
2026-07-13T11:09:00-04:00,29488.52734375,29490.857421875,29476.890625,29478.970703125,1693658
2026-07-13T11:10:00-04:00,29482.31640625,29502.015625,29480.279296875,29502.015625,1916398
2026-07-13T11:11:00-04:00,29499.974609375,29506.98046875,29497.20703125,29500.421875,1780908
2026-07-13T11:12:00-04:00,29498.21484375,29498.21484375,29483.357421875,29484.76953125,1601362
2026-07-13T11:13:00-04:00,29483.5546875,29487.11328125,29475.890625,29477.16796875,1564003
2026-07-13T11:14:00-04:00,29478.373046875,29478.373046875,29467.572265625,29476.89453125,1525569
2026-07-13T11:15:00-04:00,29474.431640625,29474.431640625,29459.109375,29464.072265625,1629108
2026-07-13T11:16:00-04:00,29460.845703125,29473.783203125,29460.845703125,29473.783203125,1667447
2026-07-13T11:17:00-04:00,29476.998046875,29484.333984375,29476.869140625,29484.333984375,1671104
2026-07-13T11:18:00-04:00,29490.48828125,29491.94140625,29478.638671875,29478.638671875,1658818
2026-07-13T11:19:00-04:00,29477.875,29491.2109375,29470.4296875,29491.2109375,1543154
2026-07-13T11:20:00-04:00,29490.78125,29490.78125,29486.205078125,29490.15234375,1505102
2026-07-13T11:21:00-04:00,29492.8515625,29497.146484375,29491.111328125,29497.146484375,1369853
2026-07-13T11:22:00-04:00,29495.064453125,29499.55859375,29495.064453125,29499.103515625,1503637
2026-07-13T11:23:00-04:00,29499.826171875,29517.74609375,29499.826171875,29515.654296875,1731672
2026-07-13T11:24:00-04:00,29517.115234375,29518.716796875,29511.3046875,29514.83984375,2021157
2026-07-13T11:25:00-04:00,29515.609375,29515.609375,29488.279296875,29488.279296875,1685390
2026-07-13T11:26:00-04:00,29483.666015625,29493.8046875,29483.666015625,29491.44140625,1750422
2026-07-13T11:27:00-04:00,29489.39453125,29498.9296875,29489.39453125,29496.013671875,1893237
2026-07-13T11:28:00-04:00,29497.73046875,29507.404296875,29497.73046875,29500.669921875,1783152
2026-07-13T11:29:00-04:00,29504.259765625,29510.30078125,29502.970703125,29502.970703125,1783612
2026-07-13T11:30:00-04:00,29502.1171875,29502.1171875,29484.1875,29487.0078125,1490491
2026-07-13T11:31:00-04:00,29488.3125,29500.67578125,29488.3125,29500.67578125,1720481
2026-07-13T11:32:00-04:00,29506.2421875,29514.373046875,29506.2421875,29514.373046875,1887253
2026-07-13T11:33:00-04:00,29509.53125,29510.265625,29500.25390625,29500.66796875,1631625
2026-07-13T11:34:00-04:00,29503.83984375,29510.1953125,29486.791015625,29486.791015625,1530416
2026-07-13T11:35:00-04:00,29487.87890625,29493.79296875,29470.60546875,29470.60546875,5268813
2026-07-13T11:36:00-04:00,29468.41015625,29472.30859375,29464.904296875,29467.263671875,1979133
2026-07-13T11:37:00-04:00,29467.91796875,29487.01171875,29467.91796875,29487.01171875,1556980
2026-07-13T11:38:00-04:00,29484.1875,29484.501953125,29480.04296875,29482.005859375,1446889
2026-07-13T11:39:00-04:00,29481.08203125,29481.146484375,29475.296875,29477.564453125,1479542
2026-07-13T11:40:00-04:00,29479.46484375,29479.46484375,29472.30859375,29478.984375,1434100
2026-07-13T11:41:00-04:00,29478.17578125,29478.17578125,29462.41796875,29463.369140625,1424452
2026-07-13T11:42:00-04:00,29462.302734375,29467.572265625,29458.052734375,29458.310546875,1918876
2026-07-13T11:43:00-04:00,29458.953125,29459.69921875,29451.1015625,29451.15625,1596263
2026-07-13T11:44:00-04:00,29451.34765625,29453.169921875,29446.72265625,29446.91796875,1662746
2026-07-13T11:45:00-04:00,29446.369140625,29446.369140625,29431.736328125,29435.419921875,1751323
2026-07-13T11:46:00-04:00,29429.984375,29436.8671875,29426.994140625,29436.8671875,1903358
2026-07-13T11:47:00-04:00,29437.533203125,29437.533203125,29424.1640625,29428.794921875,1623691
2026-07-13T11:48:00-04:00,29432.1640625,29432.1640625,29414.8359375,29416.14453125,1807112
2026-07-13T11:49:00-04:00,29415.919921875,29425.326171875,29415.919921875,29425.326171875,1691383
2026-07-13T11:50:00-04:00,29431.140625,29431.140625,29415.361328125,29418.15625,2608953
2026-07-13T11:51:00-04:00,29414.923828125,29416.486328125,29396.43359375,29398.939453125,2319867
2026-07-13T11:52:00-04:00,29397.67578125,29410.794921875,29397.67578125,29409.46484375,1870392
2026-07-13T11:53:00-04:00,29415.65625,29419.919921875,29415.033203125,29418.66796875,1695628
2026-07-13T11:54:00-04:00,29425.931640625,29425.931640625,29412.830078125,29415.72265625,1711893
2026-07-13T11:55:00-04:00,29418.427734375,29420.318359375,29410.248046875,29414.0078125,1755235
2026-07-13T11:56:00-04:00,29412.87890625,29412.87890625,29398.484375,29398.958984375,1628334
2026-07-13T11:57:00-04:00,29400.455078125,29407.0234375,29394.0546875,29406.2890625,3246064
2026-07-13T11:58:00-04:00,29405.95703125,29409.228515625,29401.048828125,29401.578125,2037198
2026-07-13T11:59:00-04:00,29402.642578125,29404.4375,29397.0625,29404.4375,1633475
2026-07-13T12:00:00-04:00,29400.84375,29403.22265625,29390.689453125,29393.078125,1848735
2026-07-13T12:01:00-04:00,29387.90234375,29405.8203125,29387.90234375,29399.904296875,1851586
2026-07-13T12:02:00-04:00,29400.490234375,29403.123046875,29390.962890625,29401.6796875,2747861
2026-07-13T12:03:00-04:00,29400.1171875,29409.359375,29398.580078125,29401.634765625,915579
2026-07-13T12:04:00-04:00,29401.658203125,29401.986328125,29386.98046875,29386.98046875,2569919
2026-07-13T12:05:00-04:00,29389.3203125,29391.265625,29379.79296875,29382.126953125,841401
2026-07-13T12:06:00-04:00,29382.232421875,29392.869140625,29382.232421875,29387.39453125,2631806
2026-07-13T12:07:00-04:00,29389.37890625,29394.634765625,29389.37890625,29392.072265625,1612694
2026-07-13T12:08:00-04:00,29393.8203125,29408.130859375,29393.8203125,29407.15625,2033616
2026-07-13T12:09:00-04:00,29407.3046875,29412.52734375,29403.96875,29412.52734375,2960854
2026-07-13T12:10:00-04:00,29411.111328125,29429.46875,29409.982421875,29429.46875,1347236
2026-07-13T12:11:00-04:00,29426.314453125,29429.1328125,29424.1640625,29424.72265625,3538137
2026-07-13T12:12:00-04:00,29424.701171875,29425.892578125,29402.205078125,29406.21875,2451471
2026-07-13T12:13:00-04:00,29406.65625,29411.048828125,29397.40234375,29398.80859375,1764287
2026-07-13T12:14:00-04:00,29402.744140625,29406.736328125,29394.990234375,29406.736328125,2992097
2026-07-13T12:15:00-04:00,29407.27734375,29407.27734375,29390.001953125,29392.525390625,1087718
2026-07-13T12:16:00-04:00,29392.923828125,29392.923828125,29370.732421875,29373.6015625,2806492
2026-07-13T12:17:00-04:00,29371.8203125,29375.56640625,29366.02734375,29375.56640625,965870
2026-07-13T12:18:00-04:00,29375.185546875,29375.185546875,29360.154296875,29364.8203125,2098734
2026-07-13T12:19:00-04:00,29367.890625,29379.080078125,29367.890625,29379.080078125,1952887
2026-07-13T12:20:00-04:00,29378.306640625,29378.306640625,29362.359375,29366.48046875,1779466
2026-07-13T12:21:00-04:00,29367.59765625,29374.732421875,29362.236328125,29362.236328125,2941004
2026-07-13T12:22:00-04:00,29363.4765625,29363.4765625,29355.896484375,29356.767578125,1164965
2026-07-13T12:23:00-04:00,29355.927734375,29356.556640625,29348.787109375,29356.556640625,3391420
2026-07-13T12:24:00-04:00,29356.283203125,29359.876953125,29351.279296875,29356.7421875,1045212
2026-07-13T12:25:00-04:00,29357.734375,29358.87109375,29349.8359375,29353.064453125,2457460
2026-07-13T12:26:00-04:00,29350.982421875,29352.373046875,29337.044921875,29351.0703125,1925561
2026-07-13T12:27:00-04:00,29346.474609375,29346.474609375,29337.14453125,29339.4140625,2116059
2026-07-13T12:28:00-04:00,29345.322265625,29358.560546875,29345.322265625,29353.275390625,2087442
2026-07-13T12:29:00-04:00,29354.90625,29354.90625,29333.69921875,29349.130859375,1779507
2026-07-13T12:30:00-04:00,29348.603515625,29348.603515625,29323.47265625,29324.189453125,2472684
2026-07-13T12:31:00-04:00,29317.70703125,29323.11328125,29310.037109375,29323.11328125,2063217
2026-07-13T12:32:00-04:00,29321.095703125,29325.54296875,29316.12109375,29319.095703125,2602759
2026-07-13T12:33:00-04:00,29320.287109375,29320.615234375,29309.02734375,29317.005859375,975232
2026-07-13T12:34:00-04:00,29315.591796875,29315.591796875,29302.578125,29303.021484375,1495268
2026-07-13T12:35:00-04:00,29302.0625,29303.28515625,29271.482421875,29272.322265625,2996123
2026-07-13T12:36:00-04:00,29273.89453125,29273.89453125,29252.90234375,29272.47265625,2770717
2026-07-13T12:37:00-04:00,29274.3359375,29275.90625,29261.87890625,29266.587890625,2593111
2026-07-13T12:38:00-04:00,29264.607421875,29291.095703125,29262.208984375,29291.095703125,3870330
2026-07-13T12:39:00-04:00,29297.5703125,29320.08984375,29297.5703125,29307.82421875,1388232
2026-07-13T12:40:00-04:00,29307.9921875,29316.447265625,29290.470703125,29292.958984375,3330409
2026-07-13T12:41:00-04:00,29291.646484375,29322.1640625,29291.646484375,29322.1640625,1146844
2026-07-13T12:42:00-04:00,29323.798828125,29335.70703125,29321.169921875,29334.984375,1739449
2026-07-13T12:43:00-04:00,29336.091796875,29339.765625,29329.640625,29334.509765625,1695757
2026-07-13T12:44:00-04:00,29338.31640625,29338.740234375,29319.40234375,29325.36328125,1311859
2026-07-13T12:45:00-04:00,29328.021484375,29343.1796875,29328.021484375,29333.5703125,2380173
2026-07-13T12:46:00-04:00,29329.333984375,29345.5859375,29329.333984375,29345.5859375,868708
2026-07-13T12:47:00-04:00,29344.595703125,29347.125,29334.646484375,29335.1796875,2011463
2026-07-13T12:48:00-04:00,29330.96484375,29330.96484375,29314.208984375,29319.14453125,1852643
2026-07-13T12:49:00-04:00,29318.822265625,29320.43359375,29305.818359375,29305.818359375,1532627
2026-07-13T12:50:00-04:00,29305.533203125,29306.32421875,29262.1015625,29273.025390625,3718119
2026-07-13T12:51:00-04:00,29279.669921875,29291.41015625,29279.669921875,29291.41015625,826159
2026-07-13T12:52:00-04:00,29289.8671875,29312.884765625,29289.8671875,29310.0703125,2225614
2026-07-13T12:53:00-04:00,29306.9453125,29309.796875,29302.369140625,29302.369140625,617015
2026-07-13T12:54:00-04:00,29301.19921875,29305.14453125,29297.05078125,29297.05078125,1392152
2026-07-13T12:55:00-04:00,29296.205078125,29296.205078125,29282.03515625,29292.912109375,1564708
2026-07-13T12:56:00-04:00,29298.09765625,29308.208984375,29298.09765625,29308.208984375,1739226
2026-07-13T12:57:00-04:00,29310.552734375,29327.6015625,29306.39453125,29327.412109375,2493797
2026-07-13T12:58:00-04:00,29329.990234375,29332.759765625,29320.099609375,29325.205078125,782243
2026-07-13T12:59:00-04:00,29323.671875,29323.671875,29309.865234375,29318.720703125,1836597
2026-07-13T13:00:00-04:00,29316.14453125,29337.470703125,29314.970703125,29336.279296875,802619
2026-07-13T13:01:00-04:00,29338.255859375,29343.78515625,29337.474609375,29337.90625,1573431
2026-07-13T13:02:00-04:00,29336.1328125,29337.52734375,29324.44921875,29325.30859375,1536028
2026-07-13T13:03:00-04:00,29326.564453125,29340.990234375,29326.564453125,29336.6015625,1427477
2026-07-13T13:04:00-04:00,29335.48828125,29338.681640625,29324.68359375,29324.68359375,1302331
2026-07-13T13:05:00-04:00,29320.70703125,29332.11328125,29317.998046875,29327.740234375,1484069
2026-07-13T13:06:00-04:00,29326.79296875,29336.43359375,29326.79296875,29330.4140625,2143964
2026-07-13T13:07:00-04:00,29330.591796875,29347.291015625,29330.591796875,29346.703125,656097
2026-07-13T13:08:00-04:00,29347.919921875,29348.087890625,29342.46875,29345.337890625,1952479
2026-07-13T13:09:00-04:00,29344.177734375,29360.982421875,29344.177734375,29358.94140625,646086
2026-07-13T13:10:00-04:00,29358.650390625,29370.548828125,29355.068359375,29355.068359375,1864978
2026-07-13T13:11:00-04:00,29354.587890625,29357.896484375,29345.7421875,29350.34765625,1479193
2026-07-13T13:12:00-04:00,29350.58203125,29355.70703125,29343.322265625,29343.322265625,1389102
2026-07-13T13:13:00-04:00,29346.640625,29353.69140625,29342.1640625,29342.1640625,2184567
2026-07-13T13:14:00-04:00,29338.783203125,29340.234375,29326.455078125,29334.244140625,788476
2026-07-13T13:15:00-04:00,29333.296875,29333.45703125,29318.1015625,29318.1015625,1860145
2026-07-13T13:16:00-04:00,29318.388671875,29319.708984375,29306.431640625,29317.453125,1069817
2026-07-13T13:17:00-04:00,29319.978515625,29325.26171875,29313.818359375,29325.26171875,1623456
2026-07-13T13:18:00-04:00,29323.294921875,29330.919921875,29321.162109375,29330.80859375,1433244
2026-07-13T13:19:00-04:00,29330.291015625,29338.470703125,29325.85546875,29335.74609375,1519329
2026-07-13T13:20:00-04:00,29332.7578125,29332.7578125,29320.056640625,29325.130859375,1428157
2026-07-13T13:21:00-04:00,29324.521484375,29324.521484375,29315.525390625,29321.837890625,1194807
2026-07-13T13:22:00-04:00,29323.228515625,29334.212890625,29321.107421875,29321.107421875,2552534
2026-07-13T13:23:00-04:00,29321.75390625,29322.197265625,29313.58203125,29313.67578125,782724
2026-07-13T13:24:00-04:00,29313.419921875,29313.421875,29302.466796875,29302.466796875,1748430
2026-07-13T13:25:00-04:00,29302.23046875,29305.373046875,29289.0390625,29289.2109375,4043346
2026-07-13T13:26:00-04:00,29291.724609375,29297.35546875,29290.51953125,29293.099609375,990721
2026-07-13T13:27:00-04:00,29294.3125,29307.94140625,29293.025390625,29301.73828125,2610394
2026-07-13T13:28:00-04:00,29306.765625,29309.12109375,29304.560546875,29309.12109375,776070
2026-07-13T13:29:00-04:00,29309.07421875,29309.07421875,29300.29296875,29304.259765625,2062645
2026-07-13T13:30:00-04:00,29305.74609375,29315.296875,29303.806640625,29315.296875,1708384
2026-07-13T13:31:00-04:00,29313.3203125,29313.3203125,29298.32421875,29305.84375,1742813
2026-07-13T13:32:00-04:00,29306.005859375,29310.177734375,29299.9609375,29310.029296875,1323161
2026-07-13T13:33:00-04:00,29311.3515625,29319.787109375,29311.3515625,29312.7265625,2886913
2026-07-13T13:34:00-04:00,29312.1796875,29320.1796875,29312.1796875,29313.302734375,1790832
2026-07-13T13:35:00-04:00,29309.236328125,29309.236328125,29297.703125,29304.263671875,665369
2026-07-13T13:36:00-04:00,29305.111328125,29305.111328125,29292.365234375,29293.7421875,2034286
2026-07-13T13:37:00-04:00,29294.693359375,29296.71484375,29292.3203125,29293.181640625,634567
2026-07-13T13:38:00-04:00,29294.0,29295.107421875,29288.78515625,29289.224609375,1422323
2026-07-13T13:39:00-04:00,29288.72265625,29288.8046875,29280.7734375,29288.8046875,1847852
2026-07-13T13:40:00-04:00,29284.224609375,29284.224609375,29274.57421875,29279.595703125,1930880
2026-07-13T13:41:00-04:00,29278.484375,29298.72265625,29277.193359375,29295.66796875,2716260
2026-07-13T13:42:00-04:00,29294.576171875,29299.818359375,29291.205078125,29291.205078125,806306
2026-07-13T13:43:00-04:00,29294.162109375,29307.3671875,29294.162109375,29304.705078125,2458931
2026-07-13T13:44:00-04:00,29305.12890625,29305.853515625,29299.470703125,29301.099609375,1325475
2026-07-13T13:45:00-04:00,29301.337890625,29310.298828125,29301.337890625,29308.609375,1834459
2026-07-13T13:46:00-04:00,29307.53125,29309.265625,29298.966796875,29303.37890625,1602313
2026-07-13T13:47:00-04:00,29302.5078125,29310.029296875,29299.326171875,29299.326171875,1528774
2026-07-13T13:48:00-04:00,29298.205078125,29298.205078125,29290.81640625,29292.166015625,1281873
2026-07-13T13:49:00-04:00,29288.923828125,29288.923828125,29282.013671875,29282.091796875,1521519
2026-07-13T13:50:00-04:00,29282.00390625,29282.00390625,29266.716796875,29272.02734375,2517353
2026-07-13T13:51:00-04:00,29271.150390625,29272.541015625,29259.41796875,29265.2421875,914046
2026-07-13T13:52:00-04:00,29264.986328125,29276.77734375,29259.376953125,29276.77734375,3128221
2026-07-13T13:53:00-04:00,29275.021484375,29280.431640625,29260.84375,29264.3046875,832325
2026-07-13T13:54:00-04:00,29266.08203125,29277.05078125,29263.58203125,29275.001953125,1620734
2026-07-13T13:55:00-04:00,29275.609375,29282.166015625,29275.33203125,29277.970703125,1850913
2026-07-13T13:56:00-04:00,29276.943359375,29276.943359375,29267.13671875,29274.9453125,1377477
2026-07-13T13:57:00-04:00,29272.931640625,29283.6484375,29270.498046875,29277.140625,2183625
2026-07-13T13:58:00-04:00,29276.46875,29281.580078125,29274.2734375,29280.537109375,503134
2026-07-13T13:59:00-04:00,29280.126953125,29280.744140625,29267.57421875,29269.431640625,2054906
2026-07-13T14:00:00-04:00,29271.400390625,29295.029296875,29269.890625,29293.4453125,833825
2026-07-13T14:01:00-04:00,29294.07421875,29306.470703125,29293.12890625,29301.0859375,1776838
2026-07-13T14:02:00-04:00,29300.630859375,29307.373046875,29295.69921875,29295.69921875,2516602
2026-07-13T14:03:00-04:00,29297.21484375,29300.41796875,29294.16015625,29300.41796875,796368
2026-07-13T14:04:00-04:00,29300.263671875,29304.025390625,29291.828125,29291.828125,1988347
2026-07-13T14:05:00-04:00,29291.95703125,29324.490234375,29291.95703125,29324.490234375,1033669
2026-07-13T14:06:00-04:00,29323.732421875,29326.169921875,29315.439453125,29319.654296875,1618555
2026-07-13T14:07:00-04:00,29318.69140625,29318.69140625,29309.84765625,29318.14453125,1260656
2026-07-13T14:08:00-04:00,29316.490234375,29317.59375,29313.15625,29313.15625,1144005
2026-07-13T14:09:00-04:00,29312.56640625,29312.56640625,29298.5546875,29298.87109375,1523978
2026-07-13T14:10:00-04:00,29298.908203125,29298.908203125,29282.8984375,29282.8984375,1199968
2026-07-13T14:11:00-04:00,29281.015625,29281.015625,29270.15234375,29278.671875,2084714
2026-07-13T14:12:00-04:00,29278.978515625,29280.0703125,29276.150390625,29278.912109375,590066
2026-07-13T14:13:00-04:00,29281.5546875,29293.845703125,29281.5546875,29293.845703125,1544818
2026-07-13T14:14:00-04:00,29297.03125,29308.759765625,29297.03125,29308.759765625,1597535
2026-07-13T14:15:00-04:00,29306.27734375,29311.921875,29299.1875,29303.193359375,1325231
2026-07-13T14:16:00-04:00,29303.310546875,29305.228515625,29296.40625,29296.40625,1297375
2026-07-13T14:17:00-04:00,29297.09765625,29302.427734375,29291.35546875,29291.35546875,1076160
2026-07-13T14:18:00-04:00,29291.623046875,29291.623046875,29271.5078125,29271.5078125,2963702
2026-07-13T14:19:00-04:00,29272.072265625,29272.072265625,29262.755859375,29270.16015625,948080
2026-07-13T14:20:00-04:00,29274.091796875,29276.154296875,29267.5,29275.45703125,1941635
2026-07-13T14:21:00-04:00,29275.333984375,29277.931640625,29271.412109375,29275.75390625,687008
2026-07-13T14:22:00-04:00,29276.681640625,29278.048828125,29270.689453125,29270.689453125,1252639
2026-07-13T14:23:00-04:00,29269.322265625,29277.177734375,29267.978515625,29276.5078125,1329758
2026-07-13T14:24:00-04:00,29279.166015625,29291.78125,29273.904296875,29291.78125,1469130
2026-07-13T14:25:00-04:00,29290.076171875,29290.076171875,29272.0546875,29281.06640625,3145427
2026-07-13T14:26:00-04:00,29285.93359375,29285.93359375,29274.404296875,29274.568359375,742143
2026-07-13T14:27:00-04:00,29273.794921875,29278.931640625,29272.517578125,29272.517578125,2269386
2026-07-13T14:28:00-04:00,29273.533203125,29277.0,29267.29296875,29268.123046875,732677
2026-07-13T14:29:00-04:00,29267.974609375,29272.1796875,29264.29296875,29264.57421875,1743056
2026-07-13T14:30:00-04:00,29263.66796875,29263.66796875,29246.283203125,29251.55078125,2170049
2026-07-13T14:31:00-04:00,29247.966796875,29273.12890625,29246.154296875,29273.12890625,1695321
2026-07-13T14:32:00-04:00,29276.63671875,29284.662109375,29276.63671875,29277.591796875,1993703
2026-07-13T14:33:00-04:00,29277.765625,29286.875,29274.630859375,29282.515625,2271817
2026-07-13T14:34:00-04:00,29280.55078125,29282.115234375,29266.734375,29266.734375,719510
2026-07-13T14:35:00-04:00,29264.390625,29281.453125,29261.767578125,29281.21875,2243617
2026-07-13T14:36:00-04:00,29284.85546875,29285.193359375,29275.5234375,29284.859375,795141
2026-07-13T14:37:00-04:00,29281.880859375,29289.73828125,29278.396484375,29288.82421875,1170163
2026-07-13T14:38:00-04:00,29289.03515625,29296.33203125,29289.03515625,29293.10546875,2194269
2026-07-13T14:39:00-04:00,29290.3203125,29290.759765625,29281.5625,29289.185546875,609410
2026-07-13T14:40:00-04:00,29287.091796875,29295.119140625,29285.447265625,29295.119140625,2146618
2026-07-13T14:41:00-04:00,29294.0234375,29298.484375,29290.876953125,29296.77734375,746572
2026-07-13T14:42:00-04:00,29296.45703125,29297.751953125,29293.45703125,29295.04296875,1549315
2026-07-13T14:43:00-04:00,29297.607421875,29304.9921875,29290.66015625,29290.66015625,1628870
2026-07-13T14:44:00-04:00,29290.203125,29292.072265625,29287.66015625,29290.3359375,1313212
2026-07-13T14:45:00-04:00,29291.96484375,29296.267578125,29288.22265625,29288.34375,2038875
2026-07-13T14:46:00-04:00,29287.447265625,29294.822265625,29286.359375,29292.32421875,1487990
2026-07-13T14:47:00-04:00,29291.759765625,29295.607421875,29290.919921875,29293.603515625,2435696
2026-07-13T14:48:00-04:00,29292.53515625,29298.412109375,29283.9296875,29284.8515625,1509954
2026-07-13T14:49:00-04:00,29286.666015625,29301.41015625,29286.666015625,29301.103515625,1354666
2026-07-13T14:50:00-04:00,29300.8046875,29301.095703125,29286.337890625,29293.787109375,1980568
2026-07-13T14:51:00-04:00,29295.4453125,29305.568359375,29295.4453125,29304.15625,625406
2026-07-13T14:52:00-04:00,29305.734375,29309.56640625,29302.734375,29305.236328125,2251681
2026-07-13T14:53:00-04:00,29304.05859375,29305.37109375,29299.095703125,29302.474609375,891285
2026-07-13T14:54:00-04:00,29301.16796875,29309.75390625,29298.947265625,29298.947265625,1677189
2026-07-13T14:55:00-04:00,29297.673828125,29301.806640625,29291.572265625,29291.572265625,1311576
2026-07-13T14:56:00-04:00,29291.6484375,29299.65625,29291.6484375,29299.638671875,2687738
2026-07-13T14:57:00-04:00,29298.876953125,29298.876953125,29289.830078125,29296.990234375,4542958
2026-07-13T14:58:00-04:00,29296.91796875,29296.91796875,29278.4296875,29278.4296875,1387377
2026-07-13T14:59:00-04:00,29277.298828125,29285.87890625,29277.298828125,29284.69140625,2933803
2026-07-13T15:00:00-04:00,29287.634765625,29287.634765625,29270.33203125,29275.73046875,1951339
2026-07-13T15:01:00-04:00,29277.224609375,29298.259765625,29277.029296875,29298.259765625,1789824
2026-07-13T15:02:00-04:00,29298.66015625,29304.095703125,29298.09375,29303.580078125,2565501
2026-07-13T15:03:00-04:00,29303.505859375,29313.466796875,29303.23828125,29306.208984375,963207
2026-07-13T15:04:00-04:00,29305.236328125,29311.19921875,29304.9609375,29308.77734375,2204920
2026-07-13T15:05:00-04:00,29307.015625,29310.2109375,29302.3203125,29309.2578125,910573
2026-07-13T15:06:00-04:00,29309.91796875,29316.5,29287.626953125,29287.626953125,2029996
2026-07-13T15:07:00-04:00,29286.87109375,29286.87109375,29275.751953125,29278.330078125,2346362
2026-07-13T15:08:00-04:00,29277.373046875,29284.0390625,29276.796875,29281.16015625,3704649
2026-07-13T15:09:00-04:00,29281.240234375,29281.966796875,29270.322265625,29270.322265625,1622706
2026-07-13T15:10:00-04:00,29271.44921875,29271.44921875,29259.044921875,29259.7109375,2494261
2026-07-13T15:11:00-04:00,29259.5234375,29259.5234375,29251.22265625,29251.728515625,2812847
2026-07-13T15:12:00-04:00,29252.09375,29252.20703125,29246.78125,29247.90234375,997132
2026-07-13T15:13:00-04:00,29247.263671875,29254.7890625,29243.08984375,29250.615234375,2114222
2026-07-13T15:14:00-04:00,29252.9921875,29262.126953125,29249.330078125,29255.208984375,2822011
2026-07-13T15:15:00-04:00,29252.947265625,29253.30078125,29246.462890625,29247.841796875,1098965
2026-07-13T15:16:00-04:00,29248.251953125,29253.2578125,29248.177734375,29249.412109375,3264088
2026-07-13T15:17:00-04:00,29254.615234375,29257.55859375,29250.68359375,29254.716796875,1484700
2026-07-13T15:18:00-04:00,29253.732421875,29254.001953125,29246.37890625,29247.619140625,1863555
2026-07-13T15:19:00-04:00,29248.150390625,29254.80859375,29245.779296875,29245.779296875,1876144
2026-07-13T15:20:00-04:00,29246.75,29246.75,29233.43359375,29240.6328125,3332937
2026-07-13T15:21:00-04:00,29237.4453125,29241.943359375,29235.19921875,29236.04296875,1207235
2026-07-13T15:22:00-04:00,29236.84375,29238.052734375,29230.263671875,29235.890625,2400113
2026-07-13T15:23:00-04:00,29237.728515625,29237.728515625,29213.646484375,29223.060546875,2488394
2026-07-13T15:24:00-04:00,29222.71875,29226.923828125,29218.271484375,29226.923828125,3276567
2026-07-13T15:25:00-04:00,29225.5703125,29225.5703125,29215.14453125,29224.548828125,1029053
2026-07-13T15:26:00-04:00,29224.150390625,29225.962890625,29217.66796875,29217.66796875,2599330
2026-07-13T15:27:00-04:00,29215.8046875,29215.8046875,29204.796875,29204.796875,2131875
2026-07-13T15:28:00-04:00,29203.943359375,29215.576171875,29200.115234375,29214.501953125,2025825
2026-07-13T15:29:00-04:00,29214.779296875,29216.314453125,29204.40234375,29209.90234375,2511146
2026-07-13T15:30:00-04:00,29213.99609375,29238.576171875,29208.796875,29238.576171875,3597619
2026-07-13T15:31:00-04:00,29232.1171875,29239.5546875,29230.78125,29230.78125,3893751
2026-07-13T15:32:00-04:00,29233.529296875,29238.470703125,29231.47265625,29231.47265625,1179776
2026-07-13T15:33:00-04:00,29232.8515625,29240.576171875,29226.90234375,29229.001953125,3897747
2026-07-13T15:34:00-04:00,29232.26953125,29232.26953125,29226.234375,29228.96484375,1348945
2026-07-13T15:35:00-04:00,29226.048828125,29226.048828125,29207.5078125,29210.513671875,2774537
2026-07-13T15:36:00-04:00,29210.451171875,29210.451171875,29197.96484375,29205.861328125,3163743
2026-07-13T15:37:00-04:00,29200.82421875,29207.630859375,29197.244140625,29203.623046875,2357722
2026-07-13T15:38:00-04:00,29203.134765625,29209.029296875,29190.466796875,29191.595703125,2120750
2026-07-13T15:39:00-04:00,29194.20703125,29196.244140625,29189.87109375,29196.244140625,2928126
2026-07-13T15:40:00-04:00,29196.50390625,29207.8671875,29192.982421875,29207.8671875,2553648
2026-07-13T15:41:00-04:00,29206.365234375,29206.646484375,29203.880859375,29204.85546875,1368156
2026-07-13T15:43:00-04:00,29244.9140625,29244.9140625,29244.9140625,29244.9140625,0
2026-07-13T15:44:00-04:00,29242.646484375,29248.15234375,29241.572265625,29242.42578125,860134337
2026-07-13T15:45:00-04:00,29247.30078125,29247.30078125,29233.849609375,29233.849609375,2292736
2026-07-13T15:46:00-04:00,29234.212890625,29234.212890625,29227.205078125,29229.587890625,3205320
2026-07-13T15:47:00-04:00,29228.2734375,29233.177734375,29228.2734375,29231.875,2886078
2026-07-13T15:48:00-04:00,29231.48828125,29247.783203125,29231.48828125,29247.783203125,3089311
2026-07-13T15:49:00-04:00,29250.240234375,29255.76171875,29250.240234375,29252.330078125,5003041
2026-07-13T15:50:00-04:00,29268.65234375,29278.689453125,29268.65234375,29278.689453125,3576548
2026-07-13T15:51:00-04:00,29274.29296875,29291.916015625,29274.29296875,29291.916015625,7363324
2026-07-13T15:52:00-04:00,29294.056640625,29294.056640625,29285.095703125,29289.212890625,4814663
2026-07-13T15:53:00-04:00,29283.1875,29286.5,29267.19921875,29267.19921875,4806989
2026-07-13T15:54:00-04:00,29266.5234375,29275.30859375,29252.0234375,29266.59765625,8970654
2026-07-13T15:55:00-04:00,29263.009765625,29275.96875,29263.009765625,29275.96875,3382058
2026-07-13T15:56:00-04:00,29273.431640625,29274.494140625,29263.44140625,29274.494140625,9345237
2026-07-13T15:57:00-04:00,29279.673828125,29286.5390625,29279.673828125,29286.5390625,3124697
2026-07-13T15:58:00-04:00,29284.923828125,29289.943359375,29283.642578125,29289.0234375,5696156
2026-07-13T15:59:00-04:00,29292.3203125,29292.880859375,29263.078125,29263.078125,6192426
2026-07-14T09:30:00-04:00,29559.201171875,29564.98046875,29547.640625,29564.98046875,0
2026-07-14T09:31:00-04:00,29586.236328125,29586.236328125,29532.236328125,29536.76953125,10755500
2026-07-14T09:32:00-04:00,29554.099609375,29559.619140625,29538.345703125,29540.17578125,7939208
2026-07-14T09:33:00-04:00,29545.490234375,29545.490234375,29527.076171875,29527.076171875,5247030
2026-07-14T09:34:00-04:00,29526.779296875,29526.779296875,29489.599609375,29489.62890625,4859319
2026-07-14T09:35:00-04:00,29490.23828125,29523.89453125,29485.146484375,29519.611328125,5014336
2026-07-14T09:36:00-04:00,29503.99609375,29521.234375,29497.294921875,29518.177734375,4744211
2026-07-14T09:37:00-04:00,29515.56640625,29566.654296875,29510.525390625,29566.654296875,4233078
2026-07-14T09:38:00-04:00,29555.412109375,29584.9296875,29550.642578125,29584.9296875,4248206
2026-07-14T09:39:00-04:00,29590.740234375,29590.740234375,29566.046875,29576.041015625,4095148
2026-07-14T09:40:00-04:00,29556.640625,29571.580078125,29554.828125,29571.580078125,4124541
2026-07-14T09:41:00-04:00,29561.3828125,29561.3828125,29534.5625,29557.22265625,4152987
2026-07-14T09:42:00-04:00,29559.4296875,29568.072265625,29519.6171875,29523.5859375,3991357
2026-07-14T09:43:00-04:00,29520.263671875,29520.263671875,29503.03515625,29512.935546875,4378288
2026-07-14T09:44:00-04:00,29511.45703125,29541.947265625,29511.45703125,29541.947265625,3706716
2026-07-14T09:45:00-04:00,29555.361328125,29599.91015625,29555.361328125,29596.3359375,4495570
2026-07-14T09:46:00-04:00,29592.4140625,29594.60546875,29564.041015625,29564.041015625,4507986
2026-07-14T09:47:00-04:00,29569.14453125,29569.14453125,29533.640625,29551.861328125,3924157
2026-07-14T09:48:00-04:00,29563.728515625,29570.654296875,29556.03515625,29565.3515625,3802998
2026-07-14T09:49:00-04:00,29565.564453125,29565.564453125,29555.87890625,29556.03125,3259644
2026-07-14T09:50:00-04:00,29571.3046875,29575.34375,29548.4765625,29548.4765625,3113218
2026-07-14T09:51:00-04:00,29558.6171875,29578.2421875,29558.1484375,29578.2421875,3377563
2026-07-14T09:52:00-04:00,29563.14453125,29568.19921875,29534.025390625,29534.025390625,3078003
2026-07-14T09:53:00-04:00,29534.939453125,29571.923828125,29519.1640625,29571.923828125,3565620
2026-07-14T09:54:00-04:00,29573.173828125,29587.92578125,29565.560546875,29566.71875,3204672
2026-07-14T09:55:00-04:00,29556.857421875,29556.857421875,29542.8203125,29542.8203125,2929748
2026-07-14T09:56:00-04:00,29547.6953125,29559.93359375,29547.6953125,29559.93359375,2912442
2026-07-14T09:57:00-04:00,29552.515625,29573.509765625,29552.515625,29571.173828125,3138746
2026-07-14T09:58:00-04:00,29572.46875,29587.68359375,29572.46875,29582.376953125,2957492
2026-07-14T09:59:00-04:00,29579.029296875,29586.34765625,29572.671875,29574.587890625,2785089
2026-07-14T10:00:00-04:00,29563.30859375,29594.7421875,29563.30859375,29573.494140625,3638634
2026-07-14T10:01:00-04:00,29575.953125,29575.953125,29531.091796875,29536.150390625,3305877
2026-07-14T10:02:00-04:00,29534.5703125,29534.5703125,29510.6171875,29510.6171875,3389268
2026-07-14T10:03:00-04:00,29519.794921875,29523.994140625,29490.9375,29523.994140625,3138242
2026-07-14T10:04:00-04:00,29523.482421875,29523.482421875,29494.234375,29495.96875,2898083
2026-07-14T10:05:00-04:00,29482.375,29482.375,29456.10546875,29457.232421875,3132605
2026-07-14T10:06:00-04:00,29462.923828125,29477.126953125,29462.923828125,29471.927734375,3299283
2026-07-14T10:07:00-04:00,29479.400390625,29492.748046875,29468.9765625,29488.84765625,3195335
2026-07-14T10:08:00-04:00,29485.572265625,29485.572265625,29459.375,29465.216796875,3127336
2026-07-14T10:09:00-04:00,29460.904296875,29463.93359375,29434.626953125,29463.93359375,3155903
2026-07-14T10:10:00-04:00,29477.1328125,29477.1328125,29441.072265625,29441.169921875,3373932
2026-07-14T10:11:00-04:00,29441.9296875,29453.21484375,29441.9296875,29453.21484375,2708394
2026-07-14T10:12:00-04:00,29456.830078125,29479.693359375,29456.830078125,29474.927734375,2650604
2026-07-14T10:13:00-04:00,29480.375,29480.375,29451.189453125,29457.935546875,2492655
2026-07-14T10:14:00-04:00,29463.357421875,29463.357421875,29447.236328125,29462.29296875,2414731
2026-07-14T10:15:00-04:00,29442.861328125,29442.861328125,29408.25390625,29415.423828125,2738344
2026-07-14T10:16:00-04:00,29408.228515625,29409.732421875,29371.1875,29406.70703125,3241872
2026-07-14T10:17:00-04:00,29397.759765625,29408.513671875,29394.841796875,29395.37109375,2902873
2026-07-14T10:18:00-04:00,29393.234375,29403.90625,29386.556640625,29403.90625,2559603
2026-07-14T10:19:00-04:00,29403.708984375,29435.634765625,29403.708984375,29431.923828125,2602403
2026-07-14T10:20:00-04:00,29424.1953125,29446.48046875,29424.1953125,29446.48046875,2841644
2026-07-14T10:21:00-04:00,29453.990234375,29458.08203125,29441.95703125,29458.08203125,2421581
2026-07-14T10:22:00-04:00,29467.029296875,29494.44921875,29467.029296875,29494.44921875,2924664
2026-07-14T10:23:00-04:00,29502.513671875,29502.513671875,29481.962890625,29481.962890625,3209520
2026-07-14T10:24:00-04:00,29482.095703125,29489.357421875,29456.892578125,29456.892578125,2463757
2026-07-14T10:25:00-04:00,29456.673828125,29470.482421875,29451.98046875,29470.482421875,2545139
2026-07-14T10:26:00-04:00,29470.8359375,29503.822265625,29460.275390625,29503.822265625,2424228
2026-07-14T10:27:00-04:00,29493.4375,29493.4375,29465.392578125,29465.392578125,3387802
2026-07-14T10:28:00-04:00,29465.314453125,29465.314453125,29446.537109375,29448.609375,2290072
2026-07-14T10:29:00-04:00,29443.734375,29483.19140625,29443.734375,29483.19140625,2281701
2026-07-14T10:30:00-04:00,29481.55078125,29494.4765625,29478.4375,29486.421875,2290381
2026-07-14T10:31:00-04:00,29484.033203125,29484.033203125,29461.412109375,29472.75,2582291
2026-07-14T10:32:00-04:00,29478.826171875,29527.96484375,29478.826171875,29527.96484375,2393840
2026-07-14T10:33:00-04:00,29526.400390625,29543.41796875,29526.400390625,29535.44921875,2791906
2026-07-14T10:34:00-04:00,29538.58203125,29604.57421875,29538.46875,29569.45703125,3796052
2026-07-14T10:35:00-04:00,29569.03515625,29575.599609375,29561.7109375,29575.599609375,6082373
2026-07-14T10:36:00-04:00,29587.43359375,29587.43359375,29570.5390625,29578.431640625,3914388
2026-07-14T10:37:00-04:00,29576.015625,29576.015625,29565.36328125,29565.36328125,2278591
2026-07-14T10:38:00-04:00,29560.341796875,29583.62109375,29559.943359375,29583.62109375,2071458
2026-07-14T10:39:00-04:00,29583.626953125,29583.626953125,29569.3203125,29583.06640625,2300140
2026-07-14T10:40:00-04:00,29579.259765625,29591.83203125,29579.259765625,29580.501953125,3547939
2026-07-14T10:41:00-04:00,29579.70703125,29579.70703125,29562.669921875,29565.349609375,2254062
2026-07-14T10:42:00-04:00,29571.990234375,29576.7890625,29552.142578125,29552.142578125,2070730
2026-07-14T10:43:00-04:00,29543.1640625,29544.173828125,29524.64453125,29524.64453125,2404198
2026-07-14T10:44:00-04:00,29531.251953125,29532.3515625,29520.369140625,29527.73828125,2404880
2026-07-14T10:45:00-04:00,29524.669921875,29538.376953125,29520.44921875,29536.7421875,1988720
2026-07-14T10:46:00-04:00,29537.220703125,29538.619140625,29497.234375,29497.234375,1802065
2026-07-14T10:47:00-04:00,29499.203125,29502.142578125,29489.615234375,29501.73828125,2417952
2026-07-14T10:48:00-04:00,29498.453125,29507.474609375,29482.1328125,29503.015625,2083657
2026-07-14T10:49:00-04:00,29508.41015625,29508.41015625,29483.0390625,29484.646484375,1860173
2026-07-14T10:50:00-04:00,29478.76171875,29486.537109375,29468.9453125,29486.537109375,1979678
2026-07-14T10:51:00-04:00,29488.8125,29521.69140625,29480.740234375,29521.69140625,2165011
2026-07-14T10:52:00-04:00,29529.337890625,29540.236328125,29526.240234375,29540.236328125,2220499
2026-07-14T10:53:00-04:00,29536.369140625,29536.369140625,29528.45703125,29532.75390625,1949173
2026-07-14T10:54:00-04:00,29532.880859375,29546.689453125,29531.255859375,29546.689453125,1834620
2026-07-14T10:55:00-04:00,29553.57421875,29568.23046875,29553.57421875,29567.39453125,2179660
2026-07-14T10:56:00-04:00,29563.0703125,29571.00390625,29554.26953125,29562.95703125,2105858
2026-07-14T10:57:00-04:00,29559.498046875,29569.576171875,29557.66796875,29569.576171875,1719559
2026-07-14T10:58:00-04:00,29568.828125,29576.990234375,29565.728515625,29575.30078125,1784818
2026-07-14T10:59:00-04:00,29573.693359375,29581.689453125,29573.693359375,29574.546875,1989177
2026-07-14T11:00:00-04:00,29578.533203125,29590.15234375,29578.533203125,29585.330078125,2339506
2026-07-14T11:01:00-04:00,29582.53515625,29584.333984375,29576.83203125,29580.708984375,2042656
2026-07-14T11:02:00-04:00,29576.5390625,29579.8359375,29566.66015625,29566.66015625,1789345
2026-07-14T11:03:00-04:00,29565.65625,29565.65625,29560.08984375,29562.091796875,1745319
2026-07-14T11:04:00-04:00,29559.935546875,29626.126953125,29554.271484375,29610.173828125,2298466
2026-07-14T11:05:00-04:00,29603.65625,29610.912109375,29600.283203125,29608.078125,3622044
2026-07-14T11:06:00-04:00,29613.94921875,29622.873046875,29612.01953125,29622.873046875,1618208
2026-07-14T11:07:00-04:00,29618.728515625,29634.498046875,29618.728515625,29632.9921875,1946761
2026-07-14T11:08:00-04:00,29633.17578125,29655.466796875,29633.17578125,29654.927734375,1863839
2026-07-14T11:09:00-04:00,29654.10546875,29658.5859375,29645.595703125,29657.328125,2224502
2026-07-14T11:10:00-04:00,29656.107421875,29661.146484375,29648.2421875,29652.71484375,2387888
2026-07-14T11:11:00-04:00,29648.509765625,29656.787109375,29640.943359375,29643.54296875,2338765
2026-07-14T11:12:00-04:00,29643.96875,29654.51953125,29641.267578125,29652.45703125,2388678
2026-07-14T11:13:00-04:00,29651.6015625,29657.58984375,29649.78515625,29654.193359375,2114082
2026-07-14T11:14:00-04:00,29653.6875,29653.93359375,29644.84765625,29648.146484375,1775707
2026-07-14T11:15:00-04:00,29651.595703125,29660.955078125,29651.595703125,29658.09375,1933788
2026-07-14T11:16:00-04:00,29655.271484375,29658.5234375,29647.203125,29649.337890625,1887238
2026-07-14T11:17:00-04:00,29651.689453125,29657.935546875,29651.650390625,29655.685546875,2672838
2026-07-14T11:18:00-04:00,29654.78125,29659.42578125,29648.328125,29648.328125,947730
2026-07-14T11:19:00-04:00,29641.1875,29647.306640625,29628.4140625,29645.623046875,2143726
2026-07-14T11:20:00-04:00,29644.533203125,29648.34375,29635.68359375,29648.34375,2171539
2026-07-14T11:21:00-04:00,29653.31640625,29663.697265625,29653.125,29663.697265625,2068663
2026-07-14T11:22:00-04:00,29662.880859375,29669.677734375,29657.03515625,29669.234375,1876462
2026-07-14T11:23:00-04:00,29663.005859375,29671.31640625,29659.9765625,29668.310546875,3371060
2026-07-14T11:24:00-04:00,29667.91015625,29676.123046875,29666.0,29669.03125,1030075
2026-07-14T11:25:00-04:00,29673.759765625,29673.759765625,29657.4609375,29662.505859375,1704342
2026-07-14T11:26:00-04:00,29660.427734375,29676.703125,29659.6328125,29674.78515625,2021408
2026-07-14T11:27:00-04:00,29678.158203125,29678.158203125,29664.806640625,29668.61328125,2004637
2026-07-14T11:28:00-04:00,29673.748046875,29680.345703125,29673.748046875,29679.10546875,2171438
2026-07-14T11:29:00-04:00,29680.1484375,29685.80078125,29680.1484375,29684.490234375,2690386
2026-07-14T11:30:00-04:00,29684.064453125,29689.3125,29677.853515625,29678.029296875,2245125
2026-07-14T11:31:00-04:00,29677.259765625,29678.0078125,29662.533203125,29673.9453125,2240341
2026-07-14T11:32:00-04:00,29671.681640625,29671.681640625,29662.09765625,29662.09765625,1835235
2026-07-14T11:33:00-04:00,29655.82421875,29656.072265625,29645.060546875,29647.9453125,2154439
2026-07-14T11:34:00-04:00,29640.744140625,29653.77734375,29640.744140625,29649.63671875,2486385
2026-07-14T11:35:00-04:00,29647.490234375,29647.490234375,29632.208984375,29641.603515625,2095993
2026-07-14T11:36:00-04:00,29646.791015625,29652.251953125,29636.990234375,29650.142578125,1890529
2026-07-14T11:37:00-04:00,29648.08984375,29660.052734375,29643.46875,29655.83203125,2582704
2026-07-14T11:38:00-04:00,29659.8359375,29660.892578125,29654.89453125,29655.78515625,1851067
2026-07-14T11:39:00-04:00,29654.841796875,29658.0234375,29652.109375,29658.0234375,1623798
2026-07-14T11:40:00-04:00,29646.724609375,29646.724609375,29635.845703125,29641.81640625,1790850
2026-07-14T11:41:00-04:00,29636.78125,29637.3203125,29619.21875,29627.0625,1920641
2026-07-14T11:42:00-04:00,29626.798828125,29626.798828125,29602.8046875,29610.505859375,2084408
2026-07-14T11:43:00-04:00,29613.994140625,29613.994140625,29603.658203125,29611.595703125,1660044
2026-07-14T11:44:00-04:00,29617.966796875,29638.810546875,29617.966796875,29632.234375,1895869
2026-07-14T11:45:00-04:00,29635.3203125,29642.70703125,29635.3203125,29636.62890625,1692444
2026-07-14T11:46:00-04:00,29631.19140625,29638.84375,29631.19140625,29635.595703125,1403861
2026-07-14T11:47:00-04:00,29637.431640625,29645.830078125,29635.66015625,29645.830078125,1724744
2026-07-14T11:48:00-04:00,29646.4453125,29648.34375,29641.615234375,29646.3828125,1641244
2026-07-14T11:49:00-04:00,29648.419921875,29648.419921875,29630.326171875,29630.326171875,1682341
2026-07-14T11:50:00-04:00,29630.083984375,29633.318359375,29614.236328125,29614.236328125,1777938
2026-07-14T11:51:00-04:00,29615.27734375,29616.376953125,29595.869140625,29595.869140625,1925140
2026-07-14T11:52:00-04:00,29595.052734375,29595.052734375,29576.681640625,29581.3515625,2002620
2026-07-14T11:53:00-04:00,29583.546875,29594.986328125,29583.546875,29594.986328125,2036768
2026-07-14T11:54:00-04:00,29595.283203125,29595.283203125,29573.0,29577.291015625,1689374
2026-07-14T11:55:00-04:00,29574.41796875,29583.447265625,29572.94140625,29580.048828125,1955539
2026-07-14T11:56:00-04:00,29584.490234375,29592.62109375,29584.37890625,29588.791015625,1595627
2026-07-14T11:57:00-04:00,29589.751953125,29591.353515625,29566.044921875,29569.46484375,1593027
2026-07-14T11:58:00-04:00,29572.037109375,29575.234375,29566.458984375,29566.458984375,1709426
2026-07-14T11:59:00-04:00,29568.068359375,29579.5390625,29566.255859375,29579.533203125,1220787
2026-07-14T12:00:00-04:00,29585.83203125,29585.83203125,29555.78125,29555.78125,1984298
2026-07-14T12:01:00-04:00,29551.82421875,29562.435546875,29544.955078125,29544.955078125,1896667
2026-07-14T12:02:00-04:00,29544.8125,29544.8125,29535.94921875,29538.341796875,2401587
2026-07-14T12:03:00-04:00,29536.779296875,29543.693359375,29522.958984375,29526.83203125,925276
2026-07-14T12:04:00-04:00,29526.04296875,29535.2734375,29521.955078125,29530.888671875,2490852
2026-07-14T12:05:00-04:00,29533.84765625,29542.673828125,29533.84765625,29537.115234375,843765
2026-07-14T12:06:00-04:00,29539.078125,29547.1484375,29533.390625,29545.212890625,1461770
2026-07-14T12:07:00-04:00,29546.640625,29546.640625,29516.6171875,29526.638671875,1964908
2026-07-14T12:08:00-04:00,29526.3125,29541.541015625,29526.3125,29541.541015625,1482653
2026-07-14T12:09:00-04:00,29542.630859375,29558.498046875,29542.630859375,29547.47265625,2146652
2026-07-14T12:10:00-04:00,29548.076171875,29549.109375,29532.0390625,29532.0390625,793442
2026-07-14T12:11:00-04:00,29532.79296875,29536.21484375,29525.74609375,29536.21484375,1728126
2026-07-14T12:12:00-04:00,29537.091796875,29543.138671875,29534.099609375,29534.576171875,1317107
2026-07-14T12:13:00-04:00,29532.31640625,29544.88671875,29531.724609375,29544.56640625,1262901
2026-07-14T12:14:00-04:00,29544.28515625,29548.90234375,29539.791015625,29539.791015625,1753010
2026-07-14T12:15:00-04:00,29535.23828125,29537.3671875,29510.8984375,29518.4375,928118
2026-07-14T12:16:00-04:00,29519.3515625,29527.904296875,29519.3515625,29526.341796875,2520729
2026-07-14T12:17:00-04:00,29527.94140625,29532.193359375,29522.005859375,29526.748046875,726013
2026-07-14T12:18:00-04:00,29528.265625,29536.62109375,29528.265625,29536.62109375,1210051
2026-07-14T12:19:00-04:00,29536.919921875,29548.9140625,29532.28125,29548.33203125,1446066
2026-07-14T12:20:00-04:00,29548.603515625,29561.21484375,29548.603515625,29552.080078125,1749071
2026-07-14T12:21:00-04:00,29549.03515625,29549.03515625,29538.90625,29544.951171875,2670596
2026-07-14T12:22:00-04:00,29551.791015625,29553.080078125,29544.93359375,29551.654296875,757498
2026-07-14T12:23:00-04:00,29546.54296875,29552.68359375,29533.818359375,29535.634765625,2509185
2026-07-14T12:24:00-04:00,29538.078125,29557.349609375,29538.078125,29556.9609375,873837
2026-07-14T12:25:00-04:00,29557.810546875,29568.28125,29557.810546875,29563.56640625,1720724
2026-07-14T12:26:00-04:00,29565.607421875,29569.732421875,29563.4375,29567.28125,1490646
2026-07-14T12:27:00-04:00,29567.587890625,29579.947265625,29567.587890625,29579.947265625,1441217
2026-07-14T12:28:00-04:00,29579.041015625,29581.30078125,29573.9609375,29579.22265625,1587698
2026-07-14T12:29:00-04:00,29580.310546875,29584.40625,29580.18359375,29581.361328125,1496958
2026-07-14T12:30:00-04:00,29581.111328125,29584.8046875,29577.787109375,29583.50390625,2443714
2026-07-14T12:31:00-04:00,29586.87109375,29590.263671875,29583.607421875,29584.69140625,742452
2026-07-14T12:32:00-04:00,29585.177734375,29587.31640625,29566.345703125,29566.345703125,2932789
2026-07-14T12:33:00-04:00,29559.287109375,29566.7578125,29554.3515625,29566.7578125,802116
2026-07-14T12:34:00-04:00,29566.986328125,29582.205078125,29566.412109375,29582.205078125,1686112
2026-07-14T12:35:00-04:00,29583.3125,29590.8984375,29583.3125,29585.599609375,1470949
2026-07-14T12:36:00-04:00,29585.857421875,29593.72265625,29579.755859375,29584.53515625,1513639
2026-07-14T12:37:00-04:00,29584.69921875,29584.69921875,29576.068359375,29576.466796875,2133583
2026-07-14T12:38:00-04:00,29573.2890625,29592.8359375,29569.279296875,29592.8359375,782712
2026-07-14T12:39:00-04:00,29591.658203125,29592.578125,29588.40625,29588.86328125,2075667
2026-07-14T12:40:00-04:00,29587.42578125,29596.568359375,29584.990234375,29596.1171875,881141
2026-07-14T12:41:00-04:00,29593.662109375,29606.515625,29593.662109375,29606.515625,1350209
2026-07-14T12:42:00-04:00,29606.4140625,29615.498046875,29605.240234375,29615.478515625,1585315
2026-07-14T12:43:00-04:00,29613.984375,29624.2109375,29613.732421875,29620.76953125,1913211
2026-07-14T12:44:00-04:00,29620.263671875,29620.73828125,29610.884765625,29611.134765625,1511441
2026-07-14T12:45:00-04:00,29611.4140625,29626.3984375,29611.4140625,29614.798828125,1453840
2026-07-14T12:46:00-04:00,29608.302734375,29608.302734375,29595.3125,29599.314453125,2143537
2026-07-14T12:47:00-04:00,29599.1640625,29604.40234375,29596.87890625,29600.33984375,1347113
2026-07-14T12:48:00-04:00,29597.896484375,29598.984375,29586.716796875,29595.669921875,1284162
2026-07-14T12:49:00-04:00,29595.431640625,29607.66796875,29594.86328125,29607.66796875,2115921
2026-07-14T12:50:00-04:00,29609.875,29612.849609375,29608.2109375,29609.615234375,656098
2026-07-14T12:51:00-04:00,29608.98046875,29614.18359375,29605.361328125,29614.18359375,2247566
2026-07-14T12:52:00-04:00,29613.470703125,29614.048828125,29609.1328125,29611.04296875,660452
2026-07-14T12:53:00-04:00,29611.828125,29619.54296875,29611.828125,29613.51953125,1362562
2026-07-14T12:54:00-04:00,29612.94140625,29613.60546875,29605.708984375,29605.708984375,1498815
2026-07-14T12:55:00-04:00,29607.056640625,29619.302734375,29607.056640625,29619.302734375,1423098
2026-07-14T12:56:00-04:00,29619.025390625,29619.78125,29616.005859375,29616.005859375,1325481
2026-07-14T12:57:00-04:00,29617.33984375,29618.720703125,29610.423828125,29618.720703125,1423941
2026-07-14T12:58:00-04:00,29618.509765625,29619.947265625,29610.326171875,29619.947265625,2099244
2026-07-14T12:59:00-04:00,29619.578125,29623.529296875,29619.578125,29623.529296875,578245
2026-07-14T13:00:00-04:00,29623.646484375,29633.451171875,29619.2265625,29632.6015625,2573855
2026-07-14T13:01:00-04:00,29633.115234375,29635.501953125,29629.984375,29635.501953125,1014483
2026-07-14T13:02:00-04:00,29635.392578125,29635.392578125,29632.369140625,29634.837890625,1688284
2026-07-14T13:03:00-04:00,29635.84765625,29635.84765625,29627.330078125,29630.84765625,1599582
2026-07-14T13:04:00-04:00,29630.64453125,29633.25390625,29618.595703125,29620.908203125,1789162
2026-07-14T13:05:00-04:00,29620.916015625,29624.697265625,29617.009765625,29624.697265625,2097021
2026-07-14T13:06:00-04:00,29625.89453125,29631.025390625,29620.03515625,29630.548828125,873106
2026-07-14T13:07:00-04:00,29630.396484375,29635.544921875,29629.662109375,29635.271484375,2131690
2026-07-14T13:08:00-04:00,29636.734375,29639.48046875,29635.125,29635.125,717223
2026-07-14T13:09:00-04:00,29634.939453125,29642.40625,29634.939453125,29642.40625,1546395
2026-07-14T13:10:00-04:00,29642.06640625,29642.841796875,29637.669921875,29642.841796875,1422558
2026-07-14T13:11:00-04:00,29643.55078125,29647.603515625,29636.779296875,29641.134765625,1215651
2026-07-14T13:12:00-04:00,29639.798828125,29642.650390625,29633.55078125,29640.77734375,1380767
2026-07-14T13:13:00-04:00,29640.3125,29641.287109375,29634.39453125,29635.162109375,1446159
2026-07-14T13:14:00-04:00,29633.923828125,29633.923828125,29620.806640625,29620.806640625,1923443
2026-07-14T13:15:00-04:00,29621.830078125,29627.107421875,29615.603515625,29618.271484375,912366
2026-07-14T13:16:00-04:00,29618.1171875,29622.322265625,29617.11328125,29619.400390625,2814196
2026-07-14T13:17:00-04:00,29617.060546875,29618.62109375,29611.64453125,29612.029296875,830380
2026-07-14T13:18:00-04:00,29611.599609375,29621.88671875,29611.599609375,29621.6171875,1631969
2026-07-14T13:19:00-04:00,29622.263671875,29633.572265625,29621.501953125,29633.18359375,1454582
2026-07-14T13:20:00-04:00,29634.4140625,29640.41015625,29634.4140625,29640.41015625,1695277
2026-07-14T13:21:00-04:00,29640.70703125,29647.837890625,29640.70703125,29647.837890625,2067285
2026-07-14T13:22:00-04:00,29651.03125,29651.21484375,29648.51171875,29650.0078125,661768
2026-07-14T13:23:00-04:00,29650.34765625,29656.98828125,29650.34765625,29653.947265625,1911322
2026-07-14T13:24:00-04:00,29655.078125,29659.697265625,29654.88671875,29655.7109375,1808449
2026-07-14T13:25:00-04:00,29657.46484375,29661.06640625,29654.357421875,29655.31640625,1305929
2026-07-14T13:26:00-04:00,29654.734375,29659.48828125,29654.734375,29659.48828125,1514663
2026-07-14T13:27:00-04:00,29660.6640625,29660.6640625,29653.650390625,29655.53125,529503
2026-07-14T13:28:00-04:00,29656.896484375,29657.3515625,29649.21875,29653.2421875,1863421
2026-07-14T13:29:00-04:00,29653.328125,29653.328125,29646.267578125,29648.404296875,555014
2026-07-14T13:30:00-04:00,29650.908203125,29657.892578125,29650.1796875,29656.734375,1616309
2026-07-14T13:31:00-04:00,29656.5234375,29658.74609375,29654.154296875,29657.5625,1544645
2026-07-14T13:32:00-04:00,29657.3984375,29657.3984375,29638.451171875,29638.451171875,1475492
2026-07-14T13:33:00-04:00,29637.380859375,29642.19921875,29633.857421875,29636.474609375,2362632
2026-07-14T13:34:00-04:00,29634.984375,29637.587890625,29633.84375,29634.71484375,918166
2026-07-14T13:35:00-04:00,29631.05078125,29631.05078125,29620.81640625,29628.943359375,2019885
2026-07-14T13:36:00-04:00,29630.603515625,29634.212890625,29627.857421875,29627.88671875,639715
2026-07-14T13:37:00-04:00,29629.681640625,29638.62890625,29628.654296875,29638.62890625,1207851
2026-07-14T13:38:00-04:00,29639.947265625,29644.3515625,29639.947265625,29644.30078125,1142684
2026-07-14T13:39:00-04:00,29643.86328125,29650.572265625,29643.86328125,29648.080078125,1163798
2026-07-14T13:40:00-04:00,29648.732421875,29652.818359375,29646.328125,29652.087890625,1213506
2026-07-14T13:41:00-04:00,29652.333984375,29654.412109375,29646.12109375,29646.12109375,1080717
2026-07-14T13:42:00-04:00,29645.583984375,29648.111328125,29642.591796875,29643.541015625,1707905
2026-07-14T13:43:00-04:00,29638.638671875,29650.876953125,29638.638671875,29649.90625,778661
2026-07-14T13:44:00-04:00,29648.806640625,29652.771484375,29644.41796875,29645.513671875,1708634
2026-07-14T13:45:00-04:00,29645.552734375,29649.013671875,29638.359375,29639.0703125,706202
2026-07-14T13:46:00-04:00,29639.44140625,29639.44140625,29635.904296875,29636.798828125,1452187
2026-07-14T13:47:00-04:00,29637.380859375,29640.1484375,29629.482421875,29640.05078125,1433134
2026-07-14T13:48:00-04:00,29639.244140625,29653.626953125,29639.244140625,29653.626953125,1104307
2026-07-14T13:49:00-04:00,29653.048828125,29653.048828125,29646.123046875,29647.734375,2153820
2026-07-14T13:50:00-04:00,29647.482421875,29655.990234375,29647.482421875,29655.990234375,617768
2026-07-14T13:51:00-04:00,29655.7109375,29658.095703125,29651.748046875,29658.095703125,2139529
2026-07-14T13:52:00-04:00,29658.22265625,29662.857421875,29658.22265625,29658.68359375,866123
2026-07-14T13:53:00-04:00,29658.21484375,29661.5703125,29656.546875,29656.546875,1375868
2026-07-14T13:54:00-04:00,29656.041015625,29661.685546875,29655.970703125,29659.484375,1241973
2026-07-14T13:55:00-04:00,29660.5078125,29660.5078125,29655.392578125,29656.197265625,1296838
2026-07-14T13:56:00-04:00,29657.109375,29660.826171875,29657.109375,29659.279296875,1220678
2026-07-14T13:57:00-04:00,29659.478515625,29660.369140625,29654.81640625,29659.31640625,1249415
2026-07-14T13:58:00-04:00,29659.283203125,29662.62890625,29659.11328125,29661.611328125,1769256
2026-07-14T13:59:00-04:00,29660.884765625,29663.16015625,29660.078125,29662.138671875,549875
2026-07-14T14:00:00-04:00,29661.48046875,29661.77734375,29643.505859375,29645.16015625,1236945
2026-07-14T14:01:00-04:00,29645.080078125,29652.59375,29643.19140625,29651.62109375,2359600
2026-07-14T14:02:00-04:00,29650.3671875,29655.103515625,29647.318359375,29655.103515625,1087552
2026-07-14T14:03:00-04:00,29655.22265625,29660.78515625,29654.560546875,29660.052734375,3169989
2026-07-14T14:04:00-04:00,29663.46484375,29663.94140625,29660.29296875,29660.59375,683581
2026-07-14T14:05:00-04:00,29661.43359375,29663.541015625,29659.3359375,29659.599609375,1164842
2026-07-14T14:06:00-04:00,29659.087890625,29659.087890625,29650.02734375,29652.1953125,1424006
2026-07-14T14:07:00-04:00,29651.638671875,29651.638671875,29647.12109375,29650.947265625,1261640
2026-07-14T14:08:00-04:00,29653.923828125,29662.017578125,29653.923828125,29660.646484375,1651734
2026-07-14T14:09:00-04:00,29660.5234375,29662.76171875,29660.49609375,29662.34765625,1375620
2026-07-14T14:10:00-04:00,29663.7734375,29667.578125,29663.658203125,29665.97265625,3085432
2026-07-14T14:11:00-04:00,29666.20703125,29666.20703125,29660.716796875,29663.193359375,615810
2026-07-14T14:12:00-04:00,29663.744140625,29665.72265625,29663.744140625,29665.72265625,2211116
2026-07-14T14:13:00-04:00,29664.59375,29666.73046875,29662.408203125,29666.73046875,767992
2026-07-14T14:14:00-04:00,29665.68359375,29667.5546875,29665.03125,29666.556640625,1147842
2026-07-14T14:15:00-04:00,29666.63671875,29675.587890625,29665.271484375,29665.271484375,1185362
2026-07-14T14:16:00-04:00,29666.56640625,29670.361328125,29666.287109375,29668.529296875,1373602
2026-07-14T14:17:00-04:00,29668.11328125,29668.11328125,29662.71484375,29664.658203125,1887239
2026-07-14T14:18:00-04:00,29663.6953125,29665.908203125,29661.51171875,29665.908203125,610221
2026-07-14T14:19:00-04:00,29665.447265625,29666.53125,29663.671875,29665.494140625,1890808
2026-07-14T14:20:00-04:00,29665.537109375,29665.537109375,29658.541015625,29665.509765625,678118
2026-07-14T14:21:00-04:00,29665.515625,29670.5234375,29664.42578125,29666.576171875,1288638
2026-07-14T14:22:00-04:00,29665.990234375,29667.654296875,29662.4921875,29666.92578125,1193361
2026-07-14T14:23:00-04:00,29666.3515625,29667.1328125,29663.87109375,29665.6640625,1488902
2026-07-14T14:24:00-04:00,29665.869140625,29665.869140625,29651.095703125,29652.515625,1650623
2026-07-14T14:25:00-04:00,29653.62109375,29662.3984375,29646.51171875,29661.53125,1758782
2026-07-14T14:26:00-04:00,29661.033203125,29663.248046875,29657.09765625,29660.603515625,2602638
2026-07-14T14:27:00-04:00,29662.17578125,29662.17578125,29654.26171875,29655.3984375,716809
2026-07-14T14:28:00-04:00,29655.6953125,29661.646484375,29655.640625,29660.056640625,2465490
2026-07-14T14:29:00-04:00,29659.443359375,29659.443359375,29648.791015625,29650.900390625,1115834
2026-07-14T14:30:00-04:00,29651.75390625,29654.646484375,29648.076171875,29648.576171875,1366166
2026-07-14T14:31:00-04:00,29648.068359375,29654.63671875,29648.068359375,29654.63671875,1433642
2026-07-14T14:32:00-04:00,29655.748046875,29655.748046875,29647.763671875,29653.41796875,1495316
2026-07-14T14:33:00-04:00,29654.615234375,29659.73046875,29653.560546875,29658.255859375,3260555
2026-07-14T14:34:00-04:00,29657.48046875,29660.986328125,29656.18359375,29660.986328125,910094
2026-07-14T14:35:00-04:00,29662.390625,29668.05078125,29662.390625,29666.9921875,1602813
2026-07-14T14:36:00-04:00,29667.373046875,29667.373046875,29662.443359375,29662.9921875,1613322
2026-07-14T14:37:00-04:00,29661.435546875,29666.12890625,29644.697265625,29652.56640625,1543729
2026-07-14T14:38:00-04:00,29653.671875,29653.671875,29643.16015625,29645.818359375,2964775
2026-07-14T14:39:00-04:00,29645.5625,29653.0390625,29645.5625,29651.638671875,621183
2026-07-14T14:40:00-04:00,29649.1484375,29649.1484375,29640.388671875,29641.056640625,2113968
2026-07-14T14:41:00-04:00,29641.263671875,29641.263671875,29621.0390625,29625.755859375,1461745
2026-07-14T14:42:00-04:00,29628.310546875,29628.580078125,29615.287109375,29623.439453125,2241582
2026-07-14T14:43:00-04:00,29623.58984375,29624.42578125,29613.44140625,29613.44140625,1283040
2026-07-14T14:44:00-04:00,29615.408203125,29623.28125,29614.95703125,29623.150390625,1743336
2026-07-14T14:45:00-04:00,29623.61328125,29623.61328125,29615.173828125,29615.861328125,1818377
2026-07-14T14:46:00-04:00,29616.9609375,29627.5859375,29616.9609375,29627.505859375,658547
2026-07-14T14:47:00-04:00,29628.83984375,29635.275390625,29628.83984375,29634.380859375,2218390
2026-07-14T14:48:00-04:00,29634.119140625,29634.119140625,29627.890625,29627.890625,618996
2026-07-14T14:49:00-04:00,29628.373046875,29628.373046875,29615.646484375,29615.646484375,1439457
2026-07-14T14:50:00-04:00,29615.166015625,29617.9765625,29612.595703125,29613.748046875,1195053
2026-07-14T14:51:00-04:00,29614.47265625,29623.3046875,29614.216796875,29621.697265625,1219124
2026-07-14T14:52:00-04:00,29622.953125,29633.087890625,29621.6875,29631.822265625,1644346
2026-07-14T14:53:00-04:00,29631.416015625,29641.203125,29630.41015625,29640.04296875,1591401
2026-07-14T14:54:00-04:00,29640.349609375,29640.349609375,29633.376953125,29636.435546875,2060348
2026-07-14T14:55:00-04:00,29636.2734375,29636.2734375,29627.15234375,29629.21875,767728
2026-07-14T14:56:00-04:00,29628.408203125,29630.96484375,29628.1796875,29629.201171875,2191173
2026-07-14T14:57:00-04:00,29627.654296875,29629.234375,29623.494140625,29623.494140625,781218
2026-07-14T14:58:00-04:00,29623.23046875,29625.119140625,29620.81640625,29624.560546875,1459261
2026-07-14T14:59:00-04:00,29626.54296875,29626.54296875,29621.765625,29624.599609375,1389326
2026-07-14T15:00:00-04:00,29623.36328125,29626.5234375,29619.2109375,29623.546875,1856545
2026-07-14T15:01:00-04:00,29622.267578125,29622.267578125,29605.474609375,29605.474609375,2541665
2026-07-14T15:02:00-04:00,29603.49609375,29603.49609375,29593.58203125,29598.73046875,980174
2026-07-14T15:03:00-04:00,29597.484375,29604.203125,29594.47265625,29596.822265625,2315571
2026-07-14T15:04:00-04:00,29595.93359375,29598.501953125,29593.693359375,29594.60546875,1027558
2026-07-14T15:05:00-04:00,29594.982421875,29594.982421875,29591.498046875,29593.28125,1420468
2026-07-14T15:06:00-04:00,29593.361328125,29599.30078125,29592.9921875,29599.30078125,1292044
2026-07-14T15:07:00-04:00,29598.669921875,29598.669921875,29580.830078125,29585.185546875,1304627
2026-07-14T15:08:00-04:00,29588.201171875,29598.388671875,29587.318359375,29596.4921875,1623930
2026-07-14T15:09:00-04:00,29599.380859375,29599.380859375,29589.9609375,29589.9609375,1282922
2026-07-14T15:10:00-04:00,29587.767578125,29595.3125,29583.236328125,29595.3125,2327265
2026-07-14T15:11:00-04:00,29596.55078125,29599.095703125,29592.33984375,29595.271484375,935639
2026-07-14T15:12:00-04:00,29597.310546875,29608.634765625,29597.310546875,29608.634765625,1510925
2026-07-14T15:13:00-04:00,29608.98828125,29618.712890625,29606.35546875,29618.712890625,1658139
2026-07-14T15:14:00-04:00,29618.7578125,29620.5859375,29611.9375,29612.615234375,1742421
2026-07-14T15:15:00-04:00,29613.916015625,29620.728515625,29612.515625,29620.564453125,1610710
2026-07-14T15:16:00-04:00,29620.228515625,29623.908203125,29617.80859375,29618.140625,1485072
2026-07-14T15:17:00-04:00,29616.443359375,29622.71484375,29616.25,29622.71484375,1496637
2026-07-14T15:18:00-04:00,29623.08203125,29625.548828125,29614.134765625,29618.083984375,2639304
2026-07-14T15:19:00-04:00,29616.98046875,29618.984375,29616.814453125,29618.984375,686775
2026-07-14T15:20:00-04:00,29619.626953125,29619.626953125,29613.75390625,29617.544921875,2373465
2026-07-14T15:21:00-04:00,29618.794921875,29628.65625,29618.794921875,29628.65625,920438
2026-07-14T15:22:00-04:00,29629.5859375,29637.703125,29629.5859375,29635.126953125,1609184
2026-07-14T15:23:00-04:00,29635.181640625,29637.3203125,29631.705078125,29632.78125,1562342
2026-07-14T15:24:00-04:00,29632.701171875,29635.265625,29630.17578125,29635.091796875,1469165
2026-07-14T15:25:00-04:00,29635.287109375,29635.8515625,29625.484375,29625.484375,1423777
2026-07-14T15:26:00-04:00,29625.8046875,29630.490234375,29624.244140625,29628.03125,1579393
2026-07-14T15:27:00-04:00,29627.7578125,29628.462890625,29621.62109375,29622.619140625,1754824
2026-07-14T15:28:00-04:00,29620.1328125,29620.1328125,29611.478515625,29613.548828125,1775133
2026-07-14T15:29:00-04:00,29613.05859375,29614.36328125,29595.259765625,29595.259765625,2975076
2026-07-14T15:30:00-04:00,29579.02734375,29587.953125,29577.21484375,29582.587890625,3596714
2026-07-14T15:31:00-04:00,29579.658203125,29586.73046875,29572.314453125,29585.19140625,1256205
2026-07-14T15:32:00-04:00,29585.3828125,29593.4609375,29582.78515625,29588.66015625,3169455
2026-07-14T15:33:00-04:00,29589.140625,29600.009765625,29584.755859375,29598.96484375,1008074
2026-07-14T15:34:00-04:00,29599.5859375,29601.193359375,29594.96484375,29600.271484375,2595335
2026-07-14T15:35:00-04:00,29599.498046875,29600.80078125,29593.234375,29593.234375,3290061
2026-07-14T15:36:00-04:00,29591.703125,29604.814453125,29589.927734375,29604.814453125,4091003
2026-07-14T15:37:00-04:00,29605.28515625,29608.279296875,29600.548828125,29604.177734375,4264662
2026-07-14T15:38:00-04:00,29603.841796875,29605.84765625,29590.044921875,29590.044921875,1080437
2026-07-14T15:39:00-04:00,29591.560546875,29596.36328125,29586.326171875,29590.083984375,1886830
2026-07-14T15:40:00-04:00,29589.66796875,29596.751953125,29588.578125,29591.470703125,2314150
2026-07-14T15:41:00-04:00,29591.408203125,29598.880859375,29590.591796875,29596.076171875,2196218
2026-07-14T15:42:00-04:00,29596.41796875,29604.92578125,29594.76953125,29601.216796875,3441722
2026-07-14T15:43:00-04:00,29603.55078125,29607.404296875,29599.044921875,29607.296875,1100259
2026-07-14T15:44:00-04:00,29608.068359375,29613.48828125,29607.919921875,29609.912109375,3475489
2026-07-14T15:45:00-04:00,29610.640625,29616.09765625,29610.640625,29615.146484375,1614444
2026-07-14T15:46:00-04:00,29616.4609375,29616.556640625,29611.580078125,29612.365234375,2298285
2026-07-14T15:47:00-04:00,29610.501953125,29614.45703125,29609.080078125,29609.9609375,2476380
2026-07-14T15:48:00-04:00,29607.79296875,29614.982421875,29607.79296875,29612.865234375,2369596
2026-07-14T15:49:00-04:00,29613.13671875,29621.30078125,29611.611328125,29619.375,4073023
2026-07-14T15:50:00-04:00,29600.638671875,29612.982421875,29596.609375,29608.5,2919901
2026-07-14T15:51:00-04:00,29608.166015625,29616.59375,29602.466796875,29614.552734375,4997696
2026-07-14T15:52:00-04:00,29617.796875,29627.4609375,29617.796875,29626.236328125,3848477
2026-07-14T15:53:00-04:00,29626.865234375,29630.80078125,29616.640625,29616.84765625,4108403
2026-07-14T15:54:00-04:00,29604.48828125,29614.826171875,29601.841796875,29601.841796875,9019437
2026-07-14T15:55:00-04:00,29602.53515625,29604.314453125,29599.146484375,29599.486328125,3689978
2026-07-14T15:56:00-04:00,29601.29296875,29605.703125,29599.439453125,29604.244140625,8185601
2026-07-14T15:57:00-04:00,29605.119140625,29609.337890625,29599.578125,29609.337890625,2750823
2026-07-14T15:58:00-04:00,29606.01171875,29613.205078125,29600.69921875,29606.509765625,5602238
2026-07-14T15:59:00-04:00,29603.25390625,29603.92578125,29580.0390625,29588.03515625,6000563
2026-07-15T09:30:00-04:00,29771.88671875,29771.88671875,29748.373046875,29752.24609375,0
2026-07-15T09:31:00-04:00,29752.0078125,29758.275390625,29724.548828125,29730.9765625,11369492
2026-07-15T09:32:00-04:00,29740.9921875,29740.9921875,29722.693359375,29723.2421875,7140394
2026-07-15T09:33:00-04:00,29723.91796875,29728.33984375,29715.47265625,29728.33984375,5933776
2026-07-15T09:34:00-04:00,29734.009765625,29755.5703125,29734.009765625,29754.15234375,5361552
2026-07-15T09:35:00-04:00,29754.064453125,29765.671875,29722.4140625,29722.4140625,6896847
2026-07-15T09:36:00-04:00,29725.73828125,29726.5234375,29711.6953125,29724.61328125,5442976
2026-07-15T09:37:00-04:00,29729.30859375,29735.19921875,29684.380859375,29684.380859375,5490578
2026-07-15T09:38:00-04:00,29677.29296875,29682.3203125,29663.265625,29679.162109375,4708848
2026-07-15T09:39:00-04:00,29684.5859375,29685.646484375,29668.646484375,29684.27734375,4300864
2026-07-15T09:40:00-04:00,29680.68359375,29680.68359375,29643.666015625,29651.978515625,4291287
2026-07-15T09:41:00-04:00,29649.58984375,29660.076171875,29646.728515625,29649.552734375,4026820
2026-07-15T09:42:00-04:00,29651.703125,29662.40234375,29651.703125,29657.69140625,3948203
2026-07-15T09:43:00-04:00,29655.72265625,29677.267578125,29654.1171875,29677.267578125,4200494
2026-07-15T09:44:00-04:00,29675.9765625,29680.59375,29634.01953125,29634.01953125,3609752
2026-07-15T09:45:00-04:00,29622.748046875,29641.568359375,29622.748046875,29637.4921875,4191930
2026-07-15T09:46:00-04:00,29631.7578125,29631.7578125,29604.6171875,29605.080078125,4498417
2026-07-15T09:47:00-04:00,29610.373046875,29617.193359375,29586.2734375,29593.15234375,3869958
2026-07-15T09:48:00-04:00,29594.443359375,29607.5859375,29588.865234375,29591.146484375,4316008
2026-07-15T09:49:00-04:00,29590.4296875,29590.4296875,29577.44140625,29577.44140625,3608759
2026-07-15T09:50:00-04:00,29588.171875,29588.171875,29557.927734375,29562.021484375,3692170
2026-07-15T09:51:00-04:00,29569.111328125,29569.111328125,29553.53125,29558.443359375,4243716
2026-07-15T09:52:00-04:00,29557.181640625,29593.4609375,29557.181640625,29586.45703125,4181115
2026-07-15T09:53:00-04:00,29589.38671875,29589.38671875,29562.4765625,29572.751953125,3760901
2026-07-15T09:54:00-04:00,29566.16796875,29599.80078125,29566.16796875,29599.80078125,3131846
2026-07-15T09:55:00-04:00,29601.705078125,29603.203125,29592.546875,29595.296875,3705092
2026-07-15T09:56:00-04:00,29596.271484375,29608.91015625,29591.310546875,29591.310546875,3309251
2026-07-15T09:57:00-04:00,29601.6171875,29614.412109375,29601.6171875,29606.001953125,3431549
2026-07-15T09:58:00-04:00,29606.75,29616.134765625,29604.205078125,29606.12890625,3323718
2026-07-15T09:59:00-04:00,29612.08984375,29618.962890625,29609.7578125,29618.962890625,3480236
2026-07-15T10:00:00-04:00,29642.8515625,29652.103515625,29635.884765625,29642.53515625,4418379
2026-07-15T10:01:00-04:00,29646.333984375,29649.302734375,29635.95703125,29648.810546875,3657786
2026-07-15T10:02:00-04:00,29652.03515625,29665.29296875,29640.865234375,29646.83203125,3162535
2026-07-15T10:03:00-04:00,29642.927734375,29667.662109375,29642.927734375,29659.330078125,3344989
2026-07-15T10:04:00-04:00,29660.806640625,29662.642578125,29643.228515625,29643.228515625,2803326
2026-07-15T10:05:00-04:00,29650.5546875,29650.5546875,29633.57421875,29637.916015625,3853975
2026-07-15T10:06:00-04:00,29638.6953125,29683.544921875,29638.6953125,29683.544921875,3488261
2026-07-15T10:07:00-04:00,29686.357421875,29688.869140625,29682.84375,29688.869140625,3315426
2026-07-15T10:08:00-04:00,29686.80859375,29690.37109375,29681.27734375,29682.267578125,2836410
2026-07-15T10:09:00-04:00,29677.95703125,29684.615234375,29656.86328125,29659.380859375,2911902
2026-07-15T10:10:00-04:00,29660.96875,29670.48046875,29652.681640625,29664.18359375,3460928
2026-07-15T10:11:00-04:00,29659.361328125,29659.953125,29641.716796875,29652.21875,4191270
2026-07-15T10:12:00-04:00,29651.095703125,29655.435546875,29640.91015625,29652.10546875,2938825
2026-07-15T10:13:00-04:00,29653.27734375,29653.27734375,29637.583984375,29638.21484375,3417202
2026-07-15T10:14:00-04:00,29642.201171875,29642.201171875,29608.470703125,29608.470703125,3864160
2026-07-15T10:15:00-04:00,29602.9921875,29618.806640625,29591.63671875,29597.27734375,3710294
2026-07-15T10:16:00-04:00,29591.673828125,29613.83984375,29591.673828125,29611.59375,4467541
2026-07-15T10:17:00-04:00,29614.2109375,29624.8203125,29614.2109375,29619.345703125,3237081
2026-07-15T10:18:00-04:00,29613.30859375,29613.30859375,29596.83203125,29596.83203125,3318488
2026-07-15T10:19:00-04:00,29593.25,29614.513671875,29593.25,29599.984375,3843447
2026-07-15T10:20:00-04:00,29592.216796875,29592.216796875,29554.880859375,29555.16796875,4267324
2026-07-15T10:21:00-04:00,29558.662109375,29565.642578125,29548.943359375,29557.84375,4168260
2026-07-15T10:22:00-04:00,29563.734375,29563.734375,29548.4140625,29549.193359375,3321492
2026-07-15T10:23:00-04:00,29550.6875,29550.6875,29496.36328125,29496.36328125,3837636
2026-07-15T10:24:00-04:00,29501.107421875,29501.107421875,29457.595703125,29471.7578125,4742934
2026-07-15T10:25:00-04:00,29473.833984375,29473.916015625,29451.568359375,29465.4609375,3933853
2026-07-15T10:26:00-04:00,29456.03515625,29466.681640625,29447.703125,29463.669921875,3886556
2026-07-15T10:27:00-04:00,29472.875,29490.974609375,29465.521484375,29490.974609375,3356634
2026-07-15T10:28:00-04:00,29494.474609375,29512.08203125,29489.26171875,29494.078125,3532372
2026-07-15T10:29:00-04:00,29499.26171875,29527.376953125,29499.26171875,29525.845703125,3251034
2026-07-15T10:30:00-04:00,29527.2734375,29532.861328125,29508.93359375,29511.583984375,3392707
2026-07-15T10:31:00-04:00,29510.6015625,29513.5546875,29473.705078125,29473.705078125,3652615
2026-07-15T10:32:00-04:00,29473.837890625,29480.056640625,29450.8203125,29471.970703125,4031779
2026-07-15T10:33:00-04:00,29478.064453125,29500.677734375,29478.064453125,29500.677734375,3732891
2026-07-15T10:34:00-04:00,29508.177734375,29511.3359375,29488.279296875,29488.279296875,2863930
2026-07-15T10:35:00-04:00,29489.7421875,29497.458984375,29471.919921875,29475.140625,2855703
2026-07-15T10:36:00-04:00,29478.1015625,29478.1015625,29448.24609375,29448.24609375,3624358
2026-07-15T10:37:00-04:00,29429.205078125,29429.205078125,29410.666015625,29410.666015625,4108618
2026-07-15T10:38:00-04:00,29399.89453125,29416.078125,29397.107421875,29404.447265625,3771901
2026-07-15T10:39:00-04:00,29401.130859375,29402.23046875,29388.052734375,29401.802734375,3926173
2026-07-15T10:40:00-04:00,29396.53515625,29415.0546875,29389.1875,29415.0546875,3637220
2026-07-15T10:41:00-04:00,29395.974609375,29417.9140625,29393.25,29399.318359375,4366731
2026-07-15T10:42:00-04:00,29401.373046875,29401.373046875,29342.27734375,29342.27734375,3831861
2026-07-15T10:43:00-04:00,29346.51953125,29374.6640625,29345.81640625,29370.560546875,4053318
2026-07-15T10:44:00-04:00,29379.044921875,29402.546875,29377.716796875,29398.5078125,3692854
2026-07-15T10:45:00-04:00,29391.13671875,29392.357421875,29370.904296875,29370.904296875,2863348
2026-07-15T10:46:00-04:00,29374.40234375,29402.2890625,29366.76171875,29400.720703125,3109473
2026-07-15T10:47:00-04:00,29399.765625,29417.232421875,29399.765625,29415.453125,3314123
2026-07-15T10:48:00-04:00,29413.5703125,29424.873046875,29398.58203125,29424.490234375,2698831
2026-07-15T10:49:00-04:00,29426.7734375,29444.73828125,29425.541015625,29444.73828125,2697950
2026-07-15T10:50:00-04:00,29439.296875,29441.65625,29421.0859375,29422.810546875,3118131
2026-07-15T10:51:00-04:00,29420.193359375,29420.193359375,29399.85546875,29401.431640625,2483055
2026-07-15T10:52:00-04:00,29409.4140625,29427.369140625,29398.3125,29410.04296875,2324398
2026-07-15T10:53:00-04:00,29405.111328125,29414.990234375,29404.51953125,29414.951171875,2309920
2026-07-15T10:54:00-04:00,29413.6875,29413.6875,29380.11328125,29393.28515625,2367668
2026-07-15T10:55:00-04:00,29400.19140625,29414.560546875,29389.548828125,29390.41015625,2425557
2026-07-15T10:56:00-04:00,29396.474609375,29416.7109375,29391.916015625,29416.0078125,2900793
2026-07-15T10:57:00-04:00,29418.765625,29424.267578125,29414.923828125,29414.923828125,1972844
2026-07-15T10:58:00-04:00,29409.943359375,29414.796875,29396.919921875,29405.208984375,2291518
2026-07-15T10:59:00-04:00,29402.083984375,29429.11328125,29402.083984375,29428.44140625,2083558
2026-07-15T11:00:00-04:00,29429.80078125,29434.724609375,29413.265625,29417.630859375,2896551
2026-07-15T11:01:00-04:00,29413.630859375,29413.630859375,29395.94140625,29396.521484375,2496419
2026-07-15T11:02:00-04:00,29391.416015625,29408.3046875,29391.416015625,29402.599609375,2477657
2026-07-15T11:03:00-04:00,29407.1953125,29407.1953125,29393.240234375,29402.833984375,2429773
2026-07-15T11:04:00-04:00,29395.341796875,29395.341796875,29385.53125,29385.53125,2034810
2026-07-15T11:05:00-04:00,29388.5,29406.95703125,29381.8828125,29406.95703125,2336137
2026-07-15T11:06:00-04:00,29412.64453125,29413.806640625,29400.77734375,29413.806640625,2407431
2026-07-15T11:07:00-04:00,29417.41015625,29427.609375,29408.9296875,29427.609375,2715380
2026-07-15T11:08:00-04:00,29428.955078125,29445.025390625,29428.955078125,29441.9296875,2377077
2026-07-15T11:09:00-04:00,29442.791015625,29451.369140625,29442.791015625,29450.802734375,2771314
2026-07-15T11:10:00-04:00,29453.90625,29458.8125,29435.2421875,29443.05859375,2546217
2026-07-15T11:11:00-04:00,29437.41796875,29437.41796875,29426.76171875,29426.76171875,2411324
2026-07-15T11:12:00-04:00,29431.19921875,29432.6796875,29408.7421875,29408.7421875,2437532
2026-07-15T11:13:00-04:00,29410.431640625,29427.181640625,29410.431640625,29414.0546875,2463615
2026-07-15T11:14:00-04:00,29415.517578125,29416.74609375,29389.251953125,29389.251953125,2134591
2026-07-15T11:15:00-04:00,29389.35546875,29389.35546875,29366.623046875,29367.873046875,3065660
2026-07-15T11:16:00-04:00,29374.0,29374.0,29350.83984375,29352.171875,3352778
2026-07-15T11:17:00-04:00,29340.279296875,29376.87109375,29340.279296875,29376.87109375,3705991
2026-07-15T11:18:00-04:00,29375.19140625,29393.255859375,29375.19140625,29390.138671875,2710233
2026-07-15T11:19:00-04:00,29401.537109375,29402.640625,29396.126953125,29402.640625,2241682
2026-07-15T11:20:00-04:00,29396.474609375,29398.306640625,29381.671875,29391.802734375,3327173
2026-07-15T11:21:00-04:00,29393.689453125,29393.689453125,29375.05078125,29376.326171875,2370625
2026-07-15T11:22:00-04:00,29373.248046875,29373.248046875,29353.8203125,29357.623046875,2905399
2026-07-15T11:23:00-04:00,29354.19921875,29361.263671875,29342.98046875,29346.166015625,2688892
2026-07-15T11:24:00-04:00,29349.28515625,29370.5390625,29347.232421875,29368.75,3021599
2026-07-15T11:25:00-04:00,29382.634765625,29397.033203125,29374.06640625,29383.759765625,3148016
2026-07-15T11:26:00-04:00,29387.439453125,29401.734375,29387.439453125,29395.64453125,2414854
2026-07-15T11:27:00-04:00,29395.390625,29400.310546875,29394.0,29394.0,2406837
2026-07-15T11:28:00-04:00,29403.951171875,29427.7421875,29398.19921875,29422.037109375,2224019
2026-07-15T11:29:00-04:00,29421.302734375,29440.10546875,29420.71875,29440.10546875,2539734
2026-07-15T11:30:00-04:00,29442.0078125,29442.0078125,29431.099609375,29431.099609375,2532437
2026-07-15T11:31:00-04:00,29428.150390625,29428.150390625,29416.26171875,29416.26171875,2929058
2026-07-15T11:32:00-04:00,29418.92578125,29441.39453125,29418.92578125,29440.486328125,2065951
2026-07-15T11:33:00-04:00,29444.634765625,29453.958984375,29444.634765625,29449.53515625,2589129
2026-07-15T11:34:00-04:00,29446.287109375,29446.287109375,29434.90234375,29435.771484375,2367963
2026-07-15T11:35:00-04:00,29431.828125,29432.439453125,29395.41796875,29400.6640625,2203064
2026-07-15T11:36:00-04:00,29407.2265625,29437.751953125,29407.2265625,29437.751953125,3169073
2026-07-15T11:37:00-04:00,29438.732421875,29444.716796875,29431.78515625,29435.216796875,1847751
2026-07-15T11:38:00-04:00,29440.107421875,29443.671875,29436.359375,29441.232421875,1996831
2026-07-15T11:39:00-04:00,29444.5,29446.611328125,29436.203125,29443.1171875,1958630
2026-07-15T11:40:00-04:00,29445.501953125,29450.962890625,29434.08984375,29435.203125,1634487
2026-07-15T11:41:00-04:00,29431.974609375,29441.01171875,29431.697265625,29441.01171875,1864980
2026-07-15T11:42:00-04:00,29441.9140625,29445.064453125,29432.517578125,29438.283203125,1811348
2026-07-15T11:43:00-04:00,29434.91796875,29434.91796875,29422.931640625,29425.916015625,1690485
2026-07-15T11:44:00-04:00,29420.193359375,29420.193359375,29406.208984375,29413.201171875,2336974
2026-07-15T11:45:00-04:00,29410.162109375,29410.162109375,29397.853515625,29397.853515625,2817717
2026-07-15T11:46:00-04:00,29398.611328125,29398.611328125,29387.39453125,29396.021484375,2197718
2026-07-15T11:47:00-04:00,29399.755859375,29403.478515625,29383.4765625,29384.423828125,1956392
2026-07-15T11:48:00-04:00,29382.87890625,29389.310546875,29380.3125,29389.310546875,2111408
2026-07-15T11:49:00-04:00,29389.0390625,29403.396484375,29389.0390625,29393.919921875,1919974
2026-07-15T11:50:00-04:00,29393.22265625,29393.22265625,29369.982421875,29370.91796875,2518805
2026-07-15T11:51:00-04:00,29368.943359375,29376.76953125,29364.853515625,29371.119140625,1932041
2026-07-15T11:52:00-04:00,29371.451171875,29375.953125,29369.294921875,29370.9921875,2403836
2026-07-15T11:53:00-04:00,29374.1015625,29383.607421875,29363.61328125,29383.607421875,1721532
2026-07-15T11:54:00-04:00,29388.669921875,29388.669921875,29370.046875,29376.806640625,1734652
2026-07-15T11:55:00-04:00,29381.685546875,29382.123046875,29376.68359375,29376.94140625,1966652
2026-07-15T11:56:00-04:00,29380.556640625,29380.556640625,29370.138671875,29371.669921875,1855367
2026-07-15T11:57:00-04:00,29377.875,29378.076171875,29370.630859375,29370.630859375,1683714
2026-07-15T11:58:00-04:00,29368.826171875,29387.185546875,29368.826171875,29387.185546875,1711858
2026-07-15T11:59:00-04:00,29387.357421875,29387.357421875,29382.173828125,29382.173828125,1913922
2026-07-15T12:00:00-04:00,29376.91796875,29393.798828125,29376.91796875,29378.4609375,3897571
2026-07-15T12:01:00-04:00,29376.94140625,29376.94140625,29345.439453125,29347.001953125,1598277
2026-07-15T12:02:00-04:00,29347.966796875,29348.611328125,29335.134765625,29336.822265625,3523044
2026-07-15T12:03:00-04:00,29333.791015625,29336.451171875,29316.818359375,29316.818359375,1430141
2026-07-15T12:04:00-04:00,29318.220703125,29328.833984375,29318.095703125,29328.833984375,3716255
2026-07-15T12:05:00-04:00,29329.4375,29329.4375,29305.216796875,29305.216796875,3242117
2026-07-15T12:06:00-04:00,29303.15625,29305.9140625,29290.2578125,29290.51171875,8740007
2026-07-15T12:07:00-04:00,29293.46875,29299.595703125,29282.025390625,29282.025390625,3536240
2026-07-15T12:08:00-04:00,29284.09375,29285.607421875,29276.7890625,29285.607421875,4643308
2026-07-15T12:09:00-04:00,29290.861328125,29312.900390625,29290.861328125,29312.19140625,1778696
2026-07-15T12:10:00-04:00,29312.357421875,29315.96875,29302.310546875,29310.330078125,4659982
2026-07-15T12:11:00-04:00,29301.021484375,29302.80078125,29289.27734375,29293.6640625,1860100
2026-07-15T12:12:00-04:00,29290.63671875,29301.845703125,29281.689453125,29301.845703125,3066173
2026-07-15T12:13:00-04:00,29303.154296875,29306.2890625,29278.404296875,29278.791015625,2656948
2026-07-15T12:14:00-04:00,29277.19140625,29280.357421875,29268.96484375,29268.96484375,2787087
2026-07-15T12:15:00-04:00,29267.609375,29279.330078125,29267.609375,29274.68359375,3500019
2026-07-15T12:16:00-04:00,29273.439453125,29277.396484375,29264.80859375,29264.80859375,2862708
2026-07-15T12:17:00-04:00,29264.876953125,29275.314453125,29262.283203125,29274.19921875,2601874
2026-07-15T12:18:00-04:00,29278.505859375,29285.109375,29271.8671875,29284.666015625,2542569
2026-07-15T12:19:00-04:00,29286.048828125,29293.359375,29270.16796875,29270.16796875,2846597
2026-07-15T12:20:00-04:00,29270.09765625,29273.693359375,29261.69921875,29261.69921875,2343390
2026-07-15T12:21:00-04:00,29262.25,29268.3359375,29255.140625,29258.666015625,2431520
2026-07-15T12:22:00-04:00,29257.392578125,29268.568359375,29253.935546875,29259.595703125,2678678
2026-07-15T12:23:00-04:00,29260.01953125,29271.228515625,29253.62109375,29265.341796875,2126336
2026-07-15T12:24:00-04:00,29263.28125,29263.28125,29228.486328125,29234.1171875,3520221
2026-07-15T12:25:00-04:00,29236.279296875,29259.701171875,29236.279296875,29248.412109375,4508258
2026-07-15T12:26:00-04:00,29246.744140625,29250.650390625,29244.66015625,29245.880859375,1417053
2026-07-15T12:27:00-04:00,29248.123046875,29251.498046875,29230.54296875,29236.1640625,3270067
2026-07-15T12:28:00-04:00,29236.990234375,29245.59375,29234.12890625,29241.9375,1367269
2026-07-15T12:29:00-04:00,29248.798828125,29262.81640625,29248.798828125,29260.82421875,2509934
2026-07-15T12:30:00-04:00,29260.25390625,29278.84375,29260.25390625,29273.125,2783262
2026-07-15T12:31:00-04:00,29271.939453125,29271.939453125,29252.0390625,29254.28515625,2553333
2026-07-15T12:32:00-04:00,29255.439453125,29258.005859375,29248.298828125,29254.2421875,3418043
2026-07-15T12:33:00-04:00,29252.75390625,29253.62109375,29237.939453125,29240.427734375,1407194
2026-07-15T12:34:00-04:00,29242.580078125,29249.666015625,29224.27734375,29228.193359375,4119038
2026-07-15T12:35:00-04:00,29226.384765625,29226.384765625,29211.177734375,29216.966796875,1628873
2026-07-15T12:36:00-04:00,29220.029296875,29220.029296875,29205.52734375,29205.52734375,2380146
2026-07-15T12:37:00-04:00,29205.58203125,29212.677734375,29205.50390625,29212.677734375,2774752
2026-07-15T12:38:00-04:00,29213.505859375,29223.765625,29208.365234375,29217.7890625,2981551
2026-07-15T12:39:00-04:00,29217.060546875,29224.490234375,29213.908203125,29213.908203125,1970486
2026-07-15T12:40:00-04:00,29213.58203125,29213.8515625,29201.34765625,29201.34765625,2307457
2026-07-15T12:41:00-04:00,29197.056640625,29231.6015625,29195.23828125,29223.87890625,3252920
2026-07-15T12:42:00-04:00,29223.00390625,29226.251953125,29219.287109375,29219.287109375,1935127
2026-07-15T12:43:00-04:00,29217.48828125,29231.435546875,29217.48828125,29228.361328125,2696398
2026-07-15T12:44:00-04:00,29227.84375,29244.23828125,29227.84375,29243.5546875,3478480
2026-07-15T12:45:00-04:00,29241.98046875,29246.9140625,29234.16796875,29234.26953125,1259712
2026-07-15T12:46:00-04:00,29234.294921875,29322.642578125,29234.294921875,29289.46484375,2420961
2026-07-15T12:47:00-04:00,29282.033203125,29282.896484375,29265.5859375,29265.5859375,3640754
2026-07-15T12:48:00-04:00,29262.37890625,29275.322265625,29262.37890625,29266.046875,5768159
2026-07-15T12:49:00-04:00,29270.44140625,29282.28515625,29270.44140625,29277.533203125,1151022
2026-07-15T12:50:00-04:00,29276.857421875,29299.048828125,29276.857421875,29299.048828125,3053556
2026-07-15T12:51:00-04:00,29299.8671875,29305.943359375,29294.845703125,29294.845703125,1074810
2026-07-15T12:52:00-04:00,29293.658203125,29312.77734375,29286.3046875,29311.841796875,3147281
2026-07-15T12:53:00-04:00,29312.06640625,29316.41015625,29309.791015625,29312.259765625,1979745
2026-07-15T12:54:00-04:00,29308.869140625,29312.91015625,29287.990234375,29292.224609375,2055446
2026-07-15T12:55:00-04:00,29292.955078125,29298.666015625,29269.8359375,29269.8359375,2049464
2026-07-15T12:56:00-04:00,29270.25390625,29275.78515625,29264.982421875,29266.345703125,1855804
2026-07-15T12:57:00-04:00,29264.72265625,29290.521484375,29263.96484375,29289.26953125,2732625
2026-07-15T12:58:00-04:00,29295.689453125,29302.521484375,29295.689453125,29302.521484375,851661
2026-07-15T12:59:00-04:00,29299.73828125,29306.724609375,29299.73828125,29306.275390625,2142704
2026-07-15T13:00:00-04:00,29300.970703125,29325.142578125,29300.970703125,29322.8046875,1237302
2026-07-15T13:01:00-04:00,29323.869140625,29334.1796875,29323.869140625,29328.71484375,3086703
2026-07-15T13:02:00-04:00,29332.650390625,29335.17578125,29328.138671875,29328.138671875,1264289
2026-07-15T13:03:00-04:00,29327.44921875,29337.095703125,29323.158203125,29333.341796875,3577105
2026-07-15T13:04:00-04:00,29331.626953125,29332.9453125,29324.017578125,29324.125,915477
2026-07-15T13:05:00-04:00,29324.140625,29328.216796875,29320.130859375,29324.328125,1980426
2026-07-15T13:06:00-04:00,29324.763671875,29349.748046875,29324.763671875,29344.794921875,2145829
2026-07-15T13:07:00-04:00,29344.28125,29349.166015625,29340.375,29348.4609375,1767195
2026-07-15T13:08:00-04:00,29348.822265625,29359.396484375,29348.822265625,29349.8515625,1805428
2026-07-15T13:09:00-04:00,29347.962890625,29350.873046875,29346.705078125,29348.43359375,2028648
2026-07-15T13:10:00-04:00,29348.193359375,29349.91796875,29340.3359375,29348.59375,1707132
2026-07-15T13:11:00-04:00,29351.931640625,29351.931640625,29340.04296875,29341.517578125,1710848
2026-07-15T13:12:00-04:00,29341.880859375,29353.673828125,29341.880859375,29353.673828125,1647723
2026-07-15T13:13:00-04:00,29356.87890625,29358.5625,29343.833984375,29343.833984375,2649850
2026-07-15T13:14:00-04:00,29345.177734375,29345.177734375,29329.26953125,29329.26953125,889224
2026-07-15T13:15:00-04:00,29329.064453125,29343.19921875,29328.162109375,29340.15625,2729609
2026-07-15T13:16:00-04:00,29341.208984375,29342.689453125,29334.232421875,29340.939453125,812767
2026-07-15T13:17:00-04:00,29340.416015625,29365.978515625,29340.416015625,29365.978515625,1576848
2026-07-15T13:18:00-04:00,29364.88671875,29378.396484375,29363.4765625,29377.138671875,2044641
2026-07-15T13:19:00-04:00,29378.060546875,29384.58203125,29377.154296875,29381.265625,1910375
2026-07-15T13:20:00-04:00,29380.93359375,29395.576171875,29380.93359375,29383.392578125,2127370
2026-07-15T13:21:00-04:00,29379.79296875,29382.70703125,29366.95703125,29370.923828125,3134577
2026-07-15T13:22:00-04:00,29374.859375,29387.921875,29374.859375,29387.921875,856957
2026-07-15T13:23:00-04:00,29388.6171875,29397.60546875,29384.900390625,29384.900390625,2625540
2026-07-15T13:24:00-04:00,29385.513671875,29391.185546875,29382.201171875,29386.068359375,818450
2026-07-15T13:25:00-04:00,29386.060546875,29391.767578125,29385.6015625,29387.275390625,1894749
2026-07-15T13:26:00-04:00,29388.79296875,29394.05078125,29388.79296875,29390.560546875,1478157
2026-07-15T13:27:00-04:00,29388.89453125,29394.0625,29383.4921875,29385.0390625,1535217
2026-07-15T13:28:00-04:00,29387.830078125,29391.3125,29375.1484375,29375.873046875,1713278
2026-07-15T13:29:00-04:00,29379.91015625,29404.970703125,29379.91015625,29403.22265625,1963364
2026-07-15T13:30:00-04:00,29403.50390625,29417.162109375,29403.50390625,29415.578125,3026604
2026-07-15T13:31:00-04:00,29413.642578125,29416.01953125,29404.56640625,29405.970703125,877377
2026-07-15T13:32:00-04:00,29408.38671875,29415.263671875,29408.38671875,29413.705078125,2347449
2026-07-15T13:33:00-04:00,29417.83984375,29424.78515625,29414.17578125,29423.03125,953386
2026-07-15T13:34:00-04:00,29422.79296875,29426.947265625,29416.634765625,29416.634765625,1799290
2026-07-15T13:35:00-04:00,29419.02734375,29419.02734375,29409.59765625,29415.19140625,1798330
2026-07-15T13:36:00-04:00,29411.94140625,29425.072265625,29410.9453125,29420.78125,1487917
2026-07-15T13:37:00-04:00,29420.869140625,29431.076171875,29420.333984375,29429.74609375,2381931
2026-07-15T13:38:00-04:00,29425.453125,29428.197265625,29419.34375,29424.064453125,809573
2026-07-15T13:39:00-04:00,29423.763671875,29432.064453125,29423.763671875,29429.37109375,2375203
2026-07-15T13:40:00-04:00,29430.1796875,29434.193359375,29421.7890625,29425.328125,735264
2026-07-15T13:41:00-04:00,29423.51171875,29430.314453125,29423.09375,29430.251953125,1932103
2026-07-15T13:42:00-04:00,29427.974609375,29427.974609375,29420.7578125,29420.7578125,1830487
2026-07-15T13:43:00-04:00,29420.619140625,29432.130859375,29420.619140625,29432.037109375,1301261
2026-07-15T13:44:00-04:00,29433.22265625,29433.22265625,29429.078125,29430.5078125,1346978
2026-07-15T13:45:00-04:00,29431.322265625,29433.099609375,29424.78515625,29432.20703125,1573021
2026-07-15T13:46:00-04:00,29432.720703125,29457.10546875,29431.337890625,29455.83984375,2822674
2026-07-15T13:47:00-04:00,29457.55078125,29467.251953125,29457.55078125,29465.74609375,903600
2026-07-15T13:48:00-04:00,29466.025390625,29469.240234375,29464.46484375,29469.240234375,2521668
2026-07-15T13:49:00-04:00,29468.1796875,29479.580078125,29467.056640625,29477.8828125,975877
2026-07-15T13:50:00-04:00,29478.447265625,29479.087890625,29473.49609375,29475.548828125,2021216
2026-07-15T13:51:00-04:00,29475.431640625,29478.77734375,29471.587890625,29476.15625,1707709
2026-07-15T13:52:00-04:00,29477.474609375,29492.6875,29476.05859375,29492.6875,1716676
2026-07-15T13:53:00-04:00,29493.4296875,29499.33203125,29492.857421875,29494.0703125,2439512
2026-07-15T13:54:00-04:00,29492.9296875,29498.681640625,29485.712890625,29497.3203125,883237
2026-07-15T13:55:00-04:00,29498.58984375,29499.25,29494.603515625,29495.060546875,2263175
2026-07-15T13:56:00-04:00,29492.3515625,29492.3515625,29485.435546875,29489.556640625,833795
2026-07-15T13:57:00-04:00,29487.697265625,29499.5390625,29486.111328125,29499.5390625,1570420
2026-07-15T13:58:00-04:00,29498.779296875,29501.951171875,29496.859375,29498.783203125,2876685
2026-07-15T13:59:00-04:00,29498.193359375,29500.125,29479.453125,29481.125,892379
2026-07-15T14:00:00-04:00,29482.99609375,29492.017578125,29482.4609375,29491.69921875,2679786
2026-07-15T14:01:00-04:00,29495.916015625,29510.015625,29495.916015625,29509.57421875,1160793
2026-07-15T14:02:00-04:00,29509.28515625,29510.412109375,29501.82421875,29508.7578125,1967390
2026-07-15T14:03:00-04:00,29509.16015625,29511.912109375,29506.751953125,29510.451171875,1780950
2026-07-15T14:04:00-04:00,29510.53515625,29511.658203125,29498.314453125,29499.578125,1691134
2026-07-15T14:05:00-04:00,29500.552734375,29512.41015625,29498.623046875,29511.890625,2711747
2026-07-15T14:06:00-04:00,29513.693359375,29523.703125,29513.447265625,29523.703125,1081208
2026-07-15T14:07:00-04:00,29523.013671875,29523.990234375,29515.974609375,29517.068359375,3035884
2026-07-15T14:08:00-04:00,29518.216796875,29519.47265625,29514.568359375,29519.15625,752711
2026-07-15T14:09:00-04:00,29518.505859375,29521.84375,29514.283203125,29520.642578125,2026300
2026-07-15T14:10:00-04:00,29519.716796875,29524.93359375,29518.474609375,29524.384765625,1700790
2026-07-15T14:11:00-04:00,29525.48046875,29528.853515625,29522.5703125,29525.85546875,1650800
2026-07-15T14:12:00-04:00,29526.748046875,29527.86328125,29517.98046875,29521.720703125,1802177
2026-07-15T14:13:00-04:00,29519.189453125,29524.57421875,29516.958984375,29523.677734375,1732356
2026-07-15T14:14:00-04:00,29522.39453125,29522.822265625,29514.583984375,29514.95703125,2206104
2026-07-15T14:15:00-04:00,29510.70703125,29510.70703125,29498.818359375,29500.40625,1508568
2026-07-15T14:16:00-04:00,29498.587890625,29501.546875,29490.52734375,29490.52734375,2994602
2026-07-15T14:17:00-04:00,29490.744140625,29501.716796875,29490.744140625,29498.3828125,882651
2026-07-15T14:18:00-04:00,29497.646484375,29497.646484375,29483.666015625,29489.5859375,1890527
2026-07-15T14:19:00-04:00,29492.748046875,29506.509765625,29492.748046875,29502.74609375,1822755
2026-07-15T14:20:00-04:00,29502.423828125,29516.865234375,29501.3359375,29516.65234375,1407566
2026-07-15T14:21:00-04:00,29514.4140625,29529.599609375,29513.4296875,29529.599609375,2213874
2026-07-15T14:22:00-04:00,29528.37109375,29531.427734375,29525.208984375,29527.62890625,919008
2026-07-15T14:23:00-04:00,29528.744140625,29539.39453125,29528.744140625,29539.017578125,2510311
2026-07-15T14:24:00-04:00,29538.451171875,29539.984375,29536.49609375,29536.49609375,893858
2026-07-15T14:25:00-04:00,29535.673828125,29536.408203125,29529.30859375,29532.65625,1535702
2026-07-15T14:26:00-04:00,29532.767578125,29534.521484375,29530.5625,29532.7421875,1372626
2026-07-15T14:27:00-04:00,29532.95703125,29536.869140625,29532.0234375,29534.6171875,1268138
2026-07-15T14:28:00-04:00,29535.849609375,29538.044921875,29533.380859375,29534.111328125,1667657
2026-07-15T14:29:00-04:00,29533.091796875,29533.091796875,29520.060546875,29522.759765625,1495359
2026-07-15T14:30:00-04:00,29522.56640625,29528.951171875,29520.830078125,29520.830078125,2215771
2026-07-15T14:31:00-04:00,29521.271484375,29527.2578125,29521.271484375,29527.2578125,751228
2026-07-15T14:32:00-04:00,29528.029296875,29533.26171875,29524.669921875,29533.009765625,2218286
2026-07-15T14:33:00-04:00,29533.0703125,29534.0546875,29526.734375,29527.0234375,823473
2026-07-15T14:34:00-04:00,29527.275390625,29530.294921875,29521.85546875,29522.09765625,1421216
2026-07-15T14:35:00-04:00,29521.443359375,29521.443359375,29507.8515625,29510.759765625,2372247
2026-07-15T14:36:00-04:00,29510.0859375,29510.0859375,29496.09765625,29501.060546875,701476
2026-07-15T14:37:00-04:00,29500.490234375,29502.59765625,29495.33203125,29501.599609375,1607121
2026-07-15T14:38:00-04:00,29503.322265625,29504.349609375,29494.13671875,29494.482421875,1430014
2026-07-15T14:39:00-04:00,29494.50390625,29498.8984375,29490.25,29490.390625,1755769
2026-07-15T14:40:00-04:00,29488.29296875,29490.453125,29483.505859375,29488.9921875,1504347
2026-07-15T14:41:00-04:00,29490.25,29496.123046875,29490.25,29492.64453125,1806736
2026-07-15T14:42:00-04:00,29494.1640625,29501.5,29480.41015625,29480.41015625,2480780
2026-07-15T14:43:00-04:00,29479.06640625,29479.93359375,29471.630859375,29478.328125,810929
2026-07-15T14:44:00-04:00,29477.001953125,29477.337890625,29461.271484375,29462.421875,2625076
2026-07-15T14:45:00-04:00,29458.373046875,29458.7890625,29449.44921875,29455.466796875,1001294
2026-07-15T14:46:00-04:00,29455.166015625,29462.587890625,29451.44140625,29462.587890625,1619673
2026-07-15T14:47:00-04:00,29441.15234375,29456.67578125,29441.15234375,29449.9765625,3008186
2026-07-15T14:48:00-04:00,29449.76953125,29454.822265625,29448.5703125,29454.822265625,1456385
2026-07-15T14:49:00-04:00,29453.91796875,29458.662109375,29448.287109375,29448.287109375,2298217
2026-07-15T14:50:00-04:00,29444.86328125,29444.86328125,29434.25390625,29444.291015625,850708
2026-07-15T14:51:00-04:00,29444.630859375,29444.630859375,29408.74609375,29412.39453125,3184936
2026-07-15T14:52:00-04:00,29413.583984375,29420.294921875,29411.876953125,29417.455078125,792544
2026-07-15T14:53:00-04:00,29417.65234375,29418.21875,29406.865234375,29413.50390625,1765236
2026-07-15T14:54:00-04:00,29413.646484375,29425.2265625,29411.685546875,29424.962890625,1415792
2026-07-15T14:55:00-04:00,29423.51171875,29431.46875,29422.642578125,29425.619140625,1561205
2026-07-15T14:56:00-04:00,29425.638671875,29425.638671875,29408.06640625,29411.205078125,1512992
2026-07-15T14:57:00-04:00,29412.900390625,29420.841796875,29412.900390625,29420.841796875,1599418
2026-07-15T14:58:00-04:00,29420.70703125,29431.6640625,29394.900390625,29397.02734375,3394156
2026-07-15T14:59:00-04:00,29396.775390625,29408.0390625,29396.775390625,29408.0390625,973259
2026-07-15T15:00:00-04:00,29408.47265625,29412.0234375,29406.798828125,29412.0234375,2781002
2026-07-15T15:01:00-04:00,29407.71484375,29418.6484375,29407.71484375,29418.6484375,774685
2026-07-15T15:02:00-04:00,29418.865234375,29440.869140625,29418.865234375,29440.6328125,1853408
2026-07-15T15:03:00-04:00,29443.123046875,29453.166015625,29441.103515625,29445.68359375,2097521
2026-07-15T15:04:00-04:00,29445.32421875,29461.466796875,29445.32421875,29459.46484375,2088577
2026-07-15T15:05:00-04:00,29459.888671875,29459.888671875,29446.578125,29456.310546875,3574113
2026-07-15T15:06:00-04:00,29457.2734375,29468.48046875,29455.505859375,29465.48046875,1013487
2026-07-15T15:07:00-04:00,29466.59375,29467.12109375,29450.341796875,29452.021484375,3152408
2026-07-15T15:08:00-04:00,29452.953125,29452.953125,29432.380859375,29439.28125,973691
2026-07-15T15:09:00-04:00,29442.056640625,29444.537109375,29432.443359375,29433.30859375,1887892
2026-07-15T15:10:00-04:00,29435.240234375,29449.623046875,29432.328125,29447.146484375,2743387
2026-07-15T15:11:00-04:00,29445.880859375,29445.880859375,29430.11328125,29430.11328125,1020102
2026-07-15T15:12:00-04:00,29432.025390625,29449.34765625,29432.025390625,29447.697265625,3215430
2026-07-15T15:13:00-04:00,29449.17578125,29452.8671875,29442.166015625,29444.74609375,921983
2026-07-15T15:14:00-04:00,29447.361328125,29447.65625,29441.546875,29441.546875,1752617
2026-07-15T15:15:00-04:00,29445.23828125,29446.646484375,29432.20703125,29439.037109375,1894130
2026-07-15T15:16:00-04:00,29437.787109375,29437.787109375,29432.333984375,29433.919921875,1925337
2026-07-15T15:17:00-04:00,29433.984375,29437.029296875,29428.970703125,29430.2890625,3028012
2026-07-15T15:18:00-04:00,29430.45703125,29432.794921875,29426.69140625,29427.39453125,920011
2026-07-15T15:19:00-04:00,29426.724609375,29431.46875,29416.509765625,29416.509765625,3119514
2026-07-15T15:20:00-04:00,29413.541015625,29413.541015625,29392.46484375,29403.2265625,1671133
2026-07-15T15:21:00-04:00,29402.677734375,29403.87109375,29397.736328125,29402.5078125,2245367
2026-07-15T15:22:00-04:00,29402.787109375,29402.787109375,29393.412109375,29396.7265625,2048921
2026-07-15T15:23:00-04:00,29396.775390625,29400.947265625,29394.3984375,29399.830078125,2232569
2026-07-15T15:24:00-04:00,29400.93359375,29407.78125,29399.44140625,29400.49609375,2107687
2026-07-15T15:25:00-04:00,29400.306640625,29400.306640625,29389.0,29393.556640625,2002410
2026-07-15T15:26:00-04:00,29392.677734375,29412.22265625,29390.47265625,29412.22265625,3391356
2026-07-15T15:27:00-04:00,29419.001953125,29433.623046875,29419.001953125,29430.869140625,1261335
2026-07-15T15:28:00-04:00,29426.8671875,29433.1015625,29426.73828125,29433.087890625,3416032
2026-07-15T15:29:00-04:00,29433.41015625,29440.51953125,29433.41015625,29439.287109375,1230309
2026-07-15T15:30:00-04:00,29445.044921875,29462.908203125,29445.044921875,29462.6171875,3582595
2026-07-15T15:31:00-04:00,29464.138671875,29468.4375,29457.603515625,29462.244140625,3362385
2026-07-15T15:32:00-04:00,29464.375,29465.708984375,29419.896484375,29419.896484375,3547278
2026-07-15T15:33:00-04:00,29419.572265625,29441.4921875,29419.572265625,29430.345703125,5631067
2026-07-15T15:34:00-04:00,29429.6953125,29432.10546875,29420.82421875,29424.279296875,1485766
2026-07-15T15:35:00-04:00,29424.87109375,29436.60546875,29415.318359375,29436.60546875,3655264
2026-07-15T15:36:00-04:00,29433.373046875,29443.890625,29431.34375,29443.890625,1070337
2026-07-15T15:37:00-04:00,29443.65234375,29448.22265625,29441.177734375,29444.62109375,2568557
2026-07-15T15:38:00-04:00,29444.869140625,29453.767578125,29444.869140625,29450.578125,2087912
2026-07-15T15:39:00-04:00,29452.31640625,29459.341796875,29452.31640625,29458.216796875,2351000
2026-07-15T15:40:00-04:00,29459.86328125,29475.712890625,29459.017578125,29474.560546875,3026000
2026-07-15T15:41:00-04:00,29475.076171875,29488.92578125,29475.076171875,29485.78125,2544000
2026-07-15T15:42:00-04:00,29484.4453125,29486.828125,29477.251953125,29486.828125,4309000
2026-07-15T15:43:00-04:00,29487.353515625,29494.60546875,29486.81640625,29486.81640625,1477000
2026-07-15T15:44:00-04:00,29487.833984375,29491.783203125,29485.611328125,29487.173828125,4256000
2026-07-15T15:45:00-04:00,29485.201171875,29487.37109375,29475.236328125,29475.236328125,2432000
2026-07-15T15:46:00-04:00,29476.41796875,29477.0390625,29462.314453125,29467.728515625,2809000
2026-07-15T15:47:00-04:00,29467.166015625,29467.91015625,29460.197265625,29461.892578125,4248000
2026-07-15T15:48:00-04:00,29463.71875,29463.71875,29454.33984375,29455.845703125,1930000
2026-07-15T15:49:00-04:00,29453.236328125,29459.974609375,29453.236328125,29457.580078125,2981000
2026-07-15T15:50:00-04:00,29481.310546875,29485.775390625,29465.2890625,29470.48046875,5219000
2026-07-15T15:51:00-04:00,29464.21875,29482.1796875,29464.21875,29478.2734375,6680000
2026-07-15T15:52:00-04:00,29478.43359375,29480.8125,29476.171875,29478.94921875,4175000
2026-07-15T15:53:00-04:00,29481.015625,29481.90625,29473.9140625,29481.810546875,4777000
2026-07-15T15:54:00-04:00,29480.6796875,29485.03515625,29463.669921875,29480.1875,9108000
2026-07-15T15:55:00-04:00,29498.84375,29507.54296875,29498.525390625,29506.55859375,3721000
2026-07-15T15:56:00-04:00,29507.146484375,29509.0,29502.126953125,29506.404296875,10297000
2026-07-15T15:57:00-04:00,29506.240234375,29506.240234375,29499.228515625,29505.2734375,3339000
2026-07-15T15:58:00-04:00,29502.955078125,29505.130859375,29500.826171875,29503.09375,6129000
2026-07-15T15:59:00-04:00,29502.515625,29509.71875,29493.49609375,29503.029296875,6469000
2026-07-16T09:30:00-04:00,29315.05859375,29328.255859375,29305.390625,29305.390625,0
2026-07-16T09:31:00-04:00,29295.4375,29314.0234375,29287.15625,29314.0234375,10710579
2026-07-16T09:32:00-04:00,29317.00390625,29319.357421875,29276.17578125,29276.17578125,8227341
2026-07-16T09:33:00-04:00,29279.171875,29301.314453125,29273.669921875,29281.125,6286565
2026-07-16T09:34:00-04:00,29276.2421875,29276.2421875,29238.0625,29242.30859375,4954919
2026-07-16T09:35:00-04:00,29221.130859375,29221.130859375,29205.296875,29214.29296875,5309401
2026-07-16T09:36:00-04:00,29224.853515625,29227.015625,29208.4765625,29221.345703125,5287907
2026-07-16T09:37:00-04:00,29247.375,29268.236328125,29236.818359375,29236.818359375,5304371
2026-07-16T09:38:00-04:00,29243.595703125,29243.595703125,29208.6328125,29209.966796875,3910570
2026-07-16T09:39:00-04:00,29207.8984375,29212.1796875,29183.388671875,29183.388671875,3972085
2026-07-16T09:40:00-04:00,29192.53515625,29230.357421875,29192.53515625,29201.697265625,4621002
2026-07-16T09:41:00-04:00,29199.642578125,29199.642578125,29159.427734375,29159.427734375,4447903
2026-07-16T09:42:00-04:00,29149.130859375,29161.015625,29138.052734375,29146.15625,4508964
2026-07-16T09:43:00-04:00,29150.009765625,29150.009765625,29132.123046875,29148.236328125,4843928
2026-07-16T09:44:00-04:00,29157.435546875,29157.435546875,29118.478515625,29121.224609375,4836989
2026-07-16T09:45:00-04:00,29126.462890625,29136.208984375,29115.98046875,29124.65234375,5277267
2026-07-16T09:46:00-04:00,29111.162109375,29124.154296875,29107.14453125,29114.416015625,5393315
2026-07-16T09:47:00-04:00,29127.201171875,29133.39453125,29115.736328125,29118.041015625,5444794
2026-07-16T09:48:00-04:00,29113.173828125,29113.173828125,29075.89453125,29080.501953125,4673290
2026-07-16T09:49:00-04:00,29081.892578125,29084.1640625,29070.5078125,29084.1640625,3996482
2026-07-16T09:50:00-04:00,29073.6875,29120.50390625,29073.6875,29106.1953125,4827175
2026-07-16T09:51:00-04:00,29112.111328125,29127.841796875,29108.6796875,29123.712890625,4088244
2026-07-16T09:52:00-04:00,29119.0625,29153.328125,29119.0625,29153.3203125,3713036
2026-07-16T09:53:00-04:00,29151.69921875,29151.69921875,29108.193359375,29122.7421875,4322912
2026-07-16T09:54:00-04:00,29119.818359375,29149.966796875,29103.400390625,29103.400390625,3690935
2026-07-16T09:55:00-04:00,29094.333984375,29097.744140625,29070.94921875,29097.744140625,3972861
2026-07-16T09:56:00-04:00,29101.560546875,29133.189453125,29101.560546875,29133.189453125,5084491
2026-07-16T09:57:00-04:00,29160.537109375,29160.537109375,29109.130859375,29109.130859375,3315661
2026-07-16T09:58:00-04:00,29112.333984375,29140.986328125,29112.333984375,29140.986328125,3300898
2026-07-16T09:59:00-04:00,29148.6015625,29157.17578125,29145.779296875,29157.17578125,2890515
2026-07-16T10:00:00-04:00,29172.697265625,29189.15625,29172.697265625,29187.04296875,4857415
2026-07-16T10:01:00-04:00,29185.4765625,29195.615234375,29177.16796875,29189.70703125,3700392
2026-07-16T10:02:00-04:00,29191.55859375,29224.23046875,29191.55859375,29201.78515625,3617141
2026-07-16T10:03:00-04:00,29205.623046875,29210.80859375,29195.78125,29210.10546875,2970928
2026-07-16T10:04:00-04:00,29211.39453125,29212.673828125,29193.1875,29195.701171875,2692282
2026-07-16T10:05:00-04:00,29206.908203125,29226.423828125,29205.5546875,29226.423828125,3102099
2026-07-16T10:06:00-04:00,29234.806640625,29253.169921875,29234.806640625,29247.078125,3817507
2026-07-16T10:07:00-04:00,29244.193359375,29260.646484375,29239.353515625,29252.81640625,3678361
2026-07-16T10:08:00-04:00,29257.43359375,29285.30078125,29257.43359375,29280.4375,3173081
2026-07-16T10:09:00-04:00,29275.021484375,29298.12109375,29259.439453125,29288.458984375,3572325
2026-07-16T10:10:00-04:00,29285.3984375,29295.294921875,29279.873046875,29295.259765625,3180554
2026-07-16T10:11:00-04:00,29276.763671875,29285.5,29269.15234375,29269.15234375,3147776
2026-07-16T10:12:00-04:00,29270.185546875,29275.166015625,29257.875,29274.412109375,3056052
2026-07-16T10:13:00-04:00,29282.623046875,29294.162109375,29282.623046875,29294.1015625,2887342
2026-07-16T10:14:00-04:00,29291.943359375,29291.943359375,29272.29296875,29277.466796875,2465220
2026-07-16T10:15:00-04:00,29279.02734375,29294.2890625,29279.02734375,29294.2890625,2746700
2026-07-16T10:16:00-04:00,29289.384765625,29306.76953125,29280.18359375,29297.09375,3329161
2026-07-16T10:17:00-04:00,29298.537109375,29298.537109375,29277.78515625,29283.16796875,2445415
2026-07-16T10:18:00-04:00,29278.505859375,29285.169921875,29262.123046875,29262.123046875,2172361
2026-07-16T10:19:00-04:00,29255.775390625,29290.3125,29255.775390625,29290.3125,2401922
2026-07-16T10:20:00-04:00,29291.01953125,29291.01953125,29254.84375,29254.84375,2443216
2026-07-16T10:21:00-04:00,29249.83984375,29253.84765625,29228.923828125,29228.923828125,2739272
2026-07-16T10:22:00-04:00,29224.673828125,29235.009765625,29207.44140625,29235.009765625,3013884
2026-07-16T10:23:00-04:00,29243.486328125,29247.203125,29225.205078125,29235.94140625,2650463
2026-07-16T10:24:00-04:00,29235.423828125,29259.90234375,29235.423828125,29258.310546875,2172142
2026-07-16T10:25:00-04:00,29240.3828125,29240.3828125,29215.33203125,29235.861328125,2621656
2026-07-16T10:26:00-04:00,29245.6484375,29247.728515625,29228.501953125,29247.4453125,2339376
2026-07-16T10:27:00-04:00,29245.9609375,29278.80078125,29243.896484375,29276.25,2106602
2026-07-16T10:28:00-04:00,29275.384765625,29284.65234375,29272.6328125,29280.625,2998641
2026-07-16T10:29:00-04:00,29283.634765625,29295.96484375,29283.212890625,29294.15234375,2332841
2026-07-16T10:30:00-04:00,29287.66796875,29287.66796875,29272.96875,29279.216796875,2374794
2026-07-16T10:31:00-04:00,29275.6015625,29280.060546875,29257.10546875,29257.6796875,2236908
2026-07-16T10:32:00-04:00,29257.322265625,29273.4140625,29256.197265625,29273.4140625,2869604
2026-07-16T10:33:00-04:00,29281.90234375,29289.517578125,29281.90234375,29288.337890625,2360697
2026-07-16T10:34:00-04:00,29284.08203125,29289.34765625,29271.634765625,29271.634765625,2237262
2026-07-16T10:35:00-04:00,29272.8203125,29284.095703125,29270.78515625,29281.580078125,2492887
2026-07-16T10:36:00-04:00,29285.271484375,29290.02734375,29277.7890625,29282.673828125,3159195
2026-07-16T10:37:00-04:00,29283.705078125,29305.80078125,29283.705078125,29305.80078125,2096335
2026-07-16T10:38:00-04:00,29303.62109375,29303.62109375,29282.908203125,29282.908203125,2231523
2026-07-16T10:39:00-04:00,29276.828125,29277.1796875,29258.3125,29261.326171875,2576544
2026-07-16T10:40:00-04:00,29264.998046875,29264.998046875,29239.015625,29245.791015625,2747789
2026-07-16T10:41:00-04:00,29237.91796875,29260.3359375,29237.001953125,29248.44921875,2836457
2026-07-16T10:42:00-04:00,29250.822265625,29264.38671875,29248.689453125,29262.19921875,2480009
2026-07-16T10:43:00-04:00,29263.365234375,29274.21875,29263.365234375,29270.1171875,2033773
2026-07-16T10:44:00-04:00,29269.318359375,29271.734375,29263.1015625,29271.421875,2357511
2026-07-16T10:45:00-04:00,29264.4140625,29273.3203125,29262.984375,29262.984375,2021397
2026-07-16T10:46:00-04:00,29268.482421875,29272.4375,29261.982421875,29267.10546875,2062023
2026-07-16T10:47:00-04:00,29269.361328125,29280.6875,29262.8125,29262.8125,2294087
2026-07-16T10:48:00-04:00,29261.95703125,29267.6796875,29252.392578125,29265.318359375,2409302
2026-07-16T10:49:00-04:00,29265.265625,29265.265625,29252.9140625,29252.9140625,2219417
2026-07-16T10:50:00-04:00,29248.5390625,29248.5390625,29203.361328125,29203.361328125,3030767
2026-07-16T10:51:00-04:00,29202.634765625,29215.931640625,29202.634765625,29215.931640625,3342589
2026-07-16T10:52:00-04:00,29214.822265625,29217.458984375,29195.1328125,29201.544921875,2184842
2026-07-16T10:53:00-04:00,29195.203125,29202.568359375,29191.826171875,29191.826171875,2660585
2026-07-16T10:54:00-04:00,29192.076171875,29195.490234375,29186.8203125,29193.576171875,2565883
2026-07-16T10:55:00-04:00,29171.287109375,29177.828125,29171.287109375,29176.517578125,2838484
2026-07-16T10:56:00-04:00,29191.798828125,29193.96484375,29177.88671875,29193.96484375,2631471
2026-07-16T10:57:00-04:00,29202.599609375,29214.0546875,29202.599609375,29210.81640625,1949414
2026-07-16T10:58:00-04:00,29220.84765625,29238.73828125,29218.521484375,29225.99609375,3320926
2026-07-16T10:59:00-04:00,29223.474609375,29239.224609375,29223.474609375,29239.224609375,2088661
2026-07-16T11:00:00-04:00,29251.3203125,29262.15625,29244.6796875,29251.806640625,2698532
2026-07-16T11:01:00-04:00,29252.5,29252.5,29239.287109375,29239.287109375,1997082
2026-07-16T11:02:00-04:00,29237.03125,29256.89453125,29234.25,29254.2109375,1865502
2026-07-16T11:03:00-04:00,29255.11328125,29256.19921875,29223.115234375,29223.115234375,1854874
2026-07-16T11:04:00-04:00,29223.724609375,29229.025390625,29215.62890625,29218.52734375,2054678
2026-07-16T11:05:00-04:00,29199.755859375,29210.927734375,29197.708984375,29209.78515625,2065297
2026-07-16T11:06:00-04:00,29195.71484375,29196.951171875,29185.94140625,29185.94140625,2229714
2026-07-16T11:07:00-04:00,29182.64453125,29187.05078125,29179.20703125,29179.20703125,2246903
2026-07-16T11:08:00-04:00,29178.376953125,29178.66796875,29172.130859375,29176.072265625,3309209
2026-07-16T11:09:00-04:00,29176.37109375,29195.6953125,29174.080078125,29195.6953125,1902928
2026-07-16T11:10:00-04:00,29198.572265625,29202.734375,29186.2421875,29194.095703125,2105149
2026-07-16T11:11:00-04:00,29187.380859375,29192.609375,29180.44921875,29180.44921875,2164224
2026-07-16T11:12:00-04:00,29181.47265625,29181.47265625,29165.5546875,29165.5546875,2278460
2026-07-16T11:13:00-04:00,29167.365234375,29167.365234375,29148.447265625,29148.447265625,2032768
2026-07-16T11:14:00-04:00,29153.154296875,29160.0390625,29142.6015625,29160.0390625,2596409
2026-07-16T11:15:00-04:00,29164.26953125,29171.75390625,29155.2734375,29155.2734375,2238459
2026-07-16T11:16:00-04:00,29154.31640625,29154.31640625,29142.287109375,29142.943359375,2327074
2026-07-16T11:17:00-04:00,29147.486328125,29174.810546875,29147.486328125,29167.28125,2162731
2026-07-16T11:18:00-04:00,29167.755859375,29185.05078125,29166.63671875,29182.26953125,2035506
2026-07-16T11:19:00-04:00,29182.732421875,29192.38671875,29175.658203125,29192.38671875,2122387
2026-07-16T11:20:00-04:00,29193.24609375,29193.24609375,29170.87890625,29174.109375,2322516
2026-07-16T11:21:00-04:00,29173.568359375,29180.4296875,29169.4453125,29175.625,2227231
2026-07-16T11:22:00-04:00,29173.578125,29173.986328125,29159.29296875,29173.986328125,2985707
2026-07-16T11:23:00-04:00,29172.388671875,29179.990234375,29172.388671875,29175.91015625,2224410
2026-07-16T11:24:00-04:00,29173.857421875,29191.84375,29171.34375,29191.84375,1924666
2026-07-16T11:25:00-04:00,29192.484375,29230.5859375,29192.484375,29229.451171875,4390228
2026-07-16T11:26:00-04:00,29229.103515625,29249.37890625,29225.884765625,29246.43359375,2651278
2026-07-16T11:27:00-04:00,29250.5703125,29250.5703125,29229.537109375,29229.537109375,2210833
2026-07-16T11:28:00-04:00,29225.470703125,29227.279296875,29195.232421875,29199.732421875,2103999
2026-07-16T11:29:00-04:00,29195.53125,29210.345703125,29195.53125,29208.533203125,2293014
2026-07-16T11:30:00-04:00,29210.302734375,29210.302734375,29178.119140625,29184.126953125,2235972
2026-07-16T11:31:00-04:00,29191.451171875,29222.25390625,29191.451171875,29222.25390625,2026393
2026-07-16T11:32:00-04:00,29224.732421875,29238.806640625,29223.232421875,29230.2890625,2055931
2026-07-16T11:33:00-04:00,29226.79296875,29227.85546875,29222.384765625,29227.435546875,1455881
2026-07-16T11:34:00-04:00,29228.474609375,29239.982421875,29226.435546875,29236.541015625,1722947
2026-07-16T11:35:00-04:00,29235.716796875,29239.8828125,29232.79296875,29234.85546875,1903002
2026-07-16T11:36:00-04:00,29230.96875,29235.544921875,29221.494140625,29235.544921875,1642914
2026-07-16T11:37:00-04:00,29243.7421875,29243.7421875,29227.3203125,29227.3203125,1611353
2026-07-16T11:38:00-04:00,29227.26953125,29244.80859375,29227.26953125,29244.46484375,1747215
2026-07-16T11:39:00-04:00,29244.8984375,29266.134765625,29244.8984375,29260.087890625,2075408
2026-07-16T11:40:00-04:00,29256.962890625,29260.603515625,29239.861328125,29240.365234375,1944581
2026-07-16T11:41:00-04:00,29234.0859375,29234.216796875,29199.671875,29202.060546875,2083544
2026-07-16T11:42:00-04:00,29199.724609375,29206.32421875,29195.84765625,29206.32421875,2160224
2026-07-16T11:43:00-04:00,29210.591796875,29211.08203125,29195.662109375,29195.662109375,1801845
2026-07-16T11:44:00-04:00,29192.77734375,29201.96484375,29188.126953125,29200.380859375,2346232
2026-07-16T11:45:00-04:00,29193.994140625,29195.087890625,29175.611328125,29177.87890625,1939531
2026-07-16T11:46:00-04:00,29175.568359375,29181.650390625,29163.37109375,29163.37109375,2143076
2026-07-16T11:47:00-04:00,29165.486328125,29175.623046875,29165.486328125,29168.05859375,2650400
2026-07-16T11:48:00-04:00,29170.84375,29175.375,29164.037109375,29175.375,1918179
2026-07-16T11:49:00-04:00,29178.2421875,29193.935546875,29162.189453125,29193.935546875,2298849
2026-07-16T11:50:00-04:00,29197.189453125,29213.00390625,29197.189453125,29213.00390625,2528742
2026-07-16T11:51:00-04:00,29216.33984375,29226.421875,29215.390625,29220.23828125,3104604
2026-07-16T11:52:00-04:00,29213.373046875,29232.66796875,29213.373046875,29227.150390625,2058440
2026-07-16T11:53:00-04:00,29220.6484375,29226.826171875,29213.908203125,29213.908203125,1878307
2026-07-16T11:54:00-04:00,29209.923828125,29220.7890625,29209.923828125,29220.7890625,1819068
2026-07-16T11:55:00-04:00,29214.7578125,29214.7578125,29190.89453125,29192.3203125,1957447
2026-07-16T11:56:00-04:00,29188.337890625,29194.041015625,29181.33984375,29192.75,1761197
2026-07-16T11:57:00-04:00,29203.51953125,29212.994140625,29203.51953125,29204.646484375,1749500
2026-07-16T11:58:00-04:00,29207.20703125,29207.93359375,29199.822265625,29201.716796875,2437756
2026-07-16T11:59:00-04:00,29191.845703125,29197.841796875,29191.845703125,29197.68359375,1707424
2026-07-16T12:00:00-04:00,29196.48046875,29196.48046875,29173.5,29177.248046875,2960043
2026-07-16T12:01:00-04:00,29178.142578125,29180.0546875,29167.79296875,29171.595703125,3245810
2026-07-16T12:02:00-04:00,29172.044921875,29172.044921875,29156.318359375,29158.91796875,1768243
2026-07-16T12:03:00-04:00,29159.51171875,29167.38671875,29154.873046875,29166.732421875,3493750
2026-07-16T12:04:00-04:00,29168.078125,29174.41796875,29144.064453125,29144.064453125,1340469
2026-07-16T12:05:00-04:00,29136.267578125,29136.267578125,29119.75390625,29119.75390625,2782629
2026-07-16T12:06:00-04:00,29121.6953125,29139.02734375,29120.548828125,29135.056640625,2725935
2026-07-16T12:07:00-04:00,29136.12109375,29149.123046875,29133.91015625,29140.498046875,2197535
2026-07-16T12:08:00-04:00,29141.3359375,29155.69921875,29141.3359375,29145.287109375,2641698
2026-07-16T12:09:00-04:00,29143.19921875,29152.755859375,29143.19921875,29144.3203125,2072773
2026-07-16T12:10:00-04:00,29139.185546875,29139.185546875,29122.330078125,29125.83984375,2114895
2026-07-16T12:11:00-04:00,29124.638671875,29125.5703125,29111.8828125,29114.458984375,1973585
2026-07-16T12:12:00-04:00,29115.25390625,29115.541015625,29108.353515625,29108.353515625,2030347
2026-07-16T12:13:00-04:00,29103.703125,29114.6171875,29092.76953125,29108.771484375,3902051
2026-07-16T12:14:00-04:00,29113.4609375,29113.4609375,29096.0625,29100.48828125,1016641
2026-07-16T12:15:00-04:00,29094.76953125,29099.580078125,29085.787109375,29099.580078125,3876425
2026-07-16T12:16:00-04:00,29101.921875,29103.45703125,29091.078125,29102.62890625,1388665
2026-07-16T12:17:00-04:00,29102.15625,29102.15625,29087.708984375,29093.673828125,2092386
2026-07-16T12:18:00-04:00,29089.931640625,29112.884765625,29089.931640625,29112.5859375,2449988
2026-07-16T12:19:00-04:00,29113.494140625,29113.65234375,29099.25,29101.775390625,2166742
2026-07-16T12:20:00-04:00,29102.49609375,29102.49609375,29074.244140625,29077.59765625,3466242
2026-07-16T12:21:00-04:00,29080.181640625,29092.369140625,29080.181640625,29082.326171875,1046431
2026-07-16T12:22:00-04:00,29083.18359375,29087.806640625,29069.74609375,29073.365234375,3114356
2026-07-16T12:23:00-04:00,29071.607421875,29081.37109375,29064.71875,29078.111328125,2536522
2026-07-16T12:24:00-04:00,29074.53515625,29085.79296875,29074.53515625,29083.150390625,1267687
2026-07-16T12:25:00-04:00,29080.974609375,29087.638671875,29072.939453125,29087.638671875,2681146
2026-07-16T12:26:00-04:00,29088.181640625,29100.775390625,29088.181640625,29088.837890625,2709114
2026-07-16T12:27:00-04:00,29090.697265625,29112.59375,29090.697265625,29110.0078125,2325845
2026-07-16T12:28:00-04:00,29111.95703125,29112.2890625,29103.095703125,29108.33203125,2912270
2026-07-16T12:29:00-04:00,29109.11328125,29109.11328125,29089.11328125,29098.0859375,954481
2026-07-16T12:30:00-04:00,29099.16015625,29109.8828125,29096.14453125,29106.99609375,3483821
2026-07-16T12:31:00-04:00,29105.919921875,29126.333984375,29104.552734375,29122.6796875,1205933
2026-07-16T12:32:00-04:00,29123.22265625,29138.7265625,29122.8515625,29138.7265625,2149197
2026-07-16T12:33:00-04:00,29136.5,29137.05859375,29119.669921875,29120.2109375,3158227
2026-07-16T12:34:00-04:00,29120.6953125,29120.6953125,29116.6640625,29117.01953125,795669
2026-07-16T12:35:00-04:00,29115.734375,29116.255859375,29097.58984375,29097.58984375,3103711
2026-07-16T12:36:00-04:00,29101.482421875,29102.87109375,29092.12890625,29102.736328125,1025392
2026-07-16T12:37:00-04:00,29101.453125,29113.291015625,29101.453125,29113.291015625,1971295
2026-07-16T12:38:00-04:00,29112.3046875,29118.00390625,29094.310546875,29106.15625,1873176
2026-07-16T12:39:00-04:00,29105.25390625,29105.25390625,29091.787109375,29094.662109375,1693799
2026-07-16T12:40:00-04:00,29094.953125,29102.58984375,29090.619140625,29102.123046875,2340633
2026-07-16T12:41:00-04:00,29108.03515625,29120.33203125,29102.4765625,29102.4765625,1023026
2026-07-16T12:42:00-04:00,29102.482421875,29102.482421875,29089.03515625,29091.35546875,3145660
2026-07-16T12:43:00-04:00,29091.568359375,29098.14453125,29091.568359375,29094.392578125,823393
2026-07-16T12:44:00-04:00,29093.650390625,29097.81640625,29092.853515625,29096.0703125,2114857
2026-07-16T12:45:00-04:00,29094.6640625,29104.18359375,29084.490234375,29084.490234375,3385543
2026-07-16T12:46:00-04:00,29082.49609375,29085.677734375,29073.591796875,29085.677734375,1354621
2026-07-16T12:47:00-04:00,29084.95703125,29084.95703125,29075.029296875,29079.248046875,3470574
2026-07-16T12:48:00-04:00,29078.912109375,29085.166015625,29076.525390625,29084.310546875,2099154
2026-07-16T12:49:00-04:00,29082.837890625,29089.611328125,29078.9609375,29084.12109375,2521489
2026-07-16T12:50:00-04:00,29084.205078125,29102.517578125,29077.453125,29100.599609375,3490833
2026-07-16T12:51:00-04:00,29102.41796875,29118.02734375,29102.41796875,29111.380859375,3079656
2026-07-16T12:52:00-04:00,29110.111328125,29115.943359375,29107.98046875,29108.666015625,2980202
2026-07-16T12:53:00-04:00,29108.4375,29117.947265625,29105.314453125,29116.82421875,1050053
2026-07-16T12:54:00-04:00,29117.4140625,29123.98046875,29116.50390625,29122.884765625,2778638
2026-07-16T12:55:00-04:00,29122.265625,29149.5703125,29122.265625,29146.6015625,1399318
2026-07-16T12:56:00-04:00,29144.705078125,29152.12109375,29136.634765625,29141.19921875,2197042
2026-07-16T12:57:00-04:00,29139.91796875,29142.390625,29130.27734375,29131.203125,2022045
2026-07-16T12:58:00-04:00,29130.0859375,29145.37109375,29126.453125,29136.92578125,1868976
2026-07-16T12:59:00-04:00,29136.908203125,29140.3515625,29133.580078125,29137.74609375,1649687
2026-07-16T13:00:00-04:00,29139.859375,29139.859375,29099.666015625,29099.666015625,2019856
2026-07-16T13:01:00-04:00,29100.673828125,29117.615234375,29100.673828125,29113.552734375,2939168
2026-07-16T13:02:00-04:00,29107.78515625,29107.78515625,29089.93359375,29091.96875,1018440
2026-07-16T13:03:00-04:00,29092.4609375,29112.392578125,29092.4609375,29105.55078125,2767643
2026-07-16T13:04:00-04:00,29103.802734375,29118.96484375,29101.736328125,29117.5,745716
2026-07-16T13:05:00-04:00,29116.728515625,29116.728515625,29096.44921875,29100.4140625,1797294
2026-07-16T13:06:00-04:00,29101.44921875,29101.44921875,29087.392578125,29101.40234375,1583702
2026-07-16T13:07:00-04:00,29100.458984375,29115.03125,29100.458984375,29112.767578125,1904965
2026-07-16T13:08:00-04:00,29107.630859375,29130.17578125,29107.630859375,29129.46875,2564192
2026-07-16T13:09:00-04:00,29127.8984375,29131.05078125,29118.783203125,29124.076171875,871376
2026-07-16T13:10:00-04:00,29123.53515625,29132.357421875,29123.53515625,29126.14453125,2328393
2026-07-16T13:11:00-04:00,29125.623046875,29128.888671875,29111.69140625,29113.51171875,783859
2026-07-16T13:12:00-04:00,29112.32421875,29114.294921875,29107.876953125,29112.7890625,1584397
2026-07-16T13:13:00-04:00,29110.380859375,29115.474609375,29099.908203125,29102.12109375,1641132
2026-07-16T13:14:00-04:00,29096.67578125,29097.177734375,29087.263671875,29089.5,1408614
2026-07-16T13:15:00-04:00,29089.220703125,29107.677734375,29087.5859375,29105.373046875,1880467
2026-07-16T13:16:00-04:00,29104.287109375,29104.287109375,29084.9609375,29089.662109375,2006271
2026-07-16T13:17:00-04:00,29090.876953125,29091.59765625,29078.6796875,29083.27734375,2709228
2026-07-16T13:18:00-04:00,29083.99609375,29090.822265625,29082.544921875,29089.208984375,957635
2026-07-16T13:19:00-04:00,29094.021484375,29099.2734375,29091.69140625,29097.53125,2576057
2026-07-16T13:20:00-04:00,29099.986328125,29103.15234375,29088.208984375,29088.986328125,1695985
2026-07-16T13:21:00-04:00,29087.388671875,29090.43359375,29084.244140625,29087.103515625,1013814
2026-07-16T13:22:00-04:00,29085.056640625,29085.501953125,29080.630859375,29082.08984375,3340912
2026-07-16T13:23:00-04:00,29083.013671875,29089.142578125,29081.7734375,29086.419921875,1216393
2026-07-16T13:24:00-04:00,29085.56640625,29090.771484375,29084.517578125,29086.888671875,1880193
2026-07-16T13:25:00-04:00,29079.232421875,29084.7421875,29076.33984375,29084.7421875,1867351
2026-07-16T13:26:00-04:00,29083.529296875,29105.76953125,29083.529296875,29104.4296875,1907770
2026-07-16T13:27:00-04:00,29103.87890625,29120.001953125,29103.87890625,29120.001953125,1748424
2026-07-16T13:28:00-04:00,29118.96875,29138.57421875,29118.96875,29135.68359375,1889333
2026-07-16T13:29:00-04:00,29134.619140625,29137.77734375,29128.810546875,29134.01953125,2922442
2026-07-16T13:30:00-04:00,29132.77734375,29142.478515625,29130.6640625,29130.6640625,925774
2026-07-16T13:31:00-04:00,29130.544921875,29130.544921875,29118.208984375,29118.208984375,2394780
2026-07-16T13:32:00-04:00,29118.716796875,29129.93359375,29118.716796875,29124.05859375,817428
2026-07-16T13:33:00-04:00,29123.576171875,29123.953125,29099.048828125,29099.048828125,1794159
2026-07-16T13:34:00-04:00,29100.78125,29101.265625,29088.365234375,29090.83984375,1582463
2026-07-16T13:35:00-04:00,29090.919921875,29091.259765625,29084.443359375,29085.69140625,1954177
2026-07-16T13:36:00-04:00,29085.498046875,29095.29296875,29085.498046875,29090.0,2836337
2026-07-16T13:37:00-04:00,29090.59375,29091.990234375,29079.177734375,29079.478515625,733255
2026-07-16T13:38:00-04:00,29077.28125,29086.373046875,29075.134765625,29083.40234375,2444876
2026-07-16T13:39:00-04:00,29080.875,29080.875,29069.220703125,29071.9453125,1254952
2026-07-16T13:40:00-04:00,29070.8515625,29070.8515625,29052.376953125,29053.552734375,2013445
2026-07-16T13:41:00-04:00,29052.931640625,29055.501953125,29038.521484375,29039.55859375,2456068
2026-07-16T13:42:00-04:00,29040.81640625,29052.4296875,29040.109375,29042.498046875,2736884
2026-07-16T13:43:00-04:00,29042.779296875,29042.779296875,29035.111328125,29036.31640625,1952373
2026-07-16T13:44:00-04:00,29037.31640625,29042.654296875,29034.763671875,29042.654296875,1983307
2026-07-16T13:45:00-04:00,29041.162109375,29041.162109375,29023.818359375,29025.28515625,2207333
2026-07-16T13:46:00-04:00,29027.359375,29039.47265625,29024.18359375,29039.138671875,4077701
2026-07-16T13:47:00-04:00,29041.888671875,29053.640625,29040.611328125,29048.837890625,1150980
2026-07-16T13:48:00-04:00,29046.55078125,29056.84765625,29043.947265625,29056.84765625,1683274
2026-07-16T13:49:00-04:00,29057.95703125,29065.619140625,29056.732421875,29057.08203125,2126908
2026-07-16T13:50:00-04:00,29058.791015625,29062.537109375,29053.208984375,29058.4765625,2367699
2026-07-16T13:51:00-04:00,29057.28125,29057.583984375,29049.669921875,29049.669921875,1941141
2026-07-16T13:52:00-04:00,29046.521484375,29046.521484375,29038.08203125,29043.833984375,1794949
2026-07-16T13:53:00-04:00,29043.109375,29065.744140625,29042.443359375,29059.861328125,3826670
2026-07-16T13:54:00-04:00,29063.5390625,29065.13671875,29053.10546875,29054.05859375,1013356
2026-07-16T13:55:00-04:00,29052.900390625,29052.900390625,29033.625,29035.583984375,2677715
2026-07-16T13:56:00-04:00,29034.98046875,29038.23046875,29026.7109375,29036.708984375,1019819
2026-07-16T13:57:00-04:00,29034.19921875,29036.13671875,29027.48828125,29027.48828125,1790615
2026-07-16T13:58:00-04:00,29027.98828125,29044.666015625,29027.2578125,29042.681640625,3048446
2026-07-16T13:59:00-04:00,29043.158203125,29048.94921875,29039.634765625,29045.51171875,1005713
2026-07-16T14:00:00-04:00,29043.048828125,29057.548828125,29035.68359375,29056.765625,2097409
2026-07-16T14:01:00-04:00,29055.7890625,29058.541015625,29051.197265625,29051.5078125,1839611
2026-07-16T14:02:00-04:00,29051.6796875,29051.6796875,29037.998046875,29040.19140625,2168810
2026-07-16T14:03:00-04:00,29041.0,29042.5625,29036.94140625,29038.681640625,1849343
2026-07-16T14:04:00-04:00,29047.08984375,29048.953125,29032.982421875,29034.83203125,1801553
2026-07-16T14:05:00-04:00,29034.3671875,29038.482421875,29032.0078125,29033.71484375,3272784
2026-07-16T14:06:00-04:00,29034.052734375,29041.376953125,29031.873046875,29036.908203125,773020
2026-07-16T14:07:00-04:00,29038.171875,29043.671875,29026.322265625,29036.400390625,3577877
2026-07-16T14:08:00-04:00,29026.390625,29036.529296875,29026.390625,29035.3203125,1550075
2026-07-16T14:09:00-04:00,29035.275390625,29044.673828125,29026.880859375,29035.119140625,3180913
2026-07-16T14:10:00-04:00,29033.66796875,29061.591796875,29033.66796875,29054.33203125,3079367
2026-07-16T14:11:00-04:00,29054.376953125,29076.525390625,29054.376953125,29063.580078125,2985093
2026-07-16T14:12:00-04:00,29062.296875,29073.6875,29054.1328125,29054.1328125,3478128
2026-07-16T14:13:00-04:00,29051.05859375,29060.986328125,29049.1484375,29060.986328125,1287040
2026-07-16T14:14:00-04:00,29062.666015625,29065.95703125,29035.974609375,29037.1171875,3249411
2026-07-16T14:15:00-04:00,29028.12109375,29031.15625,29023.17578125,29028.115234375,1486430
2026-07-16T14:16:00-04:00,29032.84375,29070.189453125,29032.84375,29070.189453125,2499667
2026-07-16T14:17:00-04:00,29071.62890625,29074.07421875,29066.8671875,29067.2265625,2261015
2026-07-16T14:18:00-04:00,29067.537109375,29073.19921875,29060.548828125,29069.171875,2212192
2026-07-16T14:19:00-04:00,29062.87109375,29073.60546875,29061.54296875,29070.494140625,1960991
2026-07-16T14:20:00-04:00,29071.14453125,29091.345703125,29071.14453125,29082.572265625,2243718
2026-07-16T14:21:00-04:00,29085.609375,29096.986328125,29081.748046875,29096.986328125,5856064
2026-07-16T14:22:00-04:00,29095.01953125,29104.37890625,29095.01953125,29096.712890625,934600
2026-07-16T14:23:00-04:00,29096.5390625,29096.5390625,29076.619140625,29088.0078125,3306296
2026-07-16T14:24:00-04:00,29088.34765625,29096.6640625,29088.34765625,29089.8046875,1431841
2026-07-16T14:25:00-04:00,29090.498046875,29097.05859375,29081.26953125,29081.26953125,2405006
2026-07-16T14:26:00-04:00,29077.0859375,29096.734375,29071.56640625,29096.734375,2580406
2026-07-16T14:27:00-04:00,29095.251953125,29100.3046875,29084.421875,29084.421875,2466979
2026-07-16T14:28:00-04:00,29084.99609375,29094.21875,29078.794921875,29080.326171875,2736668
2026-07-16T14:29:00-04:00,29080.958984375,29080.958984375,29067.244140625,29068.47265625,1571653
2026-07-16T14:30:00-04:00,29068.53125,29068.53125,29048.15234375,29050.578125,3485954
2026-07-16T14:31:00-04:00,29050.78515625,29054.5234375,29047.75390625,29049.759765625,1103799
2026-07-16T14:32:00-04:00,29049.662109375,29060.697265625,29049.662109375,29050.814453125,1985555
2026-07-16T14:33:00-04:00,29051.10546875,29058.015625,29045.484375,29048.109375,3178791
2026-07-16T14:34:00-04:00,29048.76171875,29053.38671875,29039.177734375,29042.646484375,1079819
2026-07-16T14:35:00-04:00,29042.59765625,29042.59765625,29032.216796875,29040.03515625,3422953
2026-07-16T14:36:00-04:00,29037.6328125,29037.6328125,29022.51171875,29025.134765625,1111330
2026-07-16T14:37:00-04:00,29025.38671875,29037.748046875,29025.38671875,29031.908203125,1833890
2026-07-16T14:38:00-04:00,29032.52734375,29039.533203125,29031.443359375,29038.4140625,1952817
2026-07-16T14:39:00-04:00,29037.3125,29038.30859375,29027.25390625,29027.25390625,2129506
2026-07-16T14:40:00-04:00,29027.810546875,29027.810546875,29004.09765625,29008.619140625,2536788
2026-07-16T14:41:00-04:00,29008.06640625,29017.232421875,29008.06640625,29011.87109375,2080759
2026-07-16T14:42:00-04:00,29013.015625,29025.6015625,29011.73828125,29025.197265625,1718814
2026-07-16T14:43:00-04:00,29031.20703125,29042.763671875,29031.20703125,29039.53515625,1907165
2026-07-16T14:44:00-04:00,29038.97265625,29048.20703125,29035.662109375,29038.888671875,2822095
2026-07-16T14:45:00-04:00,29031.65234375,29045.822265625,29027.9140625,29034.888671875,1239125
2026-07-16T14:46:00-04:00,29033.6015625,29038.884765625,29033.595703125,29033.595703125,3388250
2026-07-16T14:47:00-04:00,29032.220703125,29041.2109375,29031.07421875,29035.275390625,980258
2026-07-16T14:48:00-04:00,29035.294921875,29050.599609375,29035.294921875,29048.849609375,1788096
2026-07-16T14:49:00-04:00,29048.865234375,29050.1796875,29043.126953125,29044.087890625,1918164
2026-07-16T14:50:00-04:00,29043.865234375,29049.21484375,29040.40625,29046.373046875,1940328
2026-07-16T14:51:00-04:00,29047.544921875,29047.634765625,29039.478515625,29039.478515625,1982964
2026-07-16T14:52:00-04:00,29037.94140625,29038.21484375,29026.154296875,29026.2109375,1953802
2026-07-16T14:53:00-04:00,29027.98828125,29027.98828125,29019.41796875,29021.744140625,2852725
2026-07-16T14:54:00-04:00,29019.380859375,29019.380859375,29014.212890625,29017.01953125,856479
2026-07-16T14:55:00-04:00,29013.76953125,29013.76953125,29004.46875,29004.595703125,2970815
2026-07-16T14:56:00-04:00,29005.2109375,29016.525390625,29005.2109375,29012.888671875,1302417
2026-07-16T14:57:00-04:00,29016.935546875,29020.58203125,29004.46875,29004.46875,1935941
2026-07-16T14:58:00-04:00,29004.154296875,29016.919921875,29004.154296875,29016.919921875,1998565
2026-07-16T14:59:00-04:00,29017.328125,29017.740234375,29011.1796875,29014.453125,2099823
2026-07-16T15:00:00-04:00,29011.41796875,29027.068359375,29007.65625,29027.068359375,3203309
2026-07-16T15:01:00-04:00,29027.25390625,29027.25390625,29012.2421875,29016.587890625,1063771
2026-07-16T15:02:00-04:00,29017.591796875,29043.09375,29016.638671875,29039.66796875,3652934
2026-07-16T15:03:00-04:00,29034.57421875,29035.7890625,29022.3359375,29035.7890625,1607919
2026-07-16T15:04:00-04:00,29034.126953125,29041.177734375,29026.896484375,29027.412109375,2296632
2026-07-16T15:05:00-04:00,29029.775390625,29040.865234375,29021.689453125,29040.720703125,2400261
2026-07-16T15:06:00-04:00,29040.033203125,29040.033203125,29002.697265625,29002.697265625,2956526
2026-07-16T15:07:00-04:00,29004.888671875,29004.888671875,28984.755859375,28991.291015625,3611915
2026-07-16T15:08:00-04:00,28990.212890625,28993.498046875,28987.083984375,28987.083984375,3619487
2026-07-16T15:09:00-04:00,28986.322265625,28988.513671875,28983.23828125,28983.23828125,4178509
2026-07-16T15:10:00-04:00,28978.94921875,28994.380859375,28978.94921875,28987.7578125,1733043
2026-07-16T15:11:00-04:00,28988.185546875,28994.009765625,28984.267578125,28994.009765625,2711440
2026-07-16T15:12:00-04:00,28990.626953125,28990.626953125,28979.0859375,28982.7890625,4352444
2026-07-16T15:13:00-04:00,28982.26953125,28987.15234375,28977.4453125,28977.4453125,1524700
2026-07-16T15:14:00-04:00,28981.087890625,28981.525390625,28977.6171875,28981.48046875,2650238
2026-07-16T15:15:00-04:00,28984.203125,28984.203125,28968.751953125,28974.380859375,2744931
2026-07-16T15:16:00-04:00,28975.84765625,28983.595703125,28974.73046875,28974.88671875,3141815
2026-07-16T15:17:00-04:00,28972.498046875,28973.09375,28954.046875,28954.046875,2421323
2026-07-16T15:18:00-04:00,28950.818359375,28966.63671875,28950.818359375,28966.63671875,4758449
2026-07-16T15:19:00-04:00,28968.890625,28968.890625,28960.994140625,28964.158203125,1375540
2026-07-16T15:20:00-04:00,28964.853515625,28967.900390625,28963.076171875,28964.919921875,2615496
2026-07-16T15:21:00-04:00,28962.333984375,28983.162109375,28962.08203125,28983.162109375,3284350
2026-07-16T15:22:00-04:00,28982.6953125,28982.6953125,28962.123046875,28962.185546875,3015935
2026-07-16T15:23:00-04:00,28963.203125,28964.689453125,28952.97265625,28952.97265625,2643779
2026-07-16T15:24:00-04:00,28949.328125,28957.9453125,28949.328125,28954.068359375,2575488
2026-07-16T15:25:00-04:00,28958.080078125,28958.080078125,28942.8515625,28944.427734375,2899227
2026-07-16T15:26:00-04:00,28943.111328125,28943.111328125,28929.00390625,28929.00390625,3133803
2026-07-16T15:27:00-04:00,28925.728515625,28937.220703125,28921.673828125,28935.2890625,4738995
2026-07-16T15:28:00-04:00,28937.34765625,28948.693359375,28937.34765625,28948.201171875,1644006
2026-07-16T15:29:00-04:00,28952.283203125,28961.896484375,28948.775390625,28953.19921875,3023829
2026-07-16T15:30:00-04:00,28949.625,28969.416015625,28936.12109375,28952.560546875,4712023
2026-07-16T15:31:00-04:00,28952.736328125,28952.736328125,28929.125,28929.125,5054258
2026-07-16T15:32:00-04:00,28927.6640625,28939.62890625,28922.27734375,28939.27734375,3246644
2026-07-16T15:33:00-04:00,28938.57421875,28938.955078125,28934.296875,28937.0,3090291
2026-07-16T15:34:00-04:00,28940.310546875,28951.68359375,28940.310546875,28949.40234375,2922074
2026-07-16T15:35:00-04:00,28949.669921875,28951.404296875,28936.34375,28936.34375,3494298
2026-07-16T15:36:00-04:00,28936.060546875,28940.76953125,28923.9609375,28923.9609375,3115576
2026-07-16T15:37:00-04:00,28923.212890625,28936.251953125,28921.6640625,28936.134765625,5032127
2026-07-16T15:38:00-04:00,28936.251953125,28956.02734375,28936.251953125,28956.02734375,1592928
2026-07-16T15:39:00-04:00,28955.181640625,28963.427734375,28951.150390625,28951.150390625,4848328
2026-07-16T15:40:00-04:00,28947.01953125,28947.01953125,28933.974609375,28942.873046875,2033309
2026-07-16T15:41:00-04:00,28943.830078125,28959.36328125,28943.830078125,28956.59765625,3682832
2026-07-16T15:42:00-04:00,28957.35546875,28958.98046875,28948.14453125,28956.61328125,3009876
2026-07-16T15:43:00-04:00,28957.28125,28958.091796875,28934.94140625,28937.638671875,3216094
2026-07-16T15:44:00-04:00,28936.9140625,28936.9140625,28920.896484375,28920.896484375,4026945
2026-07-16T15:45:00-04:00,28916.716796875,28922.2421875,28909.216796875,28921.29296875,5622000
2026-07-16T15:46:00-04:00,28922.515625,28922.515625,28900.49609375,28901.66796875,5218000
2026-07-16T15:47:00-04:00,28901.697265625,28908.119140625,28897.55859375,28897.55859375,4377000
2026-07-16T15:48:00-04:00,28894.8671875,28894.8671875,28884.20703125,28884.625,5064000
2026-07-16T15:49:00-04:00,28887.201171875,28892.7734375,28881.228515625,28892.744140625,7384000
2026-07-16T15:50:00-04:00,28914.68359375,28941.056640625,28908.482421875,28935.94140625,3713000
2026-07-16T15:51:00-04:00,28934.421875,28958.126953125,28930.443359375,28957.015625,11310000
2026-07-16T15:52:00-04:00,28961.771484375,28968.30859375,28956.94140625,28968.30859375,3686000
2026-07-16T15:53:00-04:00,28961.77734375,28972.67578125,28957.77734375,28969.52734375,7286000
2026-07-16T15:54:00-04:00,28965.248046875,28975.931640625,28958.443359375,28975.931640625,6988000
2026-07-16T15:55:00-04:00,29003.578125,29013.779296875,28994.669921875,29005.162109375,7372000
2026-07-16T15:56:00-04:00,29004.814453125,29006.701171875,28992.01953125,29006.701171875,6736000
2026-07-16T15:57:00-04:00,29006.611328125,29007.484375,28998.908203125,29007.484375,7077000
2026-07-16T15:58:00-04:00,29004.0078125,29007.953125,28999.259765625,29005.55859375,9764000
2026-07-16T15:59:00-04:00,29009.80078125,29036.6953125,29009.80078125,29035.013671875,3443000
2026-07-17T09:30:00-04:00,28461.943359375,28473.826171875,28454.41015625,28463.98046875,0
2026-07-17T09:31:00-04:00,28477.83984375,28498.96875,28477.83984375,28496.73828125,11627529
2026-07-17T09:32:00-04:00,28505.375,28505.375,28451.67578125,28453.0625,13026769
2026-07-17T09:33:00-04:00,28451.640625,28451.640625,28396.607421875,28396.607421875,13692487
2026-07-17T09:34:00-04:00,28391.572265625,28391.572265625,28358.953125,28380.916015625,8976435
2026-07-17T09:35:00-04:00,28371.36328125,28371.36328125,28353.7109375,28353.7109375,9753475
2026-07-17T09:36:00-04:00,28354.55859375,28382.25390625,28339.150390625,28344.876953125,10081438
2026-07-17T09:37:00-04:00,28347.40625,28347.40625,28317.62890625,28323.654296875,8010414
2026-07-17T09:38:00-04:00,28322.619140625,28325.005859375,28300.177734375,28300.177734375,9017595
2026-07-17T09:39:00-04:00,28301.33984375,28301.33984375,28280.44140625,28287.810546875,9152072
2026-07-17T09:40:00-04:00,28283.318359375,28317.4453125,28283.318359375,28303.78515625,8655856
2026-07-17T09:41:00-04:00,28317.275390625,28332.373046875,28293.4296875,28293.4296875,8039803
2026-07-17T09:42:00-04:00,28288.984375,28288.984375,28257.931640625,28264.60546875,8181721
2026-07-17T09:43:00-04:00,28245.8203125,28258.10546875,28237.59765625,28237.59765625,5813989
2026-07-17T09:44:00-04:00,28235.19140625,28266.736328125,28233.681640625,28239.873046875,6982899
2026-07-17T09:45:00-04:00,28257.90625,28274.9140625,28241.201171875,28261.533203125,6782676
2026-07-17T09:46:00-04:00,28278.177734375,28295.724609375,28267.3828125,28267.3828125,6470841
2026-07-17T09:47:00-04:00,28255.646484375,28302.814453125,28255.646484375,28302.236328125,5808870
2026-07-17T09:48:00-04:00,28304.783203125,28331.77734375,28304.412109375,28323.052734375,7244740
2026-07-17T09:49:00-04:00,28330.568359375,28330.568359375,28298.244140625,28319.98046875,7328239
2026-07-17T09:50:00-04:00,28311.03515625,28356.068359375,28308.94921875,28353.71484375,6184567
2026-07-17T09:51:00-04:00,28348.05859375,28364.17578125,28345.705078125,28352.89453125,6824790
2026-07-17T09:52:00-04:00,28346.791015625,28393.244140625,28346.791015625,28392.7109375,5914242
2026-07-17T09:53:00-04:00,28380.77734375,28417.447265625,28380.77734375,28415.38671875,6266883
2026-07-17T09:54:00-04:00,28421.8984375,28434.1328125,28417.62890625,28430.873046875,5628600
2026-07-17T09:55:00-04:00,28410.904296875,28453.353515625,28410.904296875,28449.146484375,5322453
2026-07-17T09:56:00-04:00,28439.7421875,28459.21484375,28437.673828125,28459.21484375,4633750
2026-07-17T09:57:00-04:00,28442.802734375,28477.435546875,28442.802734375,28474.515625,4535527
2026-07-17T09:58:00-04:00,28478.23046875,28499.537109375,28478.23046875,28499.537109375,5200612
2026-07-17T09:59:00-04:00,28500.94140625,28504.984375,28493.33203125,28502.033203125,5204649
2026-07-17T10:00:00-04:00,28520.654296875,28554.01953125,28505.06640625,28554.01953125,9713591
2026-07-17T10:01:00-04:00,28560.056640625,28571.455078125,28555.158203125,28555.158203125,6428162
2026-07-17T10:02:00-04:00,28552.859375,28592.673828125,28552.859375,28592.673828125,6369459
2026-07-17T10:03:00-04:00,28585.5859375,28606.134765625,28572.16796875,28572.16796875,5891166
2026-07-17T10:04:00-04:00,28582.140625,28582.140625,28539.39453125,28539.39453125,5377891
2026-07-17T10:05:00-04:00,28560.912109375,28601.0859375,28560.912109375,28599.943359375,6205243
2026-07-17T10:06:00-04:00,28603.990234375,28636.443359375,28603.990234375,28632.009765625,5615587
2026-07-17T10:07:00-04:00,28630.21484375,28633.482421875,28614.1875,28620.380859375,5790112
2026-07-17T10:08:00-04:00,28618.796875,28634.330078125,28613.33203125,28631.0625,4817386
2026-07-17T10:09:00-04:00,28628.51171875,28640.541015625,28620.705078125,28640.541015625,5063287
2026-07-17T10:10:00-04:00,28638.80078125,28687.470703125,28638.80078125,28687.470703125,5607580
2026-07-17T10:11:00-04:00,28688.126953125,28688.126953125,28666.8828125,28671.869140625,6977550
2026-07-17T10:12:00-04:00,28672.140625,28672.140625,28635.2734375,28639.4375,5503946
2026-07-17T10:13:00-04:00,28639.125,28661.05078125,28630.072265625,28636.640625,5425551
2026-07-17T10:14:00-04:00,28634.04296875,28635.529296875,28614.876953125,28635.529296875,4473469
2026-07-17T10:15:00-04:00,28631.84765625,28676.40234375,28608.14453125,28676.40234375,4609654
2026-07-17T10:16:00-04:00,28677.6015625,28677.6015625,28651.771484375,28674.626953125,4689807
2026-07-17T10:17:00-04:00,28700.599609375,28710.77734375,28690.275390625,28690.275390625,5373286
2026-07-17T10:18:00-04:00,28675.642578125,28680.640625,28666.087890625,28680.640625,5104352
2026-07-17T10:19:00-04:00,28676.826171875,28693.228515625,28676.826171875,28683.251953125,4326109
2026-07-17T10:20:00-04:00,28677.619140625,28682.1875,28664.65625,28664.65625,4575712
2026-07-17T10:21:00-04:00,28660.5703125,28683.322265625,28642.15234375,28683.322265625,4393415
2026-07-17T10:22:00-04:00,28691.220703125,28691.220703125,28655.515625,28668.998046875,3629133
2026-07-17T10:23:00-04:00,28669.47265625,28677.703125,28648.697265625,28668.220703125,3549909
2026-07-17T10:24:00-04:00,28672.201171875,28700.576171875,28672.201171875,28690.8359375,3395847
2026-07-17T10:25:00-04:00,28703.1484375,28708.12890625,28684.119140625,28690.408203125,3223871
2026-07-17T10:26:00-04:00,28683.072265625,28683.072265625,28668.720703125,28668.720703125,3126124
2026-07-17T10:27:00-04:00,28672.099609375,28693.287109375,28664.986328125,28684.26953125,2708312
2026-07-17T10:28:00-04:00,28665.830078125,28668.685546875,28661.400390625,28661.400390625,3296374
2026-07-17T10:29:00-04:00,28656.59765625,28656.59765625,28642.03515625,28643.626953125,3105176
2026-07-17T10:30:00-04:00,28652.87109375,28654.453125,28627.859375,28649.236328125,3486092
2026-07-17T10:31:00-04:00,28652.8203125,28659.224609375,28627.943359375,28627.943359375,4500557
2026-07-17T10:32:00-04:00,28622.712890625,28631.412109375,28598.560546875,28601.248046875,4171131
2026-07-17T10:33:00-04:00,28592.30859375,28607.76953125,28583.708984375,28597.40234375,4520948
2026-07-17T10:34:00-04:00,28604.802734375,28628.5703125,28604.802734375,28619.607421875,4324946
2026-07-17T10:35:00-04:00,28617.12890625,28663.25390625,28616.70703125,28663.25390625,3374855
2026-07-17T10:36:00-04:00,28680.66796875,28685.916015625,28669.359375,28673.1328125,3915193
2026-07-17T10:37:00-04:00,28655.5859375,28690.09765625,28655.5859375,28681.21484375,3142983
2026-07-17T10:38:00-04:00,28674.078125,28704.21875,28674.078125,28678.974609375,3720481
2026-07-17T10:39:00-04:00,28679.443359375,28708.048828125,28679.443359375,28708.048828125,2809886
2026-07-17T10:40:00-04:00,28700.671875,28708.65625,28694.634765625,28697.849609375,2868707
2026-07-17T10:41:00-04:00,28693.919921875,28694.994140625,28679.248046875,28679.248046875,3387771
2026-07-17T10:42:00-04:00,28683.875,28692.212890625,28657.53125,28657.53125,2698243
2026-07-17T10:43:00-04:00,28652.888671875,28655.046875,28630.59375,28638.171875,3157378
2026-07-17T10:44:00-04:00,28642.73828125,28652.251953125,28637.857421875,28652.251953125,3072439
2026-07-17T10:45:00-04:00,28645.302734375,28645.302734375,28624.798828125,28636.626953125,2655389
2026-07-17T10:46:00-04:00,28630.509765625,28630.509765625,28592.619140625,28610.41796875,3256887
2026-07-17T10:47:00-04:00,28616.138671875,28675.626953125,28616.138671875,28675.626953125,3561521
2026-07-17T10:48:00-04:00,28666.12109375,28666.12109375,28631.228515625,28634.4609375,3088009
2026-07-17T10:49:00-04:00,28636.345703125,28638.712890625,28614.716796875,28614.716796875,3171397
2026-07-17T10:50:00-04:00,28607.42578125,28627.451171875,28606.099609375,28625.359375,3561074
2026-07-17T10:51:00-04:00,28623.701171875,28623.701171875,28593.52734375,28593.52734375,2817880
2026-07-17T10:52:00-04:00,28589.994140625,28626.6171875,28589.994140625,28609.140625,3494539
2026-07-17T10:53:00-04:00,28603.22265625,28603.22265625,28592.3203125,28593.544921875,2659821
2026-07-17T10:54:00-04:00,28590.3671875,28591.07421875,28573.798828125,28582.8046875,2529486
2026-07-17T10:55:00-04:00,28580.744140625,28620.8671875,28580.744140625,28620.8671875,2812614
2026-07-17T10:56:00-04:00,28620.04296875,28620.04296875,28582.109375,28583.287109375,3347531
2026-07-17T10:57:00-04:00,28582.34765625,28597.888671875,28582.34765625,28591.931640625,2278368
2026-07-17T10:58:00-04:00,28587.21484375,28587.21484375,28544.609375,28546.033203125,2548686
2026-07-17T10:59:00-04:00,28551.546875,28557.53515625,28545.591796875,28546.30859375,3322419
2026-07-17T11:00:00-04:00,28553.162109375,28558.97265625,28530.1328125,28530.1328125,3025525
2026-07-17T11:01:00-04:00,28532.73828125,28533.064453125,28511.369140625,28522.62109375,3679418
2026-07-17T11:02:00-04:00,28526.708984375,28542.990234375,28526.708984375,28537.697265625,2976645
2026-07-17T11:03:00-04:00,28537.59375,28538.51953125,28518.70703125,28518.70703125,2678452
2026-07-17T11:04:00-04:00,28522.306640625,28525.50390625,28507.94140625,28512.96484375,3042179
2026-07-17T11:05:00-04:00,28509.345703125,28524.15625,28506.47265625,28520.689453125,3007759
2026-07-17T11:06:00-04:00,28514.09375,28519.79296875,28503.3828125,28519.79296875,2812804
2026-07-17T11:07:00-04:00,28519.244140625,28532.466796875,28502.1328125,28506.681640625,2747256
2026-07-17T11:08:00-04:00,28512.591796875,28538.076171875,28512.591796875,28536.80078125,2565826
2026-07-17T11:09:00-04:00,28548.00390625,28550.0859375,28535.005859375,28546.734375,2554958
2026-07-17T11:10:00-04:00,28557.283203125,28571.404296875,28527.66796875,28529.490234375,2379110
2026-07-17T11:11:00-04:00,28530.45703125,28535.373046875,28518.998046875,28519.701171875,2829023
2026-07-17T11:12:00-04:00,28518.40234375,28545.328125,28515.791015625,28530.380859375,2709200
2026-07-17T11:13:00-04:00,28532.005859375,28534.01953125,28517.37890625,28517.37890625,2341889
2026-07-17T11:14:00-04:00,28516.822265625,28530.328125,28514.974609375,28528.35546875,2437822
2026-07-17T11:15:00-04:00,28527.1875,28528.431640625,28510.537109375,28512.3359375,2573846
2026-07-17T11:16:00-04:00,28513.48046875,28530.85546875,28513.48046875,28522.318359375,2495590
2026-07-17T11:17:00-04:00,28517.203125,28526.328125,28515.912109375,28523.728515625,2480498
2026-07-17T11:18:00-04:00,28520.052734375,28540.017578125,28516.498046875,28540.017578125,2283236
2026-07-17T11:19:00-04:00,28541.9765625,28563.552734375,28540.8046875,28540.8046875,2759424
2026-07-17T11:20:00-04:00,28547.10546875,28547.10546875,28517.041015625,28535.3203125,2434257
2026-07-17T11:21:00-04:00,28542.076171875,28549.447265625,28538.951171875,28542.40234375,2468063
2026-07-17T11:22:00-04:00,28544.59765625,28562.05859375,28534.095703125,28558.658203125,2304332
2026-07-17T11:23:00-04:00,28556.853515625,28561.70703125,28516.001953125,28516.001953125,2489000
2026-07-17T11:24:00-04:00,28513.052734375,28513.052734375,28497.498046875,28505.306640625,2303603
2026-07-17T11:25:00-04:00,28511.86328125,28534.8828125,28511.86328125,28528.185546875,2239647
2026-07-17T11:26:00-04:00,28535.294921875,28545.744140625,28535.294921875,28545.744140625,2304791
2026-07-17T11:27:00-04:00,28552.841796875,28554.224609375,28541.28515625,28541.28515625,2208895
2026-07-17T11:28:00-04:00,28540.177734375,28560.271484375,28540.177734375,28552.0,2438806
2026-07-17T11:29:00-04:00,28557.359375,28582.2890625,28557.359375,28582.2890625,3714167
2026-07-17T11:30:00-04:00,28570.25390625,28598.31640625,28570.25390625,28597.056640625,2591321
2026-07-17T11:31:00-04:00,28592.9921875,28592.9921875,28579.001953125,28581.69921875,2378846
2026-07-17T11:32:00-04:00,28581.7109375,28590.40234375,28556.560546875,28590.40234375,3058739
2026-07-17T11:33:00-04:00,28600.38671875,28610.3359375,28600.18359375,28603.19921875,2518733
2026-07-17T11:34:00-04:00,28597.861328125,28598.595703125,28574.470703125,28576.697265625,2669567
2026-07-17T11:35:00-04:00,28575.828125,28575.828125,28553.392578125,28568.369140625,2755639
2026-07-17T11:36:00-04:00,28572.31640625,28603.498046875,28572.31640625,28597.873046875,2942887
2026-07-17T11:37:00-04:00,28599.63671875,28627.369140625,28599.63671875,28615.25,2543015
2026-07-17T11:38:00-04:00,28607.763671875,28644.166015625,28607.763671875,28644.166015625,3451127
2026-07-17T11:39:00-04:00,28646.46875,28648.005859375,28637.322265625,28645.193359375,2016338
2026-07-17T11:40:00-04:00,28649.181640625,28661.625,28649.181640625,28653.59765625,2207893
2026-07-17T11:41:00-04:00,28634.59375,28634.59375,28612.068359375,28619.59375,2194117
2026-07-17T11:42:00-04:00,28617.470703125,28621.611328125,28600.9921875,28608.12890625,2001337
2026-07-17T11:43:00-04:00,28610.326171875,28616.306640625,28593.60546875,28595.458984375,1856986
2026-07-17T11:44:00-04:00,28598.76953125,28623.359375,28597.828125,28619.50390625,2561889
2026-07-17T11:45:00-04:00,28616.677734375,28629.462890625,28610.529296875,28610.529296875,2057308
2026-07-17T11:46:00-04:00,28614.31640625,28629.80078125,28612.259765625,28629.80078125,2366801
2026-07-17T11:47:00-04:00,28638.64453125,28643.638671875,28637.103515625,28640.822265625,3215777
2026-07-17T11:48:00-04:00,28637.970703125,28652.078125,28632.34375,28632.34375,1968805
2026-07-17T11:49:00-04:00,28633.875,28646.494140625,28633.875,28646.494140625,1794166
2026-07-17T11:50:00-04:00,28647.390625,28652.904296875,28632.859375,28632.859375,1995998
2026-07-17T11:51:00-04:00,28630.216796875,28653.669921875,28630.216796875,28652.580078125,1999281
2026-07-17T11:52:00-04:00,28648.751953125,28654.498046875,28648.001953125,28654.126953125,1972067
2026-07-17T11:53:00-04:00,28657.451171875,28674.615234375,28657.451171875,28671.21875,2290539
2026-07-17T11:54:00-04:00,28673.177734375,28703.408203125,28673.177734375,28703.408203125,2227326
2026-07-17T11:55:00-04:00,28707.646484375,28723.515625,28707.646484375,28723.515625,2870966
2026-07-17T11:56:00-04:00,28732.025390625,28745.072265625,28732.025390625,28743.70703125,2423485
2026-07-17T11:57:00-04:00,28742.966796875,28744.828125,28732.427734375,28740.560546875,2944381
2026-07-17T11:58:00-04:00,28738.591796875,28749.400390625,28736.794921875,28749.400390625,2795093
2026-07-17T11:59:00-04:00,28755.552734375,28769.919921875,28754.384765625,28754.384765625,3144511
2026-07-17T12:00:00-04:00,28754.8828125,28779.3359375,28754.8828125,28776.71875,4245442
2026-07-17T12:01:00-04:00,28774.98828125,28776.03515625,28718.162109375,28718.162109375,7609550
2026-07-17T12:02:00-04:00,28719.078125,28729.65234375,28706.533203125,28709.33203125,1723095
2026-07-17T12:03:00-04:00,28711.802734375,28711.802734375,28688.962890625,28701.6015625,3870416
2026-07-17T12:04:00-04:00,28696.763671875,28701.900390625,28689.263671875,28701.900390625,1222988
2026-07-17T12:05:00-04:00,28706.802734375,28706.802734375,28689.814453125,28690.826171875,2830831
2026-07-17T12:06:00-04:00,28693.21875,28696.921875,28679.0859375,28685.251953125,2029964
2026-07-17T12:07:00-04:00,28689.3515625,28702.015625,28673.806640625,28684.15625,2268818
2026-07-17T12:08:00-04:00,28684.708984375,28695.392578125,28680.2421875,28694.22265625,3061206
2026-07-17T12:09:00-04:00,28695.552734375,28738.78515625,28693.728515625,28738.78515625,1418797
2026-07-17T12:10:00-04:00,28739.83203125,28765.732421875,28739.83203125,28760.396484375,2878146
2026-07-17T12:11:00-04:00,28759.396484375,28759.396484375,28730.62109375,28730.62109375,3218724
2026-07-17T12:12:00-04:00,28723.40625,28746.111328125,28723.40625,28743.8515625,1941165
2026-07-17T12:13:00-04:00,28744.24609375,28759.25390625,28742.859375,28753.623046875,4016980
2026-07-17T12:14:00-04:00,28753.822265625,28764.94140625,28753.822265625,28764.86328125,1241099
2026-07-17T12:15:00-04:00,28765.419921875,28769.76953125,28755.505859375,28767.517578125,3389618
2026-07-17T12:16:00-04:00,28770.607421875,28775.158203125,28759.0703125,28759.0703125,1213394
2026-07-17T12:17:00-04:00,28755.33984375,28776.869140625,28755.33984375,28766.880859375,2906893
2026-07-17T12:18:00-04:00,28766.873046875,28775.97265625,28760.07421875,28763.892578125,2967049
2026-07-17T12:19:00-04:00,28765.728515625,28771.798828125,28764.30078125,28771.529296875,2434951
2026-07-17T12:20:00-04:00,28769.38671875,28773.396484375,28755.216796875,28755.216796875,2158027
2026-07-17T12:21:00-04:00,28756.56640625,28756.56640625,28724.759765625,28724.759765625,3176196
2026-07-17T12:22:00-04:00,28718.2578125,28722.130859375,28700.275390625,28703.455078125,4957275
2026-07-17T12:23:00-04:00,28699.298828125,28699.298828125,28691.705078125,28696.7890625,1038117
2026-07-17T12:24:00-04:00,28696.66796875,28706.013671875,28690.515625,28693.259765625,4000483
2026-07-17T12:25:00-04:00,28686.806640625,28711.814453125,28686.806640625,28711.80078125,916435
2026-07-17T12:26:00-04:00,28709.626953125,28715.365234375,28698.693359375,28715.365234375,2577350
2026-07-17T12:27:00-04:00,28717.181640625,28761.216796875,28717.181640625,28753.66796875,2510110
2026-07-17T12:28:00-04:00,28754.119140625,28761.216796875,28751.30078125,28751.611328125,2006138
2026-07-17T12:29:00-04:00,28749.396484375,28752.18359375,28741.060546875,28741.060546875,3203925
2026-07-17T12:30:00-04:00,28743.462890625,28750.626953125,28717.31640625,28718.78125,1386223
2026-07-17T12:31:00-04:00,28718.734375,28722.322265625,28714.73046875,28721.484375,3463412
2026-07-17T12:32:00-04:00,28721.826171875,28730.521484375,28715.62109375,28730.521484375,1117359
2026-07-17T12:33:00-04:00,28734.908203125,28738.16796875,28726.970703125,28738.16796875,1872157
2026-07-17T12:34:00-04:00,28740.974609375,28741.26953125,28729.61328125,28733.759765625,1622077
2026-07-17T12:35:00-04:00,28733.818359375,28747.556640625,28733.818359375,28744.880859375,1807228
2026-07-17T12:36:00-04:00,28744.0703125,28754.736328125,28735.443359375,28754.537109375,2166807
2026-07-17T12:37:00-04:00,28755.580078125,28755.796875,28740.0625,28740.68359375,2193070
2026-07-17T12:38:00-04:00,28737.400390625,28748.720703125,28736.15234375,28747.873046875,2939809
2026-07-17T12:39:00-04:00,28748.7578125,28759.044921875,28744.32421875,28746.98828125,949477
2026-07-17T12:40:00-04:00,28746.978515625,28750.8046875,28727.75,28730.603515625,2548019
2026-07-17T12:41:00-04:00,28736.580078125,28743.005859375,28733.05078125,28740.234375,707828
2026-07-17T12:42:00-04:00,28745.806640625,28757.5,28745.806640625,28757.375,1558542
2026-07-17T12:43:00-04:00,28756.712890625,28782.751953125,28756.712890625,28775.35546875,1693228
2026-07-17T12:44:00-04:00,28772.681640625,28786.873046875,28767.189453125,28786.873046875,1942141
2026-07-17T12:45:00-04:00,28789.841796875,28793.33203125,28788.1171875,28790.044921875,3108718
2026-07-17T12:46:00-04:00,28789.1796875,28797.798828125,28788.330078125,28794.87109375,1060810
2026-07-17T12:47:00-04:00,28795.35546875,28814.615234375,28795.140625,28811.6953125,2412098
2026-07-17T12:48:00-04:00,28811.875,28820.8828125,28810.921875,28818.697265625,2407535
2026-07-17T12:49:00-04:00,28819.248046875,28820.90625,28815.791015625,28819.853515625,3014615
2026-07-17T12:50:00-04:00,28821.18359375,28823.638671875,28809.853515625,28813.52734375,1047837
2026-07-17T12:51:00-04:00,28813.3515625,28843.53125,28813.3515625,28842.73828125,4383042
2026-07-17T12:52:00-04:00,28848.84375,28851.693359375,28830.736328125,28840.26171875,1458179
2026-07-17T12:53:00-04:00,28839.685546875,28841.26171875,28827.53125,28827.53125,2203653
2026-07-17T12:54:00-04:00,28827.361328125,28836.21875,28824.03515625,28836.21875,2448699
2026-07-17T12:55:00-04:00,28834.173828125,28842.576171875,28815.236328125,28815.236328125,2019784
2026-07-17T12:56:00-04:00,28816.185546875,28816.185546875,28797.310546875,28806.615234375,2167238
2026-07-17T12:57:00-04:00,28807.728515625,28807.728515625,28791.896484375,28798.11328125,1744733
2026-07-17T12:58:00-04:00,28796.990234375,28803.6171875,28786.76953125,28803.6171875,2213432
2026-07-17T12:59:00-04:00,28800.8203125,28807.634765625,28796.541015625,28796.541015625,2817992
2026-07-17T13:00:00-04:00,28797.23828125,28833.9921875,28794.8359375,28833.390625,2093529
2026-07-17T13:01:00-04:00,28834.5078125,28851.978515625,28834.1640625,28846.67578125,2386836
2026-07-17T13:02:00-04:00,28845.17578125,28845.17578125,28822.11328125,28826.8125,2548374
2026-07-17T13:03:00-04:00,28827.671875,28835.74609375,28826.8359375,28833.646484375,1769780
2026-07-17T13:04:00-04:00,28835.966796875,28838.640625,28831.5859375,28836.568359375,2040465
2026-07-17T13:05:00-04:00,28831.880859375,28839.46484375,28828.265625,28833.568359375,2522371
2026-07-17T13:06:00-04:00,28833.359375,28849.76953125,28832.173828125,28848.171875,3720036
2026-07-17T13:07:00-04:00,28853.19921875,28860.68359375,28852.779296875,28854.669921875,1388308
2026-07-17T13:08:00-04:00,28854.193359375,28862.658203125,28852.771484375,28852.771484375,4691407
2026-07-17T13:09:00-04:00,28853.26953125,28862.259765625,28844.462890625,28859.8984375,1168312
2026-07-17T13:10:00-04:00,28858.2890625,28864.02734375,28854.3671875,28860.373046875,3837533
2026-07-17T13:11:00-04:00,28860.548828125,28865.0625,28852.361328125,28852.361328125,1433995
2026-07-17T13:12:00-04:00,28850.4921875,28857.53515625,28847.912109375,28850.361328125,3488368
2026-07-17T13:13:00-04:00,28850.4375,28850.83984375,28834.759765625,28834.759765625,1163483
2026-07-17T13:14:00-04:00,28833.201171875,28835.654296875,28822.419921875,28822.419921875,2415853
2026-07-17T13:15:00-04:00,28819.646484375,28838.630859375,28812.77734375,28837.75390625,2115656
2026-07-17T13:16:00-04:00,28838.552734375,28859.626953125,28838.552734375,28856.0078125,2455411
2026-07-17T13:17:00-04:00,28857.791015625,28863.263671875,28856.814453125,28857.150390625,2849894
2026-07-17T13:18:00-04:00,28857.923828125,28859.94921875,28843.576171875,28843.591796875,2244334
2026-07-17T13:19:00-04:00,28843.40234375,28843.40234375,28828.244140625,28830.794921875,2162275
2026-07-17T13:20:00-04:00,28827.93359375,28827.93359375,28809.734375,28817.9140625,2819326
2026-07-17T13:21:00-04:00,28818.876953125,28819.955078125,28807.826171875,28809.15234375,2125029
2026-07-17T13:22:00-04:00,28813.20703125,28820.123046875,28809.37109375,28819.916015625,3330495
2026-07-17T13:23:00-04:00,28821.9921875,28826.984375,28812.771484375,28817.91796875,2093485
2026-07-17T13:24:00-04:00,28818.244140625,28820.79296875,28812.068359375,28814.32421875,2712987
2026-07-17T13:25:00-04:00,28815.484375,28831.951171875,28815.484375,28831.951171875,2737177
2026-07-17T13:26:00-04:00,28838.037109375,28855.439453125,28838.037109375,28854.0859375,2054984
2026-07-17T13:27:00-04:00,28856.18359375,28858.140625,28851.513671875,28856.30078125,2645181
2026-07-17T13:28:00-04:00,28859.41015625,28864.025390625,28853.78125,28853.78125,987950
2026-07-17T13:29:00-04:00,28853.544921875,28863.015625,28853.544921875,28859.31640625,2603441
2026-07-17T13:30:00-04:00,28860.5078125,28866.046875,28857.060546875,28860.90234375,2425602
2026-07-17T13:31:00-04:00,28864.109375,28864.3671875,28848.814453125,28854.830078125,2487921
2026-07-17T13:32:00-04:00,28852.25,28852.623046875,28843.8203125,28845.115234375,1767404
2026-07-17T13:33:00-04:00,28845.966796875,28857.8203125,28845.966796875,28850.693359375,1948915
2026-07-17T13:34:00-04:00,28851.333984375,28853.40625,28840.05859375,28841.619140625,3046866
2026-07-17T13:35:00-04:00,28843.80859375,28843.80859375,28806.134765625,28806.134765625,1275461
2026-07-17T13:36:00-04:00,28809.03515625,28809.03515625,28800.396484375,28801.572265625,3544141
2026-07-17T13:37:00-04:00,28805.26953125,28814.75390625,28803.986328125,28809.7265625,1177613
2026-07-17T13:38:00-04:00,28808.5546875,28808.5546875,28797.171875,28797.53125,1796582
2026-07-17T13:39:00-04:00,28798.328125,28804.341796875,28798.328125,28804.341796875,2848600
2026-07-17T13:40:00-04:00,28803.236328125,28803.236328125,28782.841796875,28783.802734375,1881595
2026-07-17T13:41:00-04:00,28784.703125,28784.703125,28771.798828125,28781.80859375,3800760
2026-07-17T13:42:00-04:00,28789.115234375,28789.115234375,28771.640625,28771.927734375,998931
2026-07-17T13:43:00-04:00,28770.66015625,28777.234375,28768.080078125,28777.234375,3135780
2026-07-17T13:44:00-04:00,28774.318359375,28776.482421875,28768.822265625,28774.796875,765043
2026-07-17T13:45:00-04:00,28774.259765625,28787.38671875,28766.86328125,28785.591796875,1632223
2026-07-17T13:46:00-04:00,28785.87109375,28785.87109375,28768.017578125,28768.017578125,1724776
2026-07-17T13:47:00-04:00,28767.533203125,28776.41796875,28767.533203125,28776.41796875,1482129
2026-07-17T13:48:00-04:00,28776.875,28785.7578125,28776.875,28779.701171875,2217019
2026-07-17T13:49:00-04:00,28779.98828125,28779.98828125,28775.23828125,28779.681640625,2589460
2026-07-17T13:50:00-04:00,28783.384765625,28786.1875,28758.54296875,28760.427734375,3184967
2026-07-17T13:51:00-04:00,28759.46875,28759.99609375,28751.4140625,28757.279296875,834436
2026-07-17T13:52:00-04:00,28757.123046875,28765.619140625,28750.02734375,28752.40625,2935666
2026-07-17T13:53:00-04:00,28753.083984375,28753.087890625,28742.908203125,28745.69921875,799656
2026-07-17T13:54:00-04:00,28747.677734375,28758.380859375,28747.677734375,28749.73828125,1867501
2026-07-17T13:55:00-04:00,28746.521484375,28746.521484375,28732.408203125,28733.830078125,1766381
2026-07-17T13:56:00-04:00,28735.54296875,28736.294921875,28722.3515625,28722.3515625,2081057
2026-07-17T13:57:00-04:00,28722.41015625,28726.759765625,28714.912109375,28726.37890625,1910000
2026-07-17T13:58:00-04:00,28724.541015625,28724.541015625,28705.576171875,28717.234375,1620000
2026-07-17T13:59:00-04:00,28717.134765625,28722.685546875,28717.134765625,28719.625,1812000
2026-07-17T14:00:00-04:00,28719.138671875,28730.4765625,28703.822265625,28705.4453125,2303000
2026-07-17T14:01:00-04:00,28707.658203125,28724.373046875,28707.658203125,28711.423828125,2384000
2026-07-17T14:02:00-04:00,28712.83203125,28731.43359375,28712.83203125,28731.43359375,2976000
2026-07-17T14:03:00-04:00,28731.91796875,28747.595703125,28731.91796875,28747.5859375,1083000
2026-07-17T14:04:00-04:00,28751.6640625,28753.4765625,28729.9453125,28729.9453125,2551000
2026-07-17T14:05:00-04:00,28720.044921875,28720.044921875,28709.51953125,28717.21484375,969000
2026-07-17T14:06:00-04:00,28716.83203125,28718.876953125,28695.228515625,28701.70703125,2042000
2026-07-17T14:07:00-04:00,28701.27734375,28704.447265625,28692.966796875,28702.888671875,2149000
2026-07-17T14:08:00-04:00,28707.302734375,28709.5859375,28695.6015625,28698.017578125,2799000
2026-07-17T14:09:00-04:00,28699.38671875,28705.501953125,28689.787109375,28690.361328125,2728000
2026-07-17T14:10:00-04:00,28692.4375,28697.85546875,28686.501953125,28686.501953125,1200000
2026-07-17T14:11:00-04:00,28686.82421875,28686.82421875,28678.302734375,28684.30859375,2992000
2026-07-17T14:12:00-04:00,28683.447265625,28689.88671875,28681.109375,28685.91796875,1299000
2026-07-17T14:13:00-04:00,28686.173828125,28691.7265625,28676.439453125,28687.744140625,1846000
2026-07-17T14:14:00-04:00,28688.498046875,28691.490234375,28678.90625,28681.4609375,1429000
2026-07-17T14:15:00-04:00,28681.41015625,28686.220703125,28665.021484375,28669.0703125,2081000
2026-07-17T14:16:00-04:00,28666.494140625,28667.095703125,28662.001953125,28663.76953125,2207000
2026-07-17T14:17:00-04:00,28666.185546875,28666.185546875,28653.19921875,28656.73046875,2098000
2026-07-17T14:18:00-04:00,28660.927734375,28663.0703125,28653.30078125,28656.791015625,2940000
2026-07-17T14:19:00-04:00,28657.177734375,28663.3359375,28652.455078125,28663.3359375,1118000
2026-07-17T14:20:00-04:00,28664.62890625,28664.62890625,28647.03125,28648.279296875,2953000
2026-07-17T14:21:00-04:00,28648.71484375,28653.296875,28645.08984375,28648.375,968000
2026-07-17T14:22:00-04:00,28656.314453125,28660.390625,28654.904296875,28659.87890625,1637000
2026-07-17T14:23:00-04:00,28662.599609375,28679.900390625,28660.0,28676.951171875,1677000
2026-07-17T14:24:00-04:00,28675.74609375,28675.74609375,28654.171875,28660.70703125,1773000
2026-07-17T14:25:00-04:00,28658.388671875,28658.388671875,28645.814453125,28649.169921875,2431000
2026-07-17T14:26:00-04:00,28649.478515625,28654.484375,28648.4375,28650.78125,731000
2026-07-17T14:27:00-04:00,28649.9453125,28651.8125,28643.22265625,28644.607421875,2996000
2026-07-17T14:28:00-04:00,28645.8359375,28659.416015625,28644.53515625,28657.017578125,834000
2026-07-17T14:29:00-04:00,28661.693359375,28672.328125,28661.693359375,28670.703125,1637000
2026-07-17T14:30:00-04:00,28671.125,28707.953125,28671.125,28694.048828125,2218000
2026-07-17T14:31:00-04:00,28697.291015625,28705.556640625,28692.298828125,28692.5390625,1797000
2026-07-17T14:32:00-04:00,28684.21484375,28685.833984375,28665.603515625,28665.603515625,2105000
2026-07-17T14:33:00-04:00,28670.1796875,28673.88671875,28652.306640625,28652.306640625,1999000
2026-07-17T14:34:00-04:00,28651.388671875,28659.41015625,28646.654296875,28659.41015625,1653000
2026-07-17T14:35:00-04:00,28659.5234375,28666.150390625,28654.279296875,28657.185546875,1496000
2026-07-17T14:36:00-04:00,28657.91796875,28669.841796875,28657.91796875,28666.14453125,1503000
2026-07-17T14:37:00-04:00,28665.5859375,28667.521484375,28652.076171875,28653.693359375,2547000
2026-07-17T14:38:00-04:00,28652.0859375,28661.798828125,28650.8359375,28660.876953125,1022000
2026-07-17T14:39:00-04:00,28660.548828125,28660.798828125,28650.06640625,28653.7421875,2522000
2026-07-17T14:40:00-04:00,28657.232421875,28657.232421875,28635.619140625,28636.75,885000
2026-07-17T14:41:00-04:00,28635.935546875,28637.89453125,28626.474609375,28632.322265625,1619000
2026-07-17T14:42:00-04:00,28632.333984375,28642.310546875,28623.822265625,28624.794921875,2244000
2026-07-17T14:43:00-04:00,28624.85546875,28627.783203125,28618.083984375,28618.66796875,1717000
2026-07-17T14:44:00-04:00,28618.302734375,28628.33203125,28616.216796875,28626.361328125,1720000
2026-07-17T14:45:00-04:00,28625.396484375,28635.376953125,28618.03125,28632.23828125,1849000
2026-07-17T14:46:00-04:00,28631.5078125,28645.962890625,28623.77734375,28645.962890625,2626000
2026-07-17T14:47:00-04:00,28644.89453125,28660.755859375,28642.900390625,28659.8359375,838000
2026-07-17T14:48:00-04:00,28665.51953125,28677.296875,28665.51953125,28670.123046875,2877000
2026-07-17T14:49:00-04:00,28673.212890625,28682.24609375,28663.39453125,28664.3125,868000
2026-07-17T14:50:00-04:00,28657.99609375,28665.642578125,28652.427734375,28657.853515625,1904000
2026-07-17T14:51:00-04:00,28658.5546875,28672.216796875,28658.5546875,28667.30859375,1569000
2026-07-17T14:52:00-04:00,28665.798828125,28672.1796875,28664.4296875,28669.408203125,1410000
2026-07-17T14:53:00-04:00,28668.171875,28685.896484375,28668.171875,28684.6640625,2771000
2026-07-17T14:54:00-04:00,28684.13671875,28698.05859375,28678.60546875,28698.05859375,655000
2026-07-17T14:55:00-04:00,28697.34765625,28702.267578125,28694.3671875,28694.427734375,2935000
2026-07-17T14:56:00-04:00,28692.23828125,28692.23828125,28683.193359375,28683.193359375,1125000
2026-07-17T14:57:00-04:00,28685.94921875,28692.28515625,28673.2421875,28692.28515625,2804000
2026-07-17T14:58:00-04:00,28691.453125,28694.078125,28690.728515625,28693.646484375,1535000
2026-07-17T14:59:00-04:00,28693.392578125,28695.130859375,28686.1796875,28686.1796875,1516000
2026-07-17T15:00:00-04:00,28682.05078125,28684.0546875,28671.64453125,28671.64453125,1527000
2026-07-17T15:01:00-04:00,28672.73046875,28672.73046875,28660.625,28668.5625,1937000
2026-07-17T15:02:00-04:00,28666.1328125,28669.64453125,28654.982421875,28654.982421875,3867000
2026-07-17T15:03:00-04:00,28651.609375,28661.90234375,28651.01171875,28661.90234375,2046000
2026-07-17T15:04:00-04:00,28668.357421875,28679.0,28667.50390625,28668.537109375,5248000
2026-07-17T15:05:00-04:00,28671.4296875,28671.4296875,28662.751953125,28669.4765625,2104000
2026-07-17T15:06:00-04:00,28673.07421875,28673.07421875,28642.775390625,28642.775390625,2885000
2026-07-17T15:07:00-04:00,28642.6953125,28642.6953125,28633.3515625,28638.396484375,3089000
2026-07-17T15:08:00-04:00,28634.97265625,28640.31640625,28628.455078125,28629.779296875,2561000
2026-07-17T15:09:00-04:00,28629.580078125,28635.138671875,28629.064453125,28632.625,3954000
2026-07-17T15:10:00-04:00,28634.376953125,28634.376953125,28619.841796875,28624.03125,1234000
2026-07-17T15:11:00-04:00,28622.978515625,28622.978515625,28604.650390625,28607.939453125,2414000
2026-07-17T15:12:00-04:00,28609.525390625,28610.919921875,28598.767578125,28600.04296875,2767000
2026-07-17T15:13:00-04:00,28600.017578125,28602.7265625,28592.185546875,28592.185546875,2587000
2026-07-17T15:14:00-04:00,28589.84375,28590.36328125,28578.44140625,28578.5,4185000
2026-07-17T15:15:00-04:00,28580.35546875,28583.015625,28567.380859375,28568.578125,1474000
2026-07-17T15:16:00-04:00,28570.84375,28574.140625,28555.431640625,28555.431640625,4350000
2026-07-17T15:17:00-04:00,28557.0625,28566.83984375,28552.20703125,28566.83984375,1529000
2026-07-17T15:18:00-04:00,28565.96484375,28582.0625,28565.96484375,28570.07421875,2892000
2026-07-17T15:19:00-04:00,28568.8359375,28589.013671875,28568.8359375,28587.140625,3704000
2026-07-17T15:20:00-04:00,28576.767578125,28577.98828125,28571.603515625,28577.98828125,1260000
2026-07-17T15:21:00-04:00,28577.90625,28579.34375,28570.177734375,28570.177734375,3629000
2026-07-17T15:22:00-04:00,28569.935546875,28571.40625,28561.4609375,28564.005859375,1233000
2026-07-17T15:23:00-04:00,28564.8125,28571.19140625,28563.37890625,28564.64453125,2262000
2026-07-17T15:24:00-04:00,28564.697265625,28571.29296875,28556.078125,28556.078125,2055000
2026-07-17T15:25:00-04:00,28553.724609375,28553.724609375,28537.244140625,28541.7109375,2735000
2026-07-17T15:26:00-04:00,28542.07421875,28559.609375,28541.29296875,28559.181640625,4400000
2026-07-17T15:27:00-04:00,28558.0078125,28584.775390625,28558.0078125,28584.693359375,1420000
2026-07-17T15:28:00-04:00,28585.865234375,28614.134765625,28585.865234375,28608.953125,4282000
2026-07-17T15:29:00-04:00,28615.478515625,28624.44140625,28609.62890625,28613.568359375,1735000
2026-07-17T15:30:00-04:00,28628.826171875,28657.515625,28619.85546875,28630.73046875,4342000
2026-07-17T15:31:00-04:00,28627.94140625,28639.40625,28616.25,28639.40625,3701000
2026-07-17T15:32:00-04:00,28635.560546875,28635.560546875,28615.7734375,28627.109375,3003000
2026-07-17T15:33:00-04:00,28625.146484375,28631.873046875,28619.720703125,28630.2578125,2664000
2026-07-17T15:34:00-04:00,28635.9296875,28642.111328125,28623.1640625,28623.498046875,2731000
2026-07-17T15:35:00-04:00,28618.271484375,28626.109375,28613.041015625,28613.041015625,4441000
2026-07-17T15:36:00-04:00,28610.41015625,28619.861328125,28604.537109375,28619.3125,1611000
2026-07-17T15:37:00-04:00,28618.74609375,28643.603515625,28616.990234375,28632.8203125,4247000
2026-07-17T15:38:00-04:00,28632.681640625,28632.681640625,28612.576171875,28613.212890625,1230000
2026-07-17T15:39:00-04:00,28609.828125,28609.828125,28590.84375,28590.84375,3893000
2026-07-17T15:40:00-04:00,28586.990234375,28598.376953125,28574.810546875,28580.1875,4730000
2026-07-17T15:41:00-04:00,28586.416015625,28609.41796875,28586.416015625,28609.41796875,3289000
2026-07-17T15:42:00-04:00,28607.478515625,28613.28515625,28590.556640625,28609.388671875,4805000
2026-07-17T15:43:00-04:00,28612.33984375,28618.935546875,28610.638671875,28614.2109375,1543000
2026-07-17T15:44:00-04:00,28615.822265625,28626.30859375,28614.623046875,28615.017578125,4742000
2026-07-17T15:45:00-04:00,28614.517578125,28632.970703125,28614.517578125,28625.138671875,2201000
2026-07-17T15:46:00-04:00,28623.42578125,28623.42578125,28607.79296875,28616.341796875,3392000
2026-07-17T15:47:00-04:00,28615.185546875,28635.830078125,28615.185546875,28635.791015625,5836000
2026-07-17T15:48:00-04:00,28637.58984375,28643.193359375,28635.603515625,28642.09765625,1650000
2026-07-17T15:49:00-04:00,28641.486328125,28646.447265625,28628.994140625,28644.98046875,5365000
2026-07-17T15:50:00-04:00,28661.265625,28661.265625,28638.91015625,28638.91015625,2993000
2026-07-17T15:51:00-04:00,28638.640625,28670.54296875,28638.640625,28668.173828125,6408000
2026-07-17T15:52:00-04:00,28663.908203125,28664.623046875,28641.673828125,28643.392578125,5632000
2026-07-17T15:53:00-04:00,28642.744140625,28649.60546875,28639.515625,28644.529296875,5526000
2026-07-17T15:54:00-04:00,28643.931640625,28655.7421875,28630.703125,28655.556640625,9146000
2026-07-17T15:55:00-04:00,28637.38671875,28649.134765625,28636.759765625,28649.134765625,3792000
2026-07-17T15:56:00-04:00,28650.958984375,28665.732421875,28650.958984375,28656.982421875,11451000
2026-07-17T15:57:00-04:00,28651.6328125,28653.203125,28633.109375,28633.109375,3515000
2026-07-17T15:58:00-04:00,28631.9453125,28638.921875,28631.6640625,28635.9609375,6788000
2026-07-17T15:59:00-04:00,28634.052734375,28634.052734375,28580.568359375,28590.236328125,6848000
2026-07-20T09:30:00-04:00,28884.171875,28891.17578125,28881.142578125,28887.86328125,0
2026-07-20T09:31:00-04:00,28907.392578125,28907.392578125,28877.1640625,28880.3359375,7941358
2026-07-20T09:32:00-04:00,28880.630859375,28935.603515625,28880.630859375,28935.59375,9301346
2026-07-20T09:33:00-04:00,28934.861328125,28945.9375,28928.451171875,28945.9375,5425233
2026-07-20T09:34:00-04:00,28950.23828125,28959.29296875,28943.23828125,28959.29296875,5134268
2026-07-20T09:35:00-04:00,28961.24609375,28976.60546875,28954.001953125,28954.001953125,5676442
2026-07-20T09:36:00-04:00,28958.69921875,28974.751953125,28958.69921875,28972.12890625,5657597
2026-07-20T09:37:00-04:00,28976.451171875,28992.828125,28975.6953125,28992.828125,4660520
2026-07-20T09:38:00-04:00,28978.435546875,28989.818359375,28975.8125,28975.8125,4651868
2026-07-20T09:39:00-04:00,28978.794921875,28978.794921875,28945.6640625,28955.658203125,4925233
2026-07-20T09:40:00-04:00,28949.548828125,28968.115234375,28949.548828125,28959.3671875,4386590
2026-07-20T09:41:00-04:00,28956.421875,28978.884765625,28956.421875,28968.26171875,3981883
2026-07-20T09:42:00-04:00,28971.125,28984.41796875,28971.125,28984.3203125,4229205
2026-07-20T09:43:00-04:00,28989.58203125,29005.150390625,28989.58203125,29003.271484375,3819792
2026-07-20T09:44:00-04:00,28998.1796875,29005.57421875,28993.828125,29005.57421875,3924041
2026-07-20T09:45:00-04:00,29009.654296875,29015.439453125,29008.431640625,29010.75,4845456
2026-07-20T09:46:00-04:00,28999.466796875,29001.58203125,28980.376953125,28984.712890625,4405974
2026-07-20T09:47:00-04:00,28988.904296875,28988.904296875,28968.697265625,28972.759765625,3687227
2026-07-20T09:48:00-04:00,28969.44140625,28974.66015625,28959.673828125,28959.673828125,3484389
2026-07-20T09:49:00-04:00,28970.40234375,28970.40234375,28944.744140625,28944.744140625,3482568
2026-07-20T09:50:00-04:00,28945.763671875,28952.634765625,28929.103515625,28929.103515625,4506447
2026-07-20T09:51:00-04:00,28930.45703125,28930.45703125,28895.033203125,28895.033203125,4631917
2026-07-20T09:52:00-04:00,28898.4140625,28902.27734375,28865.9765625,28876.544921875,4864868
2026-07-20T09:53:00-04:00,28877.73828125,28877.798828125,28858.322265625,28874.76953125,3924260
2026-07-20T09:54:00-04:00,28877.544921875,28894.689453125,28876.392578125,28894.689453125,3089349
2026-07-20T09:55:00-04:00,28881.853515625,28887.892578125,28871.72265625,28871.72265625,3236925
2026-07-20T09:56:00-04:00,28865.765625,28865.765625,28848.810546875,28857.244140625,3353418
2026-07-20T09:57:00-04:00,28854.82421875,28854.82421875,28819.8046875,28819.8046875,3612100
2026-07-20T09:58:00-04:00,28830.77734375,28835.373046875,28810.126953125,28810.126953125,3837739
2026-07-20T09:59:00-04:00,28808.28515625,28822.775390625,28808.28515625,28819.748046875,3367065
2026-07-20T10:00:00-04:00,28815.720703125,28824.935546875,28807.591796875,28820.935546875,3851575
2026-07-20T10:01:00-04:00,28820.689453125,28820.689453125,28789.345703125,28803.642578125,3295209
2026-07-20T10:02:00-04:00,28815.8671875,28840.494140625,28815.8671875,28832.576171875,3397840
2026-07-20T10:03:00-04:00,28846.052734375,28856.15625,28843.759765625,28853.72265625,3625271
2026-07-20T10:04:00-04:00,28861.8984375,28869.884765625,28846.837890625,28849.810546875,3212185
2026-07-20T10:05:00-04:00,28846.3046875,28852.2265625,28841.025390625,28841.025390625,2914689
2026-07-20T10:06:00-04:00,28836.435546875,28841.087890625,28826.158203125,28829.287109375,2353686
2026-07-20T10:07:00-04:00,28830.537109375,28841.484375,28812.25,28841.484375,2400936
2026-07-20T10:08:00-04:00,28840.263671875,28841.560546875,28822.25390625,28823.375,2376043
2026-07-20T10:09:00-04:00,28819.09375,28836.943359375,28819.09375,28830.41015625,2466441
2026-07-20T10:10:00-04:00,28831.912109375,28831.912109375,28785.859375,28788.310546875,3112730
2026-07-20T10:11:00-04:00,28781.216796875,28796.625,28774.619140625,28779.796875,3608678
2026-07-20T10:12:00-04:00,28767.421875,28772.146484375,28761.416015625,28765.1875,3234324
2026-07-20T10:13:00-04:00,28767.04296875,28782.408203125,28765.47265625,28782.408203125,2871549
2026-07-20T10:14:00-04:00,28792.216796875,28811.173828125,28789.630859375,28790.728515625,2967145
2026-07-20T10:15:00-04:00,28793.41015625,28819.314453125,28785.732421875,28818.23046875,2625727
2026-07-20T10:16:00-04:00,28818.263671875,28820.408203125,28789.55859375,28789.55859375,3364357
2026-07-20T10:17:00-04:00,28792.26953125,28792.26953125,28776.31640625,28778.56640625,2611806
2026-07-20T10:18:00-04:00,28774.07421875,28779.94140625,28762.0390625,28778.310546875,2606485
2026-07-20T10:19:00-04:00,28784.19921875,28790.3125,28766.1484375,28780.05078125,2346337
2026-07-20T10:20:00-04:00,28779.453125,28781.55078125,28750.95703125,28759.16796875,2609356
2026-07-20T10:21:00-04:00,28753.7265625,28753.7265625,28736.314453125,28747.048828125,3224889
2026-07-20T10:22:00-04:00,28749.185546875,28760.1640625,28733.578125,28758.765625,2806578
2026-07-20T10:23:00-04:00,28767.044921875,28796.66015625,28765.806640625,28796.66015625,2571922
2026-07-20T10:24:00-04:00,28797.060546875,28808.267578125,28795.892578125,28795.892578125,2899933
2026-07-20T10:25:00-04:00,28793.796875,28820.810546875,28793.796875,28820.810546875,2745421
2026-07-20T10:26:00-04:00,28818.5390625,28829.087890625,28806.103515625,28829.087890625,2894156
2026-07-20T10:27:00-04:00,28833.61328125,28833.61328125,28820.7578125,28820.7578125,2453859
2026-07-20T10:28:00-04:00,28815.962890625,28825.10546875,28808.056640625,28819.01953125,2162034
2026-07-20T10:29:00-04:00,28827.763671875,28851.52734375,28826.572265625,28851.52734375,2191543
2026-07-20T10:30:00-04:00,28850.1171875,28870.171875,28850.1171875,28869.0,2956044
2026-07-20T10:31:00-04:00,28860.537109375,28860.537109375,28844.75390625,28851.7734375,2826857
2026-07-20T10:32:00-04:00,28854.978515625,28854.978515625,28821.08203125,28840.33984375,2480117
2026-07-20T10:33:00-04:00,28832.1796875,28832.1796875,28824.25,28824.533203125,2443108
2026-07-20T10:34:00-04:00,28817.703125,28832.7109375,28812.203125,28828.13671875,2256964
2026-07-20T10:35:00-04:00,28822.634765625,28845.291015625,28819.939453125,28845.291015625,2387980
2026-07-20T10:36:00-04:00,28841.888671875,28841.888671875,28819.599609375,28819.599609375,2383136
2026-07-20T10:37:00-04:00,28816.1953125,28820.263671875,28814.458984375,28815.599609375,2847474
2026-07-20T10:38:00-04:00,28806.234375,28808.974609375,28801.2890625,28807.91015625,1790458
2026-07-20T10:39:00-04:00,28815.287109375,28824.025390625,28813.126953125,28814.90625,1865159
2026-07-20T10:40:00-04:00,28815.43359375,28837.97265625,28815.43359375,28835.685546875,1767413
2026-07-20T10:41:00-04:00,28837.73046875,28837.73046875,28808.7265625,28809.1328125,2114516
2026-07-20T10:42:00-04:00,28818.912109375,28818.912109375,28808.3671875,28809.384765625,2179000
2026-07-20T10:43:00-04:00,28803.34765625,28809.087890625,28785.986328125,28788.654296875,1887676
2026-07-20T10:44:00-04:00,28785.82421875,28797.623046875,28785.181640625,28796.6484375,2093032
2026-07-20T10:45:00-04:00,28781.462890625,28798.130859375,28767.390625,28798.130859375,2048727
2026-07-20T10:46:00-04:00,28800.478515625,28819.923828125,28800.478515625,28819.923828125,2235546
2026-07-20T10:47:00-04:00,28820.15234375,28820.15234375,28787.212890625,28787.212890625,1878743
2026-07-20T10:48:00-04:00,28783.533203125,28783.533203125,28759.11328125,28767.59375,2094385
2026-07-20T10:49:00-04:00,28769.349609375,28775.423828125,28754.71875,28754.71875,1835471
2026-07-20T10:50:00-04:00,28751.384765625,28766.447265625,28749.587890625,28760.25390625,1762488
2026-07-20T10:51:00-04:00,28756.546875,28762.603515625,28750.201171875,28755.673828125,1552803
2026-07-20T10:52:00-04:00,28752.248046875,28765.474609375,28740.193359375,28740.376953125,1586773
2026-07-20T10:53:00-04:00,28732.822265625,28738.201171875,28724.185546875,28724.185546875,1931550
2026-07-20T10:54:00-04:00,28730.2421875,28742.056640625,28730.2421875,28741.228515625,2098585
2026-07-20T10:55:00-04:00,28734.216796875,28738.89453125,28730.451171875,28738.341796875,1665249
2026-07-20T10:56:00-04:00,28747.236328125,28747.236328125,28712.013671875,28712.013671875,1901319
2026-07-20T10:57:00-04:00,28713.1796875,28715.6484375,28708.068359375,28715.6484375,2036662
2026-07-20T10:58:00-04:00,28727.87890625,28727.87890625,28704.994140625,28708.548828125,1971455
2026-07-20T10:59:00-04:00,28704.03515625,28719.052734375,28701.677734375,28714.447265625,1827231
2026-07-20T11:00:00-04:00,28704.36328125,28733.552734375,28697.58203125,28733.552734375,2330839
2026-07-20T11:01:00-04:00,28735.63671875,28741.609375,28732.091796875,28740.37890625,2455279
2026-07-20T11:02:00-04:00,28750.685546875,28758.22265625,28744.021484375,28758.22265625,2372897
2026-07-20T11:03:00-04:00,28771.04296875,28775.884765625,28753.7734375,28753.7734375,2470321
2026-07-20T11:04:00-04:00,28753.794921875,28758.095703125,28740.67578125,28753.046875,2029066
2026-07-20T11:05:00-04:00,28753.98828125,28753.98828125,28711.9140625,28711.9140625,2467573
2026-07-20T11:06:00-04:00,28726.44921875,28736.916015625,28724.505859375,28736.5078125,2374648
2026-07-20T11:07:00-04:00,28738.0859375,28767.0859375,28738.0859375,28767.0859375,1731835
2026-07-20T11:08:00-04:00,28763.970703125,28790.68359375,28763.970703125,28790.68359375,2427166
2026-07-20T11:09:00-04:00,28791.041015625,28805.830078125,28784.853515625,28805.830078125,2486695
2026-07-20T11:10:00-04:00,28805.208984375,28805.208984375,28778.55078125,28778.55078125,2387213
2026-07-20T11:11:00-04:00,28778.837890625,28778.837890625,28766.85546875,28769.935546875,2027111
2026-07-20T11:12:00-04:00,28776.98828125,28782.951171875,28770.41796875,28770.41796875,1938444
2026-07-20T11:13:00-04:00,28781.41796875,28784.693359375,28775.48046875,28784.693359375,1796313
2026-07-20T11:14:00-04:00,28783.345703125,28783.345703125,28764.923828125,28768.537109375,2366780
2026-07-20T11:15:00-04:00,28773.833984375,28785.671875,28759.66796875,28785.671875,2737764
2026-07-20T11:16:00-04:00,28785.58984375,28798.5625,28785.171875,28798.5625,1764305
2026-07-20T11:17:00-04:00,28805.072265625,28813.505859375,28803.49609375,28810.994140625,2543841
2026-07-20T11:18:00-04:00,28812.96484375,28817.685546875,28810.048828125,28811.513671875,1895409
2026-07-20T11:19:00-04:00,28812.66796875,28812.66796875,28792.865234375,28802.05859375,1963314
2026-07-20T11:20:00-04:00,28794.6640625,28803.431640625,28786.140625,28803.431640625,2002817
2026-07-20T11:21:00-04:00,28808.775390625,28822.208984375,28808.775390625,28821.44140625,2191095
2026-07-20T11:22:00-04:00,28819.76171875,28826.69921875,28819.76171875,28822.31640625,1982388
2026-07-20T11:23:00-04:00,28826.158203125,28842.349609375,28826.158203125,28834.412109375,2207837
2026-07-20T11:24:00-04:00,28827.53125,28832.580078125,28822.875,28827.708984375,2280130
2026-07-20T11:25:00-04:00,28825.673828125,28833.400390625,28819.927734375,28833.400390625,3097123
2026-07-20T11:26:00-04:00,28828.32421875,28840.796875,28828.32421875,28831.119140625,1822333
2026-07-20T11:27:00-04:00,28824.6328125,28832.08203125,28823.005859375,28824.771484375,3282787
2026-07-20T11:28:00-04:00,28819.072265625,28822.001953125,28800.640625,28800.880859375,1968521
2026-07-20T11:29:00-04:00,28800.4609375,28839.435546875,28800.4609375,28839.435546875,2196161
2026-07-20T11:30:00-04:00,28841.486328125,28845.525390625,28839.6796875,28845.525390625,2222174
2026-07-20T11:31:00-04:00,28849.443359375,28854.35546875,28849.443359375,28854.35546875,2225395
2026-07-20T11:32:00-04:00,28852.84765625,28852.84765625,28847.337890625,28848.08984375,1668178
2026-07-20T11:33:00-04:00,28846.064453125,28848.20703125,28841.302734375,28848.20703125,1770133
2026-07-20T11:34:00-04:00,28847.185546875,28849.453125,28837.373046875,28849.453125,1789183
2026-07-20T11:35:00-04:00,28847.466796875,28850.814453125,28838.7421875,28845.177734375,2065295
2026-07-20T11:36:00-04:00,28846.451171875,28848.630859375,28842.458984375,28848.630859375,2143160
2026-07-20T11:37:00-04:00,28846.15625,28847.98828125,28834.513671875,28834.513671875,1653949
2026-07-20T11:38:00-04:00,28831.48046875,28833.71484375,28828.005859375,28828.005859375,1687416
2026-07-20T11:39:00-04:00,28834.662109375,28838.310546875,28824.232421875,28826.69921875,2080060
2026-07-20T11:40:00-04:00,28824.888671875,28824.888671875,28813.986328125,28816.376953125,1869802
2026-07-20T11:41:00-04:00,28817.15625,28833.716796875,28817.15625,28831.9296875,1873402
2026-07-20T11:42:00-04:00,28832.642578125,28847.763671875,28832.453125,28840.333984375,1760524
2026-07-20T11:43:00-04:00,28843.869140625,28851.04296875,28836.16015625,28836.16015625,1455240
2026-07-20T11:44:00-04:00,28837.5703125,28847.83984375,28831.974609375,28847.1953125,1657658
2026-07-20T11:45:00-04:00,28850.681640625,28851.15625,28834.994140625,28836.58203125,1793692
2026-07-20T11:46:00-04:00,28840.912109375,28842.005859375,28836.357421875,28839.787109375,1631031
2026-07-20T11:47:00-04:00,28840.916015625,28840.916015625,28821.291015625,28824.435546875,1669617
2026-07-20T11:48:00-04:00,28821.736328125,28821.736328125,28807.00390625,28808.90234375,1870368
2026-07-20T11:49:00-04:00,28807.28515625,28814.048828125,28805.66015625,28807.54296875,1606711
2026-07-20T11:50:00-04:00,28808.451171875,28811.650390625,28800.203125,28811.650390625,1934344
2026-07-20T11:51:00-04:00,28816.583984375,28840.333984375,28816.583984375,28838.46484375,2032308
2026-07-20T11:52:00-04:00,28840.259765625,28846.8515625,28837.46484375,28846.8515625,1614403
2026-07-20T11:53:00-04:00,28846.12890625,28859.814453125,28845.17578125,28859.814453125,1651242
2026-07-20T11:54:00-04:00,28860.1875,28875.494140625,28860.1875,28868.48828125,1944803
2026-07-20T11:55:00-04:00,28868.912109375,28881.697265625,28868.912109375,28881.697265625,1552520
2026-07-20T11:56:00-04:00,28881.837890625,28886.826171875,28878.228515625,28886.826171875,2070458
2026-07-20T11:57:00-04:00,28887.71875,28887.71875,28873.4453125,28875.390625,1889432
2026-07-20T11:58:00-04:00,28876.86328125,28885.546875,28873.5390625,28882.697265625,1727764
2026-07-20T11:59:00-04:00,28881.658203125,28882.845703125,28874.640625,28874.640625,1838444
2026-07-20T12:00:00-04:00,28876.51953125,28888.333984375,28876.435546875,28884.5625,1694447
2026-07-20T12:01:00-04:00,28883.66015625,28889.248046875,28878.447265625,28878.447265625,1847439
2026-07-20T12:02:00-04:00,28873.189453125,28873.189453125,28854.83203125,28856.171875,2021293
2026-07-20T12:03:00-04:00,28856.810546875,28880.126953125,28856.068359375,28879.2109375,1510303
2026-07-20T12:04:00-04:00,28881.859375,28890.333984375,28881.798828125,28889.787109375,1691974
2026-07-20T12:05:00-04:00,28889.744140625,28917.685546875,28889.744140625,28917.623046875,2060202
2026-07-20T12:06:00-04:00,28916.51171875,28919.830078125,28909.505859375,28919.830078125,2685237
2026-07-20T12:07:00-04:00,28923.064453125,28926.0859375,28920.384765625,28923.50390625,1946084
2026-07-20T12:08:00-04:00,28926.462890625,28928.78125,28925.63671875,28926.896484375,2204553
2026-07-20T12:09:00-04:00,28928.26171875,28929.0703125,28923.791015625,28928.95703125,1869418
2026-07-20T12:10:00-04:00,28929.177734375,28937.86328125,28927.47265625,28933.974609375,2022079
2026-07-20T12:11:00-04:00,28935.123046875,28935.76171875,28928.833984375,28932.908203125,1747396
2026-07-20T12:12:00-04:00,28932.505859375,28942.716796875,28932.498046875,28936.107421875,1630496
2026-07-20T12:13:00-04:00,28934.85546875,28939.544921875,28923.205078125,28927.431640625,1906104
2026-07-20T12:14:00-04:00,28926.025390625,28933.755859375,28922.546875,28931.794921875,1607780
2026-07-20T12:15:00-04:00,28933.607421875,28933.607421875,28917.85546875,28918.314453125,1697642
2026-07-20T12:16:00-04:00,28917.97265625,28918.66796875,28912.810546875,28914.0234375,1834373
2026-07-20T12:17:00-04:00,28914.47265625,28922.76171875,28914.47265625,28922.76171875,1555139
2026-07-20T12:18:00-04:00,28926.05078125,28929.943359375,28919.90625,28929.943359375,2301604
2026-07-20T12:19:00-04:00,28928.658203125,28928.923828125,28923.85546875,28928.341796875,963952
2026-07-20T12:20:00-04:00,28928.845703125,28933.44921875,28926.318359375,28933.44921875,2218742
2026-07-20T12:21:00-04:00,28933.96484375,28934.615234375,28926.791015625,28926.791015625,858418
2026-07-20T12:22:00-04:00,28927.1328125,28931.203125,28926.474609375,28930.30859375,2517943
2026-07-20T12:23:00-04:00,28928.146484375,28930.181640625,28926.619140625,28929.134765625,730755
2026-07-20T12:24:00-04:00,28929.013671875,28931.353515625,28918.63671875,28921.822265625,2595991
2026-07-20T12:25:00-04:00,28922.8984375,28927.302734375,28901.275390625,28901.275390625,763931
2026-07-20T12:26:00-04:00,28903.27734375,28903.27734375,28894.25390625,28902.421875,2552953
2026-07-20T12:27:00-04:00,28901.38671875,28906.611328125,28900.544921875,28903.12890625,895231
2026-07-20T12:28:00-04:00,28902.49609375,28903.3203125,28897.888671875,28897.927734375,1772573
2026-07-20T12:29:00-04:00,28899.115234375,28908.029296875,28899.115234375,28907.654296875,693179
2026-07-20T12:30:00-04:00,28909.912109375,28922.494140625,28907.435546875,28907.951171875,2346081
2026-07-20T12:31:00-04:00,28908.791015625,28908.791015625,28900.921875,28901.630859375,756981
2026-07-20T12:32:00-04:00,28902.380859375,28902.380859375,28888.8203125,28888.8203125,2445260
2026-07-20T12:33:00-04:00,28888.958984375,28890.97265625,28873.8359375,28873.8359375,955973
2026-07-20T12:34:00-04:00,28873.11328125,28880.625,28870.681640625,28872.900390625,2134094
2026-07-20T12:35:00-04:00,28871.390625,28880.8046875,28871.279296875,28880.8046875,1492608
2026-07-20T12:36:00-04:00,28880.26171875,28882.3046875,28874.998046875,28878.03515625,1428114
2026-07-20T12:37:00-04:00,28877.712890625,28885.919921875,28870.8203125,28885.919921875,1465361
2026-07-20T12:38:00-04:00,28889.1015625,28889.1015625,28877.93359375,28881.32421875,1914780
2026-07-20T12:39:00-04:00,28882.0703125,28898.685546875,28880.13671875,28898.685546875,1232193
2026-07-20T12:40:00-04:00,28898.361328125,28905.1796875,28891.8125,28897.6640625,1956010
2026-07-20T12:41:00-04:00,28897.060546875,28899.19921875,28806.171875,28838.2421875,2242233
2026-07-20T12:42:00-04:00,28845.740234375,28847.728515625,28831.724609375,28841.396484375,6202549
2026-07-20T12:43:00-04:00,28841.44140625,28847.068359375,28839.09765625,28846.978515625,1558051
2026-07-20T12:44:00-04:00,28845.7734375,28845.923828125,28826.53125,28830.0859375,1273914
2026-07-20T12:45:00-04:00,28830.71484375,28832.3203125,28825.517578125,28828.72265625,1839308
2026-07-20T12:46:00-04:00,28828.203125,28846.986328125,28824.662109375,28846.986328125,1413016
2026-07-20T12:47:00-04:00,28847.462890625,28864.2265625,28847.462890625,28862.947265625,1576516
2026-07-20T12:48:00-04:00,28862.39453125,28864.013671875,28858.025390625,28862.337890625,1346209
2026-07-20T12:49:00-04:00,28860.158203125,28873.380859375,28860.158203125,28873.380859375,1923837
2026-07-20T12:50:00-04:00,28873.779296875,28874.205078125,28858.224609375,28859.02734375,777231
2026-07-20T12:51:00-04:00,28851.603515625,28857.083984375,28836.771484375,28838.6015625,2101489
2026-07-20T12:52:00-04:00,28838.2734375,28838.7109375,28830.1796875,28834.05859375,709006
2026-07-20T12:53:00-04:00,28832.580078125,28833.685546875,28824.263671875,28831.392578125,2709266
2026-07-20T12:54:00-04:00,28817.068359375,28820.46484375,28804.615234375,28807.14453125,1084198
2026-07-20T12:55:00-04:00,28806.013671875,28808.92578125,28800.3984375,28808.818359375,2343918
2026-07-20T12:56:00-04:00,28805.6875,28805.6875,28788.98828125,28788.98828125,821988
2026-07-20T12:57:00-04:00,28786.890625,28797.31640625,28786.859375,28795.90234375,4681662
2026-07-20T12:58:00-04:00,28798.197265625,28806.189453125,28797.984375,28798.412109375,1680513
2026-07-20T12:59:00-04:00,28797.916015625,28811.185546875,28796.951171875,28809.619140625,2463582
2026-07-20T13:00:00-04:00,28808.32421875,28821.8359375,28808.32421875,28818.17578125,817786
2026-07-20T13:01:00-04:00,28817.916015625,28819.380859375,28787.91796875,28787.91796875,2996751
2026-07-20T13:02:00-04:00,28790.6171875,28791.15234375,28782.73046875,28789.55078125,865262
2026-07-20T13:03:00-04:00,28791.265625,28797.05078125,28787.779296875,28796.08203125,2754403
2026-07-20T13:04:00-04:00,28796.966796875,28796.966796875,28785.560546875,28785.560546875,833073
2026-07-20T13:05:00-04:00,28786.005859375,28788.5,28774.21484375,28778.509765625,1748365
2026-07-20T13:06:00-04:00,28778.8828125,28782.310546875,28770.404296875,28779.896484375,2335834
2026-07-20T13:07:00-04:00,28781.93359375,28781.93359375,28773.10546875,28773.10546875,1401732
2026-07-20T13:08:00-04:00,28772.95703125,28773.185546875,28764.509765625,28771.40625,2188260
2026-07-20T13:09:00-04:00,28772.939453125,28791.837890625,28772.5703125,28789.798828125,1623377
2026-07-20T13:10:00-04:00,28789.123046875,28790.6796875,28767.296875,28770.060546875,1679077
2026-07-20T13:11:00-04:00,28771.138671875,28771.138671875,28765.966796875,28769.984375,2094508
2026-07-20T13:12:00-04:00,28769.81640625,28770.3046875,28763.00390625,28766.03515625,1367525
2026-07-20T13:13:00-04:00,28765.1875,28768.37109375,28756.921875,28760.041015625,1608998
2026-07-20T13:14:00-04:00,28760.98046875,28760.98046875,28748.681640625,28751.33984375,1483088
2026-07-20T13:15:00-04:00,28749.388671875,28749.388671875,28739.375,28741.10546875,1760275
2026-07-20T13:16:00-04:00,28740.705078125,28745.751953125,28738.40234375,28742.2421875,1573361
2026-07-20T13:17:00-04:00,28742.669921875,28764.630859375,28742.669921875,28762.73046875,1298705
2026-07-20T13:18:00-04:00,28764.982421875,28777.1796875,28764.982421875,28777.1796875,1837851
2026-07-20T13:19:00-04:00,28780.28125,28781.712890625,28775.494140625,28780.23046875,1270254
2026-07-20T13:20:00-04:00,28780.791015625,28781.337890625,28771.890625,28776.787109375,2155198
2026-07-20T13:21:00-04:00,28777.01953125,28788.814453125,28777.01953125,28786.0703125,819085
2026-07-20T13:22:00-04:00,28785.99609375,28800.625,28785.99609375,28794.732421875,2816471
2026-07-20T13:23:00-04:00,28796.05859375,28797.44921875,28788.42578125,28794.5390625,1085037
2026-07-20T13:24:00-04:00,28793.640625,28794.474609375,28780.20703125,28782.06640625,1991805
2026-07-20T13:25:00-04:00,28778.791015625,28792.87109375,28778.791015625,28792.498046875,656847
2026-07-20T13:26:00-04:00,28794.00390625,28794.00390625,28784.646484375,28792.615234375,2064412
2026-07-20T13:27:00-04:00,28794.27734375,28794.27734375,28772.75,28772.75,867574
2026-07-20T13:28:00-04:00,28773.564453125,28774.794921875,28769.63671875,28774.294921875,2221983
2026-07-20T13:29:00-04:00,28775.595703125,28783.546875,28774.19921875,28782.130859375,923994
2026-07-20T13:30:00-04:00,28782.93359375,28787.2421875,28774.134765625,28782.0859375,3230171
2026-07-20T13:31:00-04:00,28780.5078125,28781.37109375,28775.70703125,28775.70703125,1269977
2026-07-20T13:32:00-04:00,28775.74609375,28785.58203125,28773.943359375,28783.6640625,2126623
2026-07-20T13:33:00-04:00,28787.3359375,28787.3359375,28778.76953125,28778.76953125,666751
2026-07-20T13:34:00-04:00,28779.103515625,28790.28515625,28779.103515625,28781.71875,2240474
2026-07-20T13:35:00-04:00,28780.005859375,28794.896484375,28778.03515625,28791.732421875,840350
2026-07-20T13:36:00-04:00,28791.802734375,28791.802734375,28775.3359375,28776.712890625,1543447
2026-07-20T13:37:00-04:00,28776.021484375,28776.021484375,28771.119140625,28773.380859375,2289356
2026-07-20T13:38:00-04:00,28775.97265625,28775.97265625,28769.89453125,28773.087890625,723824
2026-07-20T13:39:00-04:00,28772.625,28781.3046875,28770.841796875,28770.841796875,1764977
2026-07-20T13:40:00-04:00,28771.625,28772.69921875,28756.03515625,28757.08984375,779749
2026-07-20T13:41:00-04:00,28758.66796875,28758.66796875,28747.43359375,28754.154296875,2649955
2026-07-20T13:42:00-04:00,28754.16796875,28754.16796875,28744.6640625,28748.970703125,741136
2026-07-20T13:43:00-04:00,28749.099609375,28749.50390625,28730.6796875,28733.345703125,3586027
2026-07-20T13:44:00-04:00,28733.109375,28738.388671875,28732.150390625,28738.388671875,1828780
2026-07-20T13:45:00-04:00,28738.068359375,28762.083984375,28738.068359375,28761.931640625,2587461
2026-07-20T13:46:00-04:00,28763.462890625,28770.078125,28754.755859375,28758.740234375,839398
2026-07-20T13:47:00-04:00,28757.140625,28764.71875,28757.140625,28764.71875,2144991
2026-07-20T13:48:00-04:00,28769.791015625,28776.19921875,28769.701171875,28775.724609375,865712
2026-07-20T13:49:00-04:00,28775.765625,28776.896484375,28767.126953125,28769.880859375,1922057
2026-07-20T13:50:00-04:00,28769.966796875,28780.283203125,28769.966796875,28778.076171875,598409
2026-07-20T13:51:00-04:00,28778.58984375,28788.826171875,28771.498046875,28788.826171875,2747318
2026-07-20T13:52:00-04:00,28788.603515625,28800.744140625,28788.603515625,28799.6328125,2795273
2026-07-20T13:53:00-04:00,28798.65625,28801.265625,28795.740234375,28798.927734375,844392
2026-07-20T13:54:00-04:00,28799.423828125,28804.27734375,28795.529296875,28795.529296875,2427918
2026-07-20T13:55:00-04:00,28795.583984375,28795.583984375,28787.0,28793.46484375,891327
2026-07-20T13:56:00-04:00,28793.326171875,28793.326171875,28773.1953125,28774.953125,2444337
2026-07-20T13:57:00-04:00,28778.119140625,28789.95703125,28778.119140625,28787.19921875,605267
2026-07-20T13:58:00-04:00,28787.947265625,28793.01953125,28782.6171875,28783.380859375,2065833
2026-07-20T13:59:00-04:00,28782.546875,28782.568359375,28779.724609375,28782.568359375,1236689
2026-07-20T14:00:00-04:00,28783.734375,28800.720703125,28783.734375,28800.720703125,3138725
2026-07-20T14:01:00-04:00,28801.265625,28812.578125,28801.265625,28812.201171875,1285219
2026-07-20T14:02:00-04:00,28812.45703125,28812.45703125,28803.623046875,28810.609375,2524256
2026-07-20T14:03:00-04:00,28813.638671875,28813.638671875,28796.365234375,28797.115234375,1158470
2026-07-20T14:04:00-04:00,28798.203125,28798.203125,28791.04296875,28792.015625,2235549
2026-07-20T14:05:00-04:00,28798.033203125,28804.634765625,28798.033203125,28798.25390625,771644
2026-07-20T14:06:00-04:00,28798.6171875,28799.6328125,28789.61328125,28798.92578125,2596185
2026-07-20T14:07:00-04:00,28801.076171875,28802.86328125,28794.62109375,28795.646484375,638630
2026-07-20T14:08:00-04:00,28794.4921875,28796.349609375,28786.798828125,28796.349609375,1330767
2026-07-20T14:09:00-04:00,28797.138671875,28814.2421875,28797.138671875,28814.2421875,1646996
2026-07-20T14:10:00-04:00,28814.033203125,28817.46875,28808.826171875,28812.02734375,1983197
2026-07-20T14:11:00-04:00,28812.6015625,28813.025390625,28804.697265625,28810.609375,1523478
2026-07-20T14:12:00-04:00,28811.615234375,28825.115234375,28811.294921875,28822.98046875,1814476
2026-07-20T14:13:00-04:00,28821.5234375,28826.37890625,28821.5234375,28824.361328125,1622347
2026-07-20T14:14:00-04:00,28824.267578125,28825.125,28819.6875,28820.47265625,1994719
2026-07-20T14:15:00-04:00,28820.619140625,28820.619140625,28813.953125,28814.98828125,1779296
2026-07-20T14:16:00-04:00,28814.92578125,28816.931640625,28808.14453125,28815.62890625,1474254
2026-07-20T14:17:00-04:00,28815.46875,28832.95703125,28815.46875,28826.607421875,1730584
2026-07-20T14:18:00-04:00,28827.88671875,28827.88671875,28811.08203125,28814.388671875,1616989
2026-07-20T14:19:00-04:00,28815.59765625,28818.208984375,28809.76953125,28818.208984375,1408047
2026-07-20T14:20:00-04:00,28819.81640625,28820.001953125,28812.71484375,28813.994140625,1427167
2026-07-20T14:21:00-04:00,28808.435546875,28809.98828125,28797.3359375,28801.724609375,1401830
2026-07-20T14:22:00-04:00,28799.068359375,28799.068359375,28788.634765625,28790.009765625,1970212
2026-07-20T14:23:00-04:00,28789.509765625,28790.466796875,28778.294921875,28785.775390625,2241906
2026-07-20T14:24:00-04:00,28783.4921875,28783.4921875,28767.837890625,28767.837890625,1869713
2026-07-20T14:25:00-04:00,28768.978515625,28781.49609375,28762.138671875,28781.49609375,2143628
2026-07-20T14:26:00-04:00,28781.712890625,28787.529296875,28781.4453125,28784.728515625,716371
2026-07-20T14:27:00-04:00,28785.9140625,28786.56640625,28781.95703125,28783.12890625,2160642
2026-07-20T14:28:00-04:00,28778.095703125,28788.966796875,28778.095703125,28786.794921875,1259331
2026-07-20T14:29:00-04:00,28787.251953125,28792.921875,28776.2890625,28776.2890625,1939545
2026-07-20T14:30:00-04:00,28774.416015625,28774.416015625,28750.4765625,28750.4765625,745870
2026-07-20T14:31:00-04:00,28751.560546875,28755.4296875,28749.0703125,28754.556640625,2730593
2026-07-20T14:32:00-04:00,28751.5703125,28758.37109375,28750.703125,28756.126953125,799680
2026-07-20T14:33:00-04:00,28755.1875,28755.1875,28741.521484375,28743.087890625,1955013
2026-07-20T14:34:00-04:00,28742.630859375,28743.216796875,28724.09375,28732.365234375,649463
2026-07-20T14:35:00-04:00,28735.072265625,28753.267578125,28735.072265625,28751.689453125,2732309
2026-07-20T14:36:00-04:00,28753.34765625,28766.984375,28752.8359375,28764.560546875,590921
2026-07-20T14:37:00-04:00,28765.24609375,28767.158203125,28755.58203125,28755.58203125,2645756
2026-07-20T14:38:00-04:00,28754.44140625,28759.95703125,28742.001953125,28742.001953125,706810
2026-07-20T14:39:00-04:00,28741.794921875,28741.794921875,28725.267578125,28731.296875,2462434
2026-07-20T14:40:00-04:00,28730.55078125,28735.564453125,28719.3046875,28719.3046875,1844358
2026-07-20T14:41:00-04:00,28715.765625,28715.765625,28705.53515625,28712.23828125,2014435
2026-07-20T14:42:00-04:00,28713.326171875,28713.326171875,28704.46484375,28707.69140625,2040668
2026-07-20T14:43:00-04:00,28710.802734375,28710.802734375,28698.064453125,28701.0078125,2074343
2026-07-20T14:44:00-04:00,28702.115234375,28705.529296875,28688.4453125,28688.4453125,1455630
2026-07-20T14:45:00-04:00,28683.935546875,28692.87890625,28683.935546875,28686.3359375,2513443
2026-07-20T14:46:00-04:00,28688.177734375,28708.458984375,28688.177734375,28708.458984375,1948579
2026-07-20T14:47:00-04:00,28709.611328125,28713.486328125,28703.50390625,28708.912109375,1571750
2026-07-20T14:48:00-04:00,28707.6328125,28707.6328125,28700.994140625,28702.630859375,1256680
2026-07-20T14:49:00-04:00,28702.072265625,28707.4140625,28702.072265625,28705.3125,1493782
2026-07-20T14:50:00-04:00,28697.93359375,28708.9375,28694.939453125,28708.9375,2078075
2026-07-20T14:51:00-04:00,28705.41796875,28705.943359375,28700.095703125,28703.6171875,1534019
2026-07-20T14:52:00-04:00,28701.880859375,28708.6953125,28701.564453125,28708.619140625,1737537
2026-07-20T14:53:00-04:00,28708.21875,28715.037109375,28707.95703125,28713.13671875,1330620
2026-07-20T14:54:00-04:00,28714.546875,28723.75,28714.1875,28718.580078125,1797806
2026-07-20T14:55:00-04:00,28718.9140625,28720.345703125,28716.45703125,28717.63671875,2094253
2026-07-20T14:56:00-04:00,28719.8671875,28721.28515625,28711.634765625,28713.298828125,2696563
2026-07-20T14:57:00-04:00,28708.822265625,28708.822265625,28697.3828125,28697.6640625,833371
2026-07-20T14:58:00-04:00,28694.109375,28694.109375,28685.09375,28689.9296875,2541700
2026-07-20T14:59:00-04:00,28695.626953125,28701.326171875,28694.48046875,28696.853515625,745359
2026-07-20T15:00:00-04:00,28698.09375,28714.935546875,28697.33203125,28714.787109375,2860024
2026-07-20T15:01:00-04:00,28716.15625,28716.15625,28710.810546875,28712.05078125,744758
2026-07-20T15:02:00-04:00,28712.021484375,28712.021484375,28686.734375,28686.734375,3286496
2026-07-20T15:03:00-04:00,28684.34375,28684.34375,28670.076171875,28670.43359375,1261806
2026-07-20T15:04:00-04:00,28667.18359375,28673.197265625,28664.0,28670.607421875,3255026
2026-07-20T15:05:00-04:00,28675.546875,28675.546875,28660.208984375,28661.41796875,1371612
2026-07-20T15:06:00-04:00,28662.033203125,28676.728515625,28657.025390625,28676.728515625,4276967
2026-07-20T15:07:00-04:00,28675.189453125,28676.5078125,28668.021484375,28671.99609375,1031216
2026-07-20T15:08:00-04:00,28675.685546875,28675.685546875,28670.388671875,28670.388671875,3004813
2026-07-20T15:09:00-04:00,28668.802734375,28680.0,28668.802734375,28677.271484375,967110
2026-07-20T15:10:00-04:00,28673.302734375,28699.41015625,28673.302734375,28696.666015625,3237492
2026-07-20T15:11:00-04:00,28690.703125,28690.703125,28664.7890625,28668.20703125,1068894
2026-07-20T15:12:00-04:00,28666.37109375,28671.5625,28661.435546875,28662.72265625,1852607
2026-07-20T15:13:00-04:00,28661.572265625,28661.572265625,28638.412109375,28638.412109375,2224937
2026-07-20T15:14:00-04:00,28639.080078125,28643.86328125,28636.125,28636.125,3293822
2026-07-20T15:15:00-04:00,28630.763671875,28642.685546875,28622.056640625,28641.158203125,1591499
2026-07-20T15:16:00-04:00,28640.783203125,28646.265625,28637.068359375,28646.265625,2248090
2026-07-20T15:17:00-04:00,28646.173828125,28655.47265625,28634.822265625,28640.146484375,2061202
2026-07-20T15:18:00-04:00,28641.0546875,28644.064453125,28638.9609375,28644.064453125,1757718
2026-07-20T15:19:00-04:00,28644.552734375,28652.453125,28641.470703125,28641.470703125,2205342
2026-07-20T15:20:00-04:00,28639.998046875,28648.3203125,28631.171875,28631.171875,2032768
2026-07-20T15:21:00-04:00,28631.4609375,28639.12109375,28630.880859375,28630.880859375,1890743
2026-07-20T15:22:00-04:00,28633.77734375,28640.5703125,28632.865234375,28634.7265625,1771385
2026-07-20T15:23:00-04:00,28634.2109375,28641.583984375,28625.119140625,28641.583984375,2087382
2026-07-20T15:24:00-04:00,28643.130859375,28655.017578125,28642.484375,28650.2109375,2002449
2026-07-20T15:25:00-04:00,28650.455078125,28650.48046875,28636.861328125,28636.861328125,2099969
2026-07-20T15:26:00-04:00,28635.42578125,28635.42578125,28627.580078125,28633.283203125,1665392
2026-07-20T15:27:00-04:00,28633.560546875,28633.830078125,28625.099609375,28633.830078125,2788721
2026-07-20T15:28:00-04:00,28634.7890625,28642.404296875,28632.376953125,28632.376953125,1321771
2026-07-20T15:29:00-04:00,28632.806640625,28687.7890625,28632.41015625,28678.255859375,4256865
2026-07-20T15:30:00-04:00,28687.408203125,28690.857421875,28667.166015625,28668.35546875,1623152
2026-07-20T15:31:00-04:00,28663.591796875,28685.341796875,28662.3984375,28684.67578125,3978986
2026-07-20T15:32:00-04:00,28689.056640625,28701.326171875,28686.404296875,28701.326171875,1167489
2026-07-20T15:33:00-04:00,28702.53515625,28704.15625,28692.41015625,28692.41015625,7618238
2026-07-20T15:34:00-04:00,28697.580078125,28699.943359375,28690.1484375,28693.486328125,1131798
2026-07-20T15:35:00-04:00,28692.142578125,28692.81640625,28675.099609375,28675.8671875,3772887
2026-07-20T15:36:00-04:00,28676.615234375,28680.35546875,28670.232421875,28672.501953125,1224270
2026-07-20T15:37:00-04:00,28674.525390625,28675.443359375,28665.654296875,28666.38671875,3790746
2026-07-20T15:38:00-04:00,28662.66015625,28682.240234375,28662.66015625,28681.890625,1041977
2026-07-20T15:39:00-04:00,28676.67578125,28694.521484375,28676.67578125,28685.517578125,3787338
2026-07-20T15:40:00-04:00,28682.44921875,28699.966796875,28679.775390625,28699.966796875,1370530
2026-07-20T15:41:00-04:00,28700.54296875,28715.26171875,28700.54296875,28711.8828125,3762190
2026-07-20T15:42:00-04:00,28713.27734375,28714.470703125,28689.81640625,28689.81640625,1288348
2026-07-20T15:43:00-04:00,28689.1328125,28692.888671875,28684.298828125,28692.1328125,2607553
2026-07-20T15:44:00-04:00,28694.6640625,28694.884765625,28689.66796875,28689.97265625,2120791
2026-07-20T15:45:00-04:00,28692.306640625,28702.87890625,28672.048828125,28672.048828125,2871710
2026-07-20T15:46:00-04:00,28672.751953125,28684.57421875,28666.263671875,28682.38671875,3818061
2026-07-20T15:47:00-04:00,28680.91796875,28680.91796875,28671.083984375,28671.083984375,2389837
2026-07-20T15:48:00-04:00,28672.515625,28674.935546875,28668.42578125,28674.935546875,2607045
2026-07-20T15:49:00-04:00,28676.9375,28691.6953125,28676.9375,28691.2890625,2811028
2026-07-20T15:50:00-04:00,28671.4296875,28671.4296875,28646.0546875,28657.052734375,4298070
2026-07-20T15:51:00-04:00,28657.625,28657.625,28636.578125,28638.822265625,4538609
2026-07-20T15:52:00-04:00,28637.55078125,28642.443359375,28632.330078125,28634.927734375,4360040
2026-07-20T15:53:00-04:00,28631.4140625,28631.4140625,28621.3046875,28622.001953125,4010193
2026-07-20T15:54:00-04:00,28621.72265625,28624.669921875,28615.357421875,28624.669921875,7812559
2026-07-20T15:55:00-04:00,28604.44921875,28604.44921875,28592.0546875,28595.654296875,3756139
2026-07-20T15:56:00-04:00,28597.82421875,28612.2578125,28595.666015625,28611.82421875,7018352
2026-07-20T15:57:00-04:00,28612.427734375,28617.212890625,28604.24609375,28604.24609375,6162331
2026-07-20T15:58:00-04:00,28601.92578125,28611.330078125,28601.92578125,28609.5546875,6410353
2026-07-20T15:59:00-04:00,28615.763671875,28615.763671875,28596.5546875,28607.751953125,6405885
2026-07-21T09:30:00-04:00,29050.0546875,29050.0546875,29024.5,29024.72265625,0
2026-07-21T09:31:00-04:00,29024.984375,29024.984375,28988.498046875,29000.34375,11900916
2026-07-21T09:32:00-04:00,28992.294921875,29004.076171875,28986.40625,29004.076171875,8410709
2026-07-21T09:33:00-04:00,29004.47265625,29013.3125,28978.3515625,28978.3515625,5974984
2026-07-21T09:34:00-04:00,28967.50390625,28980.330078125,28967.50390625,28977.83984375,5345900
2026-07-21T09:35:00-04:00,28971.5703125,29018.7734375,28971.5703125,29018.7734375,5057908
2026-07-21T09:36:00-04:00,29040.728515625,29047.91796875,29036.552734375,29037.478515625,6264395
2026-07-21T09:37:00-04:00,29030.6796875,29030.6796875,28993.8125,29002.8125,5558867
2026-07-21T09:38:00-04:00,28998.630859375,29028.5,28998.630859375,29028.375,4563176
2026-07-21T09:39:00-04:00,29031.314453125,29038.12109375,29021.27734375,29026.7578125,4263165
2026-07-21T09:40:00-04:00,29017.150390625,29017.150390625,28990.8125,29003.18359375,4707837
2026-07-21T09:41:00-04:00,28998.537109375,28998.537109375,28970.119140625,28970.119140625,4388314
2026-07-21T09:42:00-04:00,28979.375,28992.064453125,28975.88671875,28975.88671875,4258416
2026-07-21T09:43:00-04:00,28992.6484375,29006.892578125,28988.16796875,28988.16796875,3886400
2026-07-21T09:44:00-04:00,28987.625,28996.728515625,28965.59765625,28968.421875,3841752
2026-07-21T09:45:00-04:00,28975.630859375,28977.568359375,28961.966796875,28961.966796875,4798048
2026-07-21T09:46:00-04:00,28967.287109375,28969.25390625,28941.720703125,28941.720703125,4172598
2026-07-21T09:47:00-04:00,28939.419921875,28952.28125,28927.3671875,28939.638671875,3984876
2026-07-21T09:48:00-04:00,28941.732421875,28952.19921875,28938.923828125,28949.92578125,3929556
2026-07-21T09:49:00-04:00,28946.478515625,28964.681640625,28946.478515625,28964.681640625,4330957
2026-07-21T09:50:00-04:00,28978.69140625,28991.19140625,28974.525390625,28981.1015625,4760574
2026-07-21T09:51:00-04:00,28987.18359375,28995.322265625,28983.3125,28983.3125,4308197
2026-07-21T09:52:00-04:00,28962.91796875,28985.669921875,28950.1953125,28983.654296875,4327432
2026-07-21T09:53:00-04:00,28983.322265625,28992.072265625,28966.75,28989.72265625,4147857
2026-07-21T09:54:00-04:00,28983.216796875,28989.09765625,28964.076171875,28972.96484375,3417271
2026-07-21T09:55:00-04:00,28966.099609375,28989.046875,28966.099609375,28966.26171875,3446380
2026-07-21T09:56:00-04:00,28967.267578125,28967.267578125,28937.357421875,28938.072265625,3948456
2026-07-21T09:57:00-04:00,28930.783203125,28936.125,28928.05078125,28928.384765625,4234814
2026-07-21T09:58:00-04:00,28937.537109375,28947.556640625,28936.0625,28939.5234375,3532499
2026-07-21T09:59:00-04:00,28942.02734375,28976.2890625,28942.02734375,28976.009765625,3286053
2026-07-21T10:00:00-04:00,28982.16015625,29008.013671875,28979.6640625,29002.41015625,3845167
2026-07-21T10:01:00-04:00,29000.875,29004.8046875,28979.5859375,28979.5859375,4241017
2026-07-21T10:02:00-04:00,28988.349609375,28988.349609375,28964.447265625,28964.75,3365221
2026-07-21T10:03:00-04:00,28947.328125,28947.328125,28928.248046875,28934.369140625,3842855
2026-07-21T10:04:00-04:00,28936.884765625,28936.884765625,28926.25,28932.951171875,3597056
2026-07-21T10:05:00-04:00,28940.638671875,28940.638671875,28917.74609375,28923.91796875,3312508
2026-07-21T10:06:00-04:00,28936.068359375,28957.875,28931.572265625,28957.875,3146900
2026-07-21T10:07:00-04:00,28953.91015625,28953.91015625,28932.59765625,28936.544921875,3457897
2026-07-21T10:08:00-04:00,28929.08203125,28930.701171875,28916.20703125,28923.15234375,3231814
2026-07-21T10:09:00-04:00,28921.427734375,28925.98828125,28907.1171875,28908.513671875,3434776
2026-07-21T10:10:00-04:00,28909.1015625,28914.16015625,28891.072265625,28901.39453125,3503388
2026-07-21T10:11:00-04:00,28898.978515625,28922.0078125,28897.017578125,28915.126953125,3055808
2026-07-21T10:12:00-04:00,28924.197265625,28925.888671875,28918.3671875,28923.80078125,3245906
2026-07-21T10:13:00-04:00,28922.953125,28942.802734375,28920.919921875,28942.802734375,2545877
2026-07-21T10:14:00-04:00,28947.69921875,28956.38671875,28945.41015625,28956.310546875,3018596
2026-07-21T10:15:00-04:00,28952.2421875,28952.2421875,28906.47265625,28906.521484375,4201249
2026-07-21T10:16:00-04:00,28910.984375,28913.541015625,28899.212890625,28913.541015625,3380489
2026-07-21T10:17:00-04:00,28913.365234375,28925.525390625,28901.91796875,28925.525390625,2975233
2026-07-21T10:18:00-04:00,28926.40234375,28980.4296875,28926.40234375,28980.4296875,2735666
2026-07-21T10:19:00-04:00,28975.224609375,28980.912109375,28973.349609375,28980.86328125,3333797
2026-07-21T10:20:00-04:00,28988.505859375,28991.81640625,28973.841796875,28973.841796875,2764408
2026-07-21T10:21:00-04:00,28964.029296875,28967.8984375,28947.1484375,28950.07421875,2554411
2026-07-21T10:22:00-04:00,28950.08203125,28974.939453125,28950.08203125,28971.7421875,2089883
2026-07-21T10:23:00-04:00,28968.095703125,28972.943359375,28961.556640625,28972.943359375,2317080
2026-07-21T10:24:00-04:00,28975.75,28975.75,28969.353515625,28973.681640625,1838053
2026-07-21T10:25:00-04:00,28974.166015625,29003.529296875,28974.166015625,29000.849609375,2275699
2026-07-21T10:26:00-04:00,29002.37890625,29010.0859375,28998.001953125,29010.0859375,2583296
2026-07-21T10:27:00-04:00,29008.994140625,29032.119140625,29008.994140625,29032.119140625,2877207
2026-07-21T10:28:00-04:00,29037.853515625,29041.837890625,29025.400390625,29025.400390625,2741387
2026-07-21T10:29:00-04:00,29025.697265625,29032.623046875,29022.27734375,29032.623046875,2652682
2026-07-21T10:30:00-04:00,29038.169921875,29044.462890625,29033.716796875,29041.974609375,2666997
2026-07-21T10:31:00-04:00,29045.74609375,29053.73828125,29034.087890625,29053.73828125,2831629
2026-07-21T10:32:00-04:00,29052.41015625,29052.41015625,29041.12890625,29042.765625,2505782
2026-07-21T10:33:00-04:00,29043.6015625,29049.322265625,29039.529296875,29045.46875,2703267
2026-07-21T10:34:00-04:00,29040.091796875,29055.205078125,29039.798828125,29044.994140625,2817636
2026-07-21T10:35:00-04:00,29045.044921875,29062.21875,29045.044921875,29054.564453125,2841262
2026-07-21T10:36:00-04:00,29055.3046875,29057.57421875,29040.08984375,29048.326171875,2895964
2026-07-21T10:37:00-04:00,29051.498046875,29051.498046875,29041.43359375,29045.861328125,2341984
2026-07-21T10:38:00-04:00,29045.8671875,29045.8671875,29019.80078125,29028.859375,2261379
2026-07-21T10:39:00-04:00,29028.4140625,29032.87109375,29020.646484375,29031.23046875,2602172
2026-07-21T10:40:00-04:00,29030.75,29033.3203125,29022.26171875,29027.1171875,2085675
2026-07-21T10:41:00-04:00,29025.1640625,29025.1640625,29006.5625,29007.203125,2538138
2026-07-21T10:42:00-04:00,29007.9765625,29014.302734375,28996.513671875,29014.302734375,2442891
2026-07-21T10:43:00-04:00,29017.515625,29046.453125,29017.515625,29044.828125,2509587
2026-07-21T10:44:00-04:00,29046.005859375,29051.80078125,29044.703125,29050.306640625,2613609
2026-07-21T10:45:00-04:00,29056.66796875,29072.958984375,29056.66796875,29063.908203125,2721823
2026-07-21T10:46:00-04:00,29068.275390625,29069.689453125,29059.240234375,29062.9765625,2238867
2026-07-21T10:47:00-04:00,29054.390625,29054.390625,29042.427734375,29046.7578125,2544286
2026-07-21T10:48:00-04:00,29060.423828125,29076.26953125,29060.423828125,29064.34375,2437375
2026-07-21T10:49:00-04:00,29064.35546875,29065.826171875,29057.63671875,29057.63671875,1827420
2026-07-21T10:50:00-04:00,29051.298828125,29059.56640625,29046.1328125,29055.5390625,1977311
2026-07-21T10:51:00-04:00,29057.2109375,29057.2109375,29042.927734375,29054.376953125,1817131
2026-07-21T10:52:00-04:00,29056.83203125,29062.765625,29054.064453125,29054.064453125,1638967
2026-07-21T10:53:00-04:00,29049.9609375,29052.048828125,29046.03125,29051.80078125,1688867
2026-07-21T10:54:00-04:00,29051.025390625,29059.994140625,29051.025390625,29055.001953125,1872338
2026-07-21T10:55:00-04:00,29056.134765625,29060.958984375,29055.94140625,29056.591796875,1727731
2026-07-21T10:56:00-04:00,29059.1328125,29061.611328125,29044.703125,29044.703125,3077413
2026-07-21T10:57:00-04:00,29048.212890625,29058.623046875,29048.212890625,29053.759765625,2253298
2026-07-21T10:58:00-04:00,29060.380859375,29064.94140625,29049.484375,29064.94140625,2057211
2026-07-21T10:59:00-04:00,29063.595703125,29064.7890625,29060.560546875,29064.466796875,1951631
2026-07-21T11:00:00-04:00,29069.310546875,29070.328125,29061.501953125,29067.158203125,2960045
2026-07-21T11:01:00-04:00,29070.748046875,29070.748046875,29053.443359375,29053.443359375,3234671
2026-07-21T11:02:00-04:00,29056.060546875,29056.060546875,29028.708984375,29028.708984375,2956754
2026-07-21T11:03:00-04:00,29026.802734375,29032.447265625,29021.85546875,29032.447265625,2202874
2026-07-21T11:04:00-04:00,29027.71484375,29031.787109375,29025.30859375,29028.9765625,2193247
2026-07-21T11:05:00-04:00,29022.41015625,29034.19921875,29015.5546875,29034.19921875,2375945
2026-07-21T11:06:00-04:00,29037.771484375,29060.6171875,29037.771484375,29059.99609375,2383894
2026-07-21T11:07:00-04:00,29059.041015625,29082.5078125,29059.041015625,29082.41796875,2587137
2026-07-21T11:08:00-04:00,29081.64453125,29088.69140625,29081.64453125,29088.69140625,2765059
2026-07-21T11:09:00-04:00,29089.677734375,29106.96484375,29089.677734375,29106.96484375,2370409
2026-07-21T11:10:00-04:00,29104.8671875,29110.27734375,29102.212890625,29104.80078125,2926098
2026-07-21T11:11:00-04:00,29104.201171875,29105.388671875,29100.7578125,29102.62890625,2729272
2026-07-21T11:12:00-04:00,29103.697265625,29121.216796875,29103.099609375,29121.216796875,2873481
2026-07-21T11:13:00-04:00,29122.912109375,29126.166015625,29116.65625,29116.65625,2382263
2026-07-21T11:14:00-04:00,29117.31640625,29125.65625,29115.798828125,29118.2578125,2147485
2026-07-21T11:15:00-04:00,29122.482421875,29125.021484375,29117.552734375,29117.552734375,2442388
2026-07-21T11:16:00-04:00,29114.859375,29117.314453125,29111.54296875,29114.5,2406588
2026-07-21T11:17:00-04:00,29115.587890625,29123.91015625,29115.587890625,29123.619140625,2506075
2026-07-21T11:18:00-04:00,29121.634765625,29121.634765625,29117.515625,29118.333984375,1787366
2026-07-21T11:19:00-04:00,29120.431640625,29122.90234375,29110.66796875,29111.64453125,2344816
2026-07-21T11:20:00-04:00,29109.06640625,29110.931640625,29098.794921875,29098.794921875,2412300
2026-07-21T11:21:00-04:00,29101.388671875,29133.201171875,29101.388671875,29121.0703125,2438381
2026-07-21T11:22:00-04:00,29126.6796875,29126.6796875,29120.798828125,29123.009765625,2410659
2026-07-21T11:23:00-04:00,29123.806640625,29125.0703125,29116.744140625,29122.55859375,1870212
2026-07-21T11:24:00-04:00,29123.087890625,29131.923828125,29123.087890625,29129.212890625,1590478
2026-07-21T11:25:00-04:00,29128.609375,29135.5546875,29128.056640625,29135.5546875,1995421
2026-07-21T11:26:00-04:00,29137.61328125,29145.923828125,29136.8125,29144.302734375,1930370
2026-07-21T11:27:00-04:00,29146.78515625,29147.078125,29143.283203125,29145.3125,2007727
2026-07-21T11:28:00-04:00,29144.5,29144.78515625,29136.193359375,29138.501953125,2024751
2026-07-21T11:29:00-04:00,29137.630859375,29137.630859375,29125.41015625,29128.34765625,2056325
2026-07-21T11:30:00-04:00,29132.69921875,29132.69921875,29124.376953125,29124.79296875,2522469
2026-07-21T11:31:00-04:00,29125.708984375,29127.689453125,29117.87109375,29117.87109375,1836554
2026-07-21T11:32:00-04:00,29115.9140625,29119.095703125,29114.341796875,29118.572265625,1890796
2026-07-21T11:33:00-04:00,29117.244140625,29119.337890625,29100.0234375,29105.537109375,1949878
2026-07-21T11:34:00-04:00,29109.009765625,29126.521484375,29109.009765625,29126.197265625,1924953
2026-07-21T11:35:00-04:00,29130.20703125,29133.98046875,29113.6015625,29113.6015625,2224035
2026-07-21T11:36:00-04:00,29113.4375,29123.765625,29111.162109375,29123.5625,2743965
2026-07-21T11:37:00-04:00,29121.17578125,29122.642578125,29113.3359375,29113.3359375,1673673
2026-07-21T11:38:00-04:00,29114.626953125,29114.626953125,29104.796875,29106.25,1579726
2026-07-21T11:39:00-04:00,29107.896484375,29113.169921875,29105.111328125,29105.111328125,1395663
2026-07-21T11:40:00-04:00,29107.658203125,29107.658203125,29097.14453125,29099.921875,1980866
2026-07-21T11:41:00-04:00,29102.06640625,29109.55078125,29102.06640625,29102.869140625,1601582
2026-07-21T11:42:00-04:00,29102.892578125,29106.375,29101.158203125,29105.33203125,1451916
2026-07-21T11:43:00-04:00,29106.70703125,29106.87109375,29101.501953125,29104.90625,1549062
2026-07-21T11:44:00-04:00,29103.556640625,29105.380859375,29088.779296875,29091.283203125,1810855
2026-07-21T11:45:00-04:00,29091.291015625,29098.580078125,29091.291015625,29096.052734375,2323161
2026-07-21T11:46:00-04:00,29097.708984375,29098.8359375,29093.740234375,29097.60546875,1571637
2026-07-21T11:47:00-04:00,29096.55078125,29105.79296875,29095.009765625,29104.013671875,1729073
2026-07-21T11:48:00-04:00,29109.736328125,29114.056640625,29107.953125,29110.24609375,1896076
2026-07-21T11:49:00-04:00,29111.44921875,29119.25,29111.44921875,29117.67578125,2270835
2026-07-21T11:50:00-04:00,29117.416015625,29127.146484375,29117.416015625,29119.595703125,2109915
2026-07-21T11:51:00-04:00,29119.802734375,29122.974609375,29117.755859375,29119.560546875,1695765
2026-07-21T11:52:00-04:00,29119.572265625,29122.220703125,29112.494140625,29112.494140625,1323013
2026-07-21T11:53:00-04:00,29110.681640625,29118.091796875,29109.2734375,29118.091796875,1585607
2026-07-21T11:54:00-04:00,29117.884765625,29117.884765625,29105.765625,29105.765625,4289032
2026-07-21T11:55:00-04:00,29105.43359375,29110.24609375,29098.1171875,29098.1171875,1878187
2026-07-21T11:56:00-04:00,29099.056640625,29110.349609375,29094.16796875,29109.419921875,1741166
2026-07-21T11:57:00-04:00,29108.009765625,29108.009765625,29103.00390625,29104.560546875,1393386
2026-07-21T11:58:00-04:00,29105.236328125,29106.455078125,29102.771484375,29103.08984375,1319981
2026-07-21T11:59:00-04:00,29101.287109375,29101.287109375,29085.76953125,29085.96875,1927467
2026-07-21T12:00:00-04:00,29088.4140625,29101.400390625,29082.34375,29101.23046875,2493117
2026-07-21T12:01:00-04:00,29102.4140625,29106.9453125,29102.4140625,29105.701171875,1518359
2026-07-21T12:02:00-04:00,29105.8984375,29114.119140625,29105.138671875,29105.80859375,1685285
2026-07-21T12:03:00-04:00,29106.84375,29117.71484375,29106.84375,29116.404296875,1897747
2026-07-21T12:04:00-04:00,29118.796875,29130.021484375,29118.796875,29130.021484375,2030293
2026-07-21T12:05:00-04:00,29130.529296875,29138.66015625,29129.962890625,29137.0,1662447
2026-07-21T12:06:00-04:00,29137.439453125,29140.302734375,29136.767578125,29138.203125,3086125
2026-07-21T12:07:00-04:00,29136.666015625,29140.94921875,29136.19140625,29138.986328125,898613
2026-07-21T12:08:00-04:00,29140.072265625,29148.740234375,29140.072265625,29140.546875,2918219
2026-07-21T12:09:00-04:00,29139.2734375,29141.7578125,29137.142578125,29137.1796875,790104
2026-07-21T12:10:00-04:00,29137.28515625,29140.0078125,29136.359375,29138.1953125,3017403
2026-07-21T12:11:00-04:00,29138.361328125,29142.41796875,29138.26171875,29139.822265625,870419
2026-07-21T12:12:00-04:00,29140.794921875,29140.794921875,29133.0,29133.970703125,2461653
2026-07-21T12:13:00-04:00,29133.7890625,29133.98046875,29128.265625,29128.265625,775286
2026-07-21T12:14:00-04:00,29129.4609375,29133.892578125,29125.51953125,29131.013671875,3353849
2026-07-21T12:15:00-04:00,29132.4375,29146.728515625,29130.23046875,29146.0078125,1819040
2026-07-21T12:16:00-04:00,29144.359375,29147.1796875,29141.353515625,29145.8515625,3244994
2026-07-21T12:17:00-04:00,29144.783203125,29149.306640625,29144.783203125,29147.001953125,1170204
2026-07-21T12:18:00-04:00,29145.095703125,29145.095703125,29134.748046875,29137.4609375,2710352
2026-07-21T12:19:00-04:00,29136.357421875,29142.23828125,29135.421875,29142.23828125,996994
2026-07-21T12:20:00-04:00,29142.71484375,29148.79296875,29142.71484375,29148.79296875,2532046
2026-07-21T12:21:00-04:00,29146.609375,29151.33203125,29145.171875,29151.33203125,829004
2026-07-21T12:22:00-04:00,29152.8125,29157.029296875,29151.515625,29156.0390625,1638045
2026-07-21T12:23:00-04:00,29155.263671875,29163.28515625,29155.263671875,29159.388671875,2814076
2026-07-21T12:24:00-04:00,29160.009765625,29163.234375,29151.197265625,29152.62109375,1337102
2026-07-21T12:25:00-04:00,29153.19921875,29159.541015625,29150.9375,29150.9375,2560467
2026-07-21T12:26:00-04:00,29148.30078125,29148.408203125,29142.94921875,29143.71875,920682
2026-07-21T12:27:00-04:00,29142.666015625,29144.005859375,29136.08984375,29138.228515625,2588940
2026-07-21T12:28:00-04:00,29141.109375,29146.205078125,29141.109375,29144.880859375,985629
2026-07-21T12:29:00-04:00,29143.982421875,29143.982421875,29140.0078125,29140.56640625,2245266
2026-07-21T12:30:00-04:00,29142.298828125,29145.056640625,29136.611328125,29145.056640625,1098358
2026-07-21T12:31:00-04:00,29147.015625,29151.87109375,29138.689453125,29139.234375,2886001
2026-07-21T12:32:00-04:00,29139.208984375,29139.208984375,29132.728515625,29138.185546875,1059360
2026-07-21T12:33:00-04:00,29137.669921875,29138.890625,29134.017578125,29135.990234375,3364710
2026-07-21T12:34:00-04:00,29135.83203125,29144.080078125,29135.83203125,29144.080078125,856330
2026-07-21T12:35:00-04:00,29144.162109375,29145.70703125,29140.40625,29144.001953125,3334845
2026-07-21T12:36:00-04:00,29144.51171875,29150.458984375,29139.515625,29150.458984375,872564
2026-07-21T12:37:00-04:00,29149.064453125,29154.6484375,29146.3203125,29154.6484375,3231832
2026-07-21T12:38:00-04:00,29155.767578125,29161.751953125,29155.767578125,29161.279296875,778803
2026-07-21T12:39:00-04:00,29160.185546875,29161.91796875,29155.98828125,29161.4453125,1945313
2026-07-21T12:40:00-04:00,29161.630859375,29165.271484375,29159.16015625,29159.16015625,1725604
2026-07-21T12:41:00-04:00,29159.576171875,29160.2421875,29149.552734375,29151.0703125,2138056
2026-07-21T12:42:00-04:00,29149.884765625,29154.251953125,29144.30078125,29145.140625,2530531
2026-07-21T12:43:00-04:00,29145.318359375,29152.20703125,29145.1015625,29152.20703125,1634784
2026-07-21T12:44:00-04:00,29151.53515625,29151.53515625,29144.6484375,29146.990234375,1773135
2026-07-21T12:45:00-04:00,29147.478515625,29153.7109375,29147.478515625,29149.916015625,1889604
2026-07-21T12:46:00-04:00,29150.21875,29150.21875,29142.28125,29150.07421875,1683348
2026-07-21T12:47:00-04:00,29151.09765625,29155.66015625,29151.09765625,29153.666015625,1874066
2026-07-21T12:48:00-04:00,29152.98828125,29155.509765625,29152.12890625,29152.43359375,1567680
2026-07-21T12:49:00-04:00,29151.19921875,29157.98828125,29151.19921875,29153.953125,1884967
2026-07-21T12:50:00-04:00,29154.53125,29165.271484375,29152.837890625,29165.271484375,1654050
2026-07-21T12:51:00-04:00,29165.15625,29172.041015625,29165.15625,29171.521484375,2892270
2026-07-21T12:52:00-04:00,29171.947265625,29174.30859375,29171.2734375,29173.716796875,816109
2026-07-21T12:53:00-04:00,29174.0390625,29174.869140625,29172.669921875,29173.169921875,2342513
2026-07-21T12:54:00-04:00,29173.447265625,29177.0390625,29172.48046875,29176.955078125,991456
2026-07-21T12:55:00-04:00,29178.0546875,29179.376953125,29169.33984375,29178.919921875,1835295
2026-07-21T12:56:00-04:00,29178.64453125,29179.76171875,29169.806640625,29169.806640625,1325001
2026-07-21T12:57:00-04:00,29170.408203125,29177.62109375,29168.474609375,29174.525390625,2444610
2026-07-21T12:58:00-04:00,29174.9296875,29175.703125,29167.626953125,29167.984375,1451644
2026-07-21T12:59:00-04:00,29167.75390625,29169.3203125,29161.611328125,29161.611328125,2015217
2026-07-21T13:00:00-04:00,29161.765625,29176.75,29161.765625,29175.267578125,1874460
2026-07-21T13:01:00-04:00,29174.712890625,29178.984375,29172.478515625,29178.515625,2352204
2026-07-21T13:02:00-04:00,29178.494140625,29178.494140625,29171.435546875,29176.041015625,2082655
2026-07-21T13:03:00-04:00,29176.609375,29180.0390625,29176.05859375,29177.658203125,2135821
2026-07-21T13:04:00-04:00,29177.70703125,29179.224609375,29176.482421875,29178.599609375,1886700
2026-07-21T13:05:00-04:00,29178.72265625,29183.568359375,29176.416015625,29183.568359375,1749285
2026-07-21T13:06:00-04:00,29184.259765625,29185.115234375,29180.203125,29181.908203125,1740502
2026-07-21T13:07:00-04:00,29183.12109375,29185.12109375,29178.0078125,29178.0078125,1788676
2026-07-21T13:08:00-04:00,29177.560546875,29178.458984375,29175.25390625,29176.5546875,1858896
2026-07-21T13:09:00-04:00,29176.556640625,29184.955078125,29176.556640625,29177.44140625,2536888
2026-07-21T13:10:00-04:00,29179.76953125,29179.76953125,29166.076171875,29168.154296875,1358208
2026-07-21T13:11:00-04:00,29167.11328125,29167.11328125,29162.912109375,29166.0078125,3371831
2026-07-21T13:12:00-04:00,29167.08984375,29168.9296875,29164.919921875,29164.919921875,1275380
2026-07-21T13:13:00-04:00,29163.482421875,29170.322265625,29161.169921875,29165.994140625,2359800
2026-07-21T13:14:00-04:00,29166.576171875,29168.34765625,29163.171875,29164.361328125,729298
2026-07-21T13:15:00-04:00,29164.86328125,29167.3359375,29162.521484375,29162.521484375,2556418
2026-07-21T13:16:00-04:00,29164.94140625,29168.2578125,29161.947265625,29164.912109375,754748
2026-07-21T13:17:00-04:00,29165.267578125,29170.201171875,29164.236328125,29167.060546875,3016424
2026-07-21T13:18:00-04:00,29168.681640625,29171.775390625,29168.05859375,29169.4375,637770
2026-07-21T13:19:00-04:00,29169.380859375,29172.37890625,29160.146484375,29160.69921875,2670564
2026-07-21T13:20:00-04:00,29160.470703125,29161.859375,29160.037109375,29160.50390625,791622
2026-07-21T13:21:00-04:00,29161.916015625,29165.67578125,29156.931640625,29158.380859375,2309615
2026-07-21T13:22:00-04:00,29157.474609375,29162.87890625,29157.474609375,29161.083984375,838211
2026-07-21T13:23:00-04:00,29159.798828125,29164.013671875,29157.15234375,29158.90234375,2413256
2026-07-21T13:24:00-04:00,29158.69921875,29163.6015625,29158.69921875,29161.46484375,700065
2026-07-21T13:25:00-04:00,29161.625,29163.798828125,29160.087890625,29160.15234375,1124807
2026-07-21T13:26:00-04:00,29161.60546875,29162.48046875,29156.158203125,29158.71484375,1282376
2026-07-21T13:27:00-04:00,29158.37109375,29160.74609375,29155.9296875,29156.646484375,1428935
2026-07-21T13:28:00-04:00,29156.0078125,29156.330078125,29152.72265625,29156.263671875,1207463
2026-07-21T13:29:00-04:00,29155.62890625,29161.3671875,29155.62890625,29161.3671875,1470248
2026-07-21T13:30:00-04:00,29161.9375,29174.00390625,29161.9375,29174.00390625,2204892
2026-07-21T13:31:00-04:00,29173.708984375,29178.041015625,29172.6953125,29177.99609375,1712839
2026-07-21T13:32:00-04:00,29177.732421875,29177.880859375,29174.443359375,29177.880859375,1646729
2026-07-21T13:33:00-04:00,29178.365234375,29178.365234375,29166.376953125,29166.38671875,737360
2026-07-21T13:34:00-04:00,29166.138671875,29166.138671875,29157.08984375,29162.396484375,2411429
2026-07-21T13:35:00-04:00,29163.21484375,29168.27734375,29161.205078125,29168.27734375,1321470
2026-07-21T13:36:00-04:00,29169.091796875,29178.4375,29169.091796875,29177.88671875,1473515
2026-07-21T13:37:00-04:00,29178.01953125,29178.01953125,29174.7265625,29175.224609375,1908362
2026-07-21T13:38:00-04:00,29174.876953125,29176.537109375,29172.3046875,29173.76171875,2770651
2026-07-21T13:39:00-04:00,29174.25390625,29175.609375,29172.03515625,29175.361328125,696421
2026-07-21T13:40:00-04:00,29176.248046875,29176.248046875,29168.462890625,29172.978515625,2764192
2026-07-21T13:41:00-04:00,29172.33984375,29172.33984375,29169.123046875,29169.123046875,811939
2026-07-21T13:42:00-04:00,29168.810546875,29169.80859375,29165.1875,29165.416015625,1336286
2026-07-21T13:43:00-04:00,29166.099609375,29168.0546875,29162.931640625,29168.0546875,1325989
2026-07-21T13:44:00-04:00,29169.982421875,29170.177734375,29166.26953125,29168.80078125,1399984
2026-07-21T13:45:00-04:00,29169.22265625,29171.53515625,29162.970703125,29162.970703125,1291329
2026-07-21T13:46:00-04:00,29162.478515625,29171.904296875,29162.478515625,29170.63671875,1360982
2026-07-21T13:47:00-04:00,29168.6953125,29175.890625,29166.8984375,29173.88671875,1591253
2026-07-21T13:48:00-04:00,29173.28125,29178.330078125,29173.28125,29175.8125,1149805
2026-07-21T13:49:00-04:00,29176.953125,29183.7578125,29176.45703125,29183.7578125,1397480
2026-07-21T13:50:00-04:00,29184.1015625,29191.357421875,29184.1015625,29191.357421875,1492761
2026-07-21T13:51:00-04:00,29192.291015625,29192.291015625,29183.173828125,29183.861328125,2169398
2026-07-21T13:52:00-04:00,29183.740234375,29183.740234375,29178.5625,29179.375,626638
2026-07-21T13:53:00-04:00,29179.603515625,29181.41015625,29177.33203125,29177.63671875,1915312
2026-07-21T13:54:00-04:00,29177.8828125,29179.37109375,29172.919921875,29172.919921875,569766
2026-07-21T13:55:00-04:00,29173.080078125,29174.876953125,29171.681640625,29171.73046875,1899385
2026-07-21T13:56:00-04:00,29171.423828125,29171.986328125,29168.802734375,29169.38671875,662321
2026-07-21T13:57:00-04:00,29169.669921875,29172.10546875,29167.994140625,29168.392578125,1483738
2026-07-21T13:58:00-04:00,29168.57421875,29168.57421875,29164.091796875,29166.89453125,1418727
2026-07-21T13:59:00-04:00,29167.7578125,29171.859375,29166.150390625,29170.25390625,1213009
2026-07-21T14:00:00-04:00,29169.9765625,29181.109375,29168.322265625,29177.009765625,1475354
2026-07-21T14:01:00-04:00,29177.84765625,29180.9765625,29172.7578125,29172.828125,1394777
2026-07-21T14:02:00-04:00,29173.783203125,29178.126953125,29169.20703125,29171.44140625,1842526
2026-07-21T14:03:00-04:00,29174.37109375,29174.37109375,29169.298828125,29170.767578125,1684147
2026-07-21T14:04:00-04:00,29170.30859375,29179.33984375,29170.30859375,29179.33984375,1200668
2026-07-21T14:05:00-04:00,29173.421875,29181.11328125,29173.421875,29180.970703125,1450528
2026-07-21T14:06:00-04:00,29180.87890625,29184.845703125,29179.255859375,29183.51171875,1535147
2026-07-21T14:07:00-04:00,29184.482421875,29186.421875,29182.337890625,29183.478515625,1421557
2026-07-21T14:08:00-04:00,29183.5859375,29189.05078125,29183.5859375,29184.046875,1645635
2026-07-21T14:09:00-04:00,29183.1953125,29183.1953125,29180.361328125,29180.361328125,1238953
2026-07-21T14:10:00-04:00,29180.556640625,29180.556640625,29175.552734375,29179.744140625,1244026
2026-07-21T14:11:00-04:00,29179.701171875,29179.80078125,29175.787109375,29179.80078125,1194566
2026-07-21T14:12:00-04:00,29180.40234375,29181.0859375,29173.66015625,29173.66015625,1001449
2026-07-21T14:13:00-04:00,29171.82421875,29178.248046875,29170.201171875,29177.833984375,1543175
2026-07-21T14:14:00-04:00,29176.8046875,29176.8046875,29168.3828125,29168.71875,1979393
2026-07-21T14:15:00-04:00,29168.8046875,29171.404296875,29168.447265625,29169.177734375,713697
2026-07-21T14:16:00-04:00,29169.30078125,29169.30078125,29165.65234375,29165.65234375,1945948
2026-07-21T14:17:00-04:00,29167.560546875,29171.95703125,29167.560546875,29170.427734375,785063
2026-07-21T14:18:00-04:00,29170.638671875,29170.638671875,29165.1171875,29166.12890625,1737123
2026-07-21T14:19:00-04:00,29165.916015625,29166.11328125,29163.775390625,29165.95703125,568138
2026-07-21T14:20:00-04:00,29166.5234375,29166.5234375,29159.5,29161.708984375,1804396
2026-07-21T14:21:00-04:00,29162.18359375,29162.302734375,29160.26171875,29161.943359375,643152
2026-07-21T14:22:00-04:00,29161.94921875,29169.50390625,29161.94921875,29169.017578125,2034063
2026-07-21T14:23:00-04:00,29170.837890625,29170.837890625,29167.015625,29170.77734375,641740
2026-07-21T14:24:00-04:00,29170.728515625,29174.16796875,29166.130859375,29171.875,2346427
2026-07-21T14:25:00-04:00,29170.3828125,29170.3828125,29162.421875,29162.421875,708037
2026-07-21T14:26:00-04:00,29162.697265625,29163.83984375,29157.048828125,29157.888671875,2127484
2026-07-21T14:27:00-04:00,29157.328125,29158.181640625,29148.69921875,29149.7734375,951927
2026-07-21T14:28:00-04:00,29149.892578125,29153.205078125,29149.892578125,29152.185546875,2226117
2026-07-21T14:29:00-04:00,29153.263671875,29155.767578125,29153.03515625,29154.1015625,832961
2026-07-21T14:30:00-04:00,29153.91796875,29158.044921875,29152.79296875,29153.212890625,1141545
2026-07-21T14:31:00-04:00,29153.23046875,29153.23046875,29144.54296875,29144.54296875,1390101
2026-07-21T14:32:00-04:00,29144.544921875,29144.544921875,29140.12890625,29142.58984375,1615053
2026-07-21T14:33:00-04:00,29142.658203125,29145.859375,29142.658203125,29145.859375,1347523
2026-07-21T14:34:00-04:00,29148.4609375,29155.1796875,29148.4609375,29150.08203125,1183655
2026-07-21T14:35:00-04:00,29148.6328125,29160.77734375,29148.140625,29160.208984375,1938888
2026-07-21T14:36:00-04:00,29162.447265625,29163.744140625,29156.75390625,29158.818359375,1408587
2026-07-21T14:37:00-04:00,29157.943359375,29160.654296875,29157.603515625,29160.0234375,1486071
2026-07-21T14:38:00-04:00,29160.1875,29162.62890625,29158.318359375,29160.798828125,1365186
2026-07-21T14:39:00-04:00,29160.068359375,29161.04296875,29158.322265625,29158.69921875,1199715
2026-07-21T14:40:00-04:00,29156.7890625,29157.076171875,29149.837890625,29157.076171875,1322816
2026-07-21T14:41:00-04:00,29158.177734375,29162.55078125,29157.453125,29161.005859375,1306401
2026-07-21T14:42:00-04:00,29160.99609375,29168.25390625,29160.99609375,29168.25390625,1482956
2026-07-21T14:43:00-04:00,29168.669921875,29170.5546875,29166.6171875,29170.5546875,1463062
2026-07-21T14:44:00-04:00,29171.56640625,29178.71875,29171.56640625,29178.71875,1704036
2026-07-21T14:45:00-04:00,29177.857421875,29183.021484375,29177.84765625,29182.302734375,3429559
2026-07-21T14:46:00-04:00,29182.70703125,29186.552734375,29179.5234375,29184.21484375,1036049
2026-07-21T14:47:00-04:00,29184.4140625,29184.4140625,29172.97265625,29175.97265625,2658576
2026-07-21T14:48:00-04:00,29176.474609375,29176.474609375,29167.609375,29169.853515625,1117753
2026-07-21T14:49:00-04:00,29170.33203125,29171.84765625,29164.62109375,29170.064453125,3234723
2026-07-21T14:50:00-04:00,29170.162109375,29171.775390625,29168.6328125,29168.6328125,899606
2026-07-21T14:51:00-04:00,29168.62109375,29170.51953125,29166.7578125,29169.822265625,2135384
2026-07-21T14:52:00-04:00,29169.392578125,29170.65625,29166.837890625,29168.02734375,936060
2026-07-21T14:53:00-04:00,29166.177734375,29167.25390625,29155.2890625,29158.095703125,2923332
2026-07-21T14:54:00-04:00,29158.048828125,29159.078125,29154.78125,29154.78125,940876
2026-07-21T14:55:00-04:00,29153.15625,29158.697265625,29153.060546875,29157.470703125,2533434
2026-07-21T14:56:00-04:00,29158.427734375,29158.4609375,29148.009765625,29149.48828125,1027590
2026-07-21T14:57:00-04:00,29150.40625,29150.50390625,29145.869140625,29147.3671875,2547001
2026-07-21T14:58:00-04:00,29147.59765625,29149.669921875,29147.072265625,29149.40625,799790
2026-07-21T14:59:00-04:00,29149.619140625,29158.119140625,29149.619140625,29157.310546875,2386221
2026-07-21T15:00:00-04:00,29160.390625,29164.720703125,29157.060546875,29158.318359375,903794
2026-07-21T15:01:00-04:00,29157.876953125,29157.876953125,29142.859375,29144.259765625,1850885
2026-07-21T15:02:00-04:00,29143.642578125,29143.650390625,29139.490234375,29139.876953125,1629304
2026-07-21T15:03:00-04:00,29137.35546875,29142.76171875,29137.35546875,29141.017578125,1891312
2026-07-21T15:04:00-04:00,29142.4609375,29153.6796875,29142.4609375,29148.05859375,1731921
2026-07-21T15:05:00-04:00,29144.091796875,29151.025390625,29140.96875,29146.95703125,1837830
2026-07-21T15:06:00-04:00,29147.560546875,29156.18359375,29146.607421875,29155.138671875,1730963
2026-07-21T15:07:00-04:00,29154.865234375,29156.599609375,29141.8828125,29141.8828125,1901323
2026-07-21T15:08:00-04:00,29141.96875,29142.595703125,29135.923828125,29139.697265625,2035886
2026-07-21T15:09:00-04:00,29139.7421875,29146.19921875,29137.900390625,29137.900390625,2971384
2026-07-21T15:10:00-04:00,29137.791015625,29141.1484375,29133.005859375,29134.564453125,1511677
2026-07-21T15:11:00-04:00,29135.0859375,29138.130859375,29135.0859375,29136.958984375,1633561
2026-07-21T15:12:00-04:00,29138.189453125,29146.18359375,29138.189453125,29142.640625,1671583
2026-07-21T15:13:00-04:00,29141.34375,29142.853515625,29135.708984375,29135.708984375,1836837
2026-07-21T15:14:00-04:00,29135.7265625,29138.283203125,29132.4765625,29135.267578125,1953544
2026-07-21T15:15:00-04:00,29131.466796875,29141.365234375,29131.2734375,29135.55078125,3067553
2026-07-21T15:16:00-04:00,29135.626953125,29144.533203125,29133.705078125,29144.26953125,3316266
2026-07-21T15:17:00-04:00,29144.0703125,29147.33203125,29141.583984375,29143.0234375,1098398
2026-07-21T15:18:00-04:00,29143.095703125,29145.66015625,29141.853515625,29142.123046875,3184484
2026-07-21T15:19:00-04:00,29142.36328125,29147.94921875,29142.36328125,29144.90625,968175
2026-07-21T15:20:00-04:00,29145.138671875,29147.173828125,29139.275390625,29147.173828125,2975510
2026-07-21T15:21:00-04:00,29146.693359375,29147.08203125,29136.001953125,29138.099609375,972631
2026-07-21T15:22:00-04:00,29138.384765625,29139.822265625,29134.875,29139.822265625,2835286
2026-07-21T15:23:00-04:00,29141.865234375,29145.037109375,29140.56640625,29142.30859375,1043966
2026-07-21T15:24:00-04:00,29142.251953125,29143.025390625,29139.533203125,29140.8671875,2980893
2026-07-21T15:25:00-04:00,29139.72265625,29140.6875,29136.01953125,29136.50390625,1239635
2026-07-21T15:26:00-04:00,29135.197265625,29135.197265625,29125.755859375,29132.689453125,3380787
2026-07-21T15:27:00-04:00,29134.833984375,29138.83203125,29127.802734375,29127.802734375,952897
2026-07-21T15:28:00-04:00,29127.30078125,29130.359375,29124.71484375,29124.71484375,3060931
2026-07-21T15:29:00-04:00,29124.474609375,29127.669921875,29120.640625,29120.9140625,1432302
2026-07-21T15:30:00-04:00,29127.537109375,29130.271484375,29121.91015625,29126.03515625,3530905
2026-07-21T15:31:00-04:00,29127.671875,29136.9140625,29127.671875,29136.9140625,1299601
2026-07-21T15:32:00-04:00,29135.74609375,29139.248046875,29135.74609375,29136.703125,2687608
2026-07-21T15:33:00-04:00,29137.912109375,29140.357421875,29135.931640625,29136.7109375,2731083
2026-07-21T15:34:00-04:00,29137.826171875,29140.322265625,29135.62890625,29139.474609375,2532587
2026-07-21T15:35:00-04:00,29136.818359375,29151.705078125,29136.158203125,29151.490234375,2708693
2026-07-21T15:36:00-04:00,29151.15234375,29157.44140625,29151.15234375,29154.3671875,2582376
2026-07-21T15:37:00-04:00,29154.486328125,29160.099609375,29154.486328125,29160.099609375,2349444
2026-07-21T15:38:00-04:00,29156.587890625,29160.525390625,29154.986328125,29157.53515625,2503556
2026-07-21T15:39:00-04:00,29156.111328125,29157.9375,29153.4140625,29156.724609375,5127700
2026-07-21T15:40:00-04:00,29156.15625,29158.875,29152.740234375,29157.291015625,2721588
2026-07-21T15:41:00-04:00,29156.244140625,29158.03515625,29153.05859375,29153.109375,2537654
2026-07-21T15:42:00-04:00,29154.46484375,29157.73828125,29153.181640625,29157.73828125,2247944
2026-07-21T15:43:00-04:00,29158.33203125,29166.19921875,29156.55859375,29165.923828125,2355737
2026-07-21T15:44:00-04:00,29166.998046875,29170.75390625,29162.703125,29167.49609375,2210674
2026-07-21T15:45:00-04:00,29166.984375,29170.748046875,29165.984375,29166.595703125,2640437
2026-07-21T15:46:00-04:00,29166.373046875,29167.568359375,29164.3515625,29165.7421875,3014002
2026-07-21T15:47:00-04:00,29166.2265625,29166.2265625,29157.20703125,29158.310546875,2604554
2026-07-21T15:48:00-04:00,29158.64453125,29164.578125,29157.994140625,29159.841796875,2831001
2026-07-21T15:49:00-04:00,29161.2109375,29171.341796875,29161.2109375,29171.341796875,4066887
2026-07-21T15:50:00-04:00,29149.103515625,29175.232421875,29149.103515625,29164.447265625,3214676
2026-07-21T15:51:00-04:00,29167.794921875,29171.91015625,29161.337890625,29164.41015625,8560795
2026-07-21T15:52:00-04:00,29164.990234375,29170.57421875,29164.283203125,29166.078125,2439644
2026-07-21T15:53:00-04:00,29170.83203125,29170.83203125,29164.18359375,29167.138671875,7981312
2026-07-21T15:54:00-04:00,29166.93359375,29181.91015625,29166.93359375,29171.353515625,2941528
2026-07-21T15:55:00-04:00,29171.212890625,29176.69140625,29167.87890625,29168.921875,11235972
2026-07-21T15:56:00-04:00,29170.25390625,29177.224609375,29167.697265625,29173.48828125,3565562
2026-07-21T15:57:00-04:00,29174.734375,29179.0,29173.37109375,29176.56640625,9998781
2026-07-21T15:58:00-04:00,29173.001953125,29174.173828125,29168.001953125,29168.1875,3066980
2026-07-21T15:59:00-04:00,29164.994140625,29166.603515625,29146.1171875,29146.1171875,10364206
2026-07-22T09:30:00-04:00,28942.884765625,28959.880859375,28937.8125,28955.265625,0
2026-07-22T09:31:00-04:00,28965.173828125,28966.853515625,28937.318359375,28966.853515625,9720625
2026-07-22T09:32:00-04:00,28953.40234375,28985.4375,28951.41015625,28985.4375,4913370
2026-07-22T09:33:00-04:00,28989.9765625,29000.935546875,28986.791015625,28986.791015625,4766683
2026-07-22T09:34:00-04:00,28987.869140625,28987.869140625,28975.626953125,28984.3203125,3956760
2026-07-22T09:35:00-04:00,28992.416015625,28992.416015625,28984.607421875,28992.109375,4064345
2026-07-22T09:36:00-04:00,28984.697265625,28984.95703125,28960.953125,28978.255859375,5489557
2026-07-22T09:37:00-04:00,28977.087890625,29000.228515625,28974.841796875,28996.173828125,3575652
2026-07-22T09:38:00-04:00,28994.060546875,28994.212890625,28955.208984375,28955.208984375,3584264
2026-07-22T09:39:00-04:00,28951.701171875,28994.40625,28951.701171875,28991.310546875,4194661
2026-07-22T09:40:00-04:00,28991.041015625,28991.041015625,28972.0,28979.775390625,4777970
2026-07-22T09:41:00-04:00,28975.65234375,29001.46484375,28974.1484375,28990.15625,4028929
2026-07-22T09:42:00-04:00,28999.162109375,29013.759765625,28999.162109375,29005.345703125,3944691
2026-07-22T09:43:00-04:00,29000.142578125,29020.208984375,28998.748046875,29010.287109375,3665636
2026-07-22T09:44:00-04:00,29010.79296875,29019.37109375,29007.189453125,29018.306640625,3310230
2026-07-22T09:45:00-04:00,29023.21875,29052.4453125,29023.21875,29047.669921875,3896585
2026-07-22T09:46:00-04:00,29040.962890625,29044.140625,29035.998046875,29038.283203125,4000223
2026-07-22T09:47:00-04:00,29029.76171875,29032.95703125,29012.017578125,29012.017578125,2920755
2026-07-22T09:48:00-04:00,29011.224609375,29016.765625,28995.490234375,29011.095703125,3160396
2026-07-22T09:49:00-04:00,29012.0078125,29019.19140625,29005.517578125,29005.517578125,3563560
2026-07-22T09:50:00-04:00,29002.728515625,29012.419921875,28996.94140625,28997.07421875,3111715
2026-07-22T09:51:00-04:00,28999.818359375,29032.376953125,28999.818359375,29020.740234375,3662256
2026-07-22T09:52:00-04:00,29022.306640625,29037.4296875,29022.306640625,29037.4296875,3865077
2026-07-22T09:53:00-04:00,29036.400390625,29061.72265625,29036.400390625,29061.72265625,3058108
2026-07-22T09:54:00-04:00,29065.22265625,29070.720703125,29065.09375,29070.720703125,3236355
2026-07-22T09:55:00-04:00,29074.234375,29081.21484375,29070.48828125,29072.109375,3303613
2026-07-22T09:56:00-04:00,29077.201171875,29088.53515625,29077.201171875,29088.53515625,3586292
2026-07-22T09:57:00-04:00,29090.384765625,29093.220703125,29075.337890625,29093.220703125,3860600
2026-07-22T09:58:00-04:00,29092.57421875,29095.203125,29085.072265625,29087.626953125,3432921
2026-07-22T09:59:00-04:00,29090.71875,29108.32421875,29090.71875,29108.32421875,3287977
2026-07-22T10:00:00-04:00,29108.220703125,29112.818359375,29100.19140625,29112.818359375,3932611
2026-07-22T10:01:00-04:00,29115.59375,29116.671875,29098.34765625,29098.34765625,3423906
2026-07-22T10:02:00-04:00,29097.583984375,29098.5390625,29085.70703125,29093.203125,2789542
2026-07-22T10:03:00-04:00,29092.990234375,29098.443359375,29073.638671875,29075.5390625,2923032
2026-07-22T10:04:00-04:00,29077.556640625,29089.669921875,29077.556640625,29087.498046875,2748054
2026-07-22T10:05:00-04:00,29090.033203125,29110.16796875,29085.849609375,29110.16796875,3899904
2026-07-22T10:06:00-04:00,29107.80859375,29107.80859375,29092.89453125,29093.791015625,3167911
2026-07-22T10:07:00-04:00,29090.212890625,29090.212890625,29068.748046875,29073.67578125,2809313
2026-07-22T10:08:00-04:00,29071.10546875,29076.5234375,29065.89453125,29071.09765625,3393896
2026-07-22T10:09:00-04:00,29071.6328125,29075.947265625,29055.755859375,29055.755859375,2506825
2026-07-22T10:10:00-04:00,29057.333984375,29070.888671875,29052.388671875,29070.888671875,3015125
2026-07-22T10:11:00-04:00,29072.169921875,29088.943359375,29072.169921875,29087.498046875,2649468
2026-07-22T10:12:00-04:00,29085.654296875,29095.36328125,29081.15625,29081.15625,2455492
2026-07-22T10:13:00-04:00,29070.529296875,29079.68359375,29060.330078125,29065.138671875,2667661
2026-07-22T10:14:00-04:00,29063.734375,29071.251953125,29063.404296875,29071.251953125,2418058
2026-07-22T10:15:00-04:00,29072.025390625,29072.025390625,29036.23828125,29036.23828125,3654619
2026-07-22T10:16:00-04:00,29044.08984375,29051.21875,29036.607421875,29049.412109375,2776217
2026-07-22T10:17:00-04:00,29049.416015625,29058.53125,29033.4453125,29058.53125,2232125
2026-07-22T10:18:00-04:00,29061.923828125,29061.923828125,29047.564453125,29048.673828125,2329981
2026-07-22T10:19:00-04:00,29043.90234375,29083.828125,29043.90234375,29083.828125,2000066
2026-07-22T10:20:00-04:00,29082.36328125,29094.478515625,29079.748046875,29094.150390625,2788112
2026-07-22T10:21:00-04:00,29096.953125,29107.76953125,29093.560546875,29104.34765625,2562842
2026-07-22T10:22:00-04:00,29098.25,29100.064453125,29083.96484375,29083.96484375,2296736
2026-07-22T10:23:00-04:00,29071.826171875,29071.826171875,29042.33203125,29047.275390625,3060245
2026-07-22T10:24:00-04:00,29047.609375,29047.669921875,29033.958984375,29047.669921875,2426093
2026-07-22T10:25:00-04:00,29058.310546875,29063.47265625,29050.30859375,29059.990234375,2242828
2026-07-22T10:26:00-04:00,29062.23046875,29065.8515625,29047.310546875,29048.90625,1944822
2026-07-22T10:27:00-04:00,29049.892578125,29057.783203125,29041.388671875,29048.060546875,1849554
2026-07-22T10:28:00-04:00,29050.658203125,29052.68359375,29040.4375,29049.17578125,1858103
2026-07-22T10:29:00-04:00,29048.748046875,29057.796875,29047.37890625,29052.107421875,1817535
2026-07-22T10:30:00-04:00,29064.08203125,29069.287109375,29054.642578125,29068.23828125,2739130
2026-07-22T10:31:00-04:00,29066.912109375,29066.912109375,29056.708984375,29065.5,2682917
2026-07-22T10:32:00-04:00,29072.158203125,29090.556640625,29072.158203125,29089.9140625,2009464
2026-07-22T10:33:00-04:00,29087.34375,29089.2421875,29079.787109375,29079.787109375,2407709
2026-07-22T10:34:00-04:00,29069.8359375,29073.404296875,29060.55859375,29061.30859375,2176403
2026-07-22T10:35:00-04:00,29053.6796875,29060.513671875,29046.974609375,29058.662109375,2269031
2026-07-22T10:36:00-04:00,29062.70703125,29076.373046875,29060.09765625,29076.373046875,1982284
2026-07-22T10:37:00-04:00,29074.876953125,29077.2421875,29065.091796875,29065.091796875,1909252
2026-07-22T10:38:00-04:00,29061.53515625,29061.53515625,29047.375,29057.84765625,1996644
2026-07-22T10:39:00-04:00,29055.24609375,29055.24609375,29045.388671875,29046.505859375,1914384
2026-07-22T10:40:00-04:00,29049.59765625,29061.94921875,29048.755859375,29056.330078125,1865018
2026-07-22T10:41:00-04:00,29052.841796875,29054.025390625,29026.880859375,29026.880859375,2020213
2026-07-22T10:42:00-04:00,29021.474609375,29033.919921875,29013.71875,29030.431640625,2646521
2026-07-22T10:43:00-04:00,29027.318359375,29027.318359375,29018.205078125,29018.205078125,1918695
2026-07-22T10:44:00-04:00,29021.8984375,29028.0,29021.83203125,29024.48828125,1764359
2026-07-22T10:45:00-04:00,29024.494140625,29032.2578125,29015.189453125,29032.2578125,1769514
2026-07-22T10:46:00-04:00,29031.685546875,29058.103515625,29031.685546875,29056.412109375,2116478
2026-07-22T10:47:00-04:00,29050.548828125,29050.548828125,29044.15625,29044.61328125,1990595
2026-07-22T10:48:00-04:00,29046.13671875,29061.3359375,29046.13671875,29055.056640625,1524771
2026-07-22T10:49:00-04:00,29058.619140625,29058.619140625,29042.6015625,29057.169921875,2246022
2026-07-22T10:50:00-04:00,29054.8671875,29057.171875,29047.705078125,29051.396484375,1845038
2026-07-22T10:51:00-04:00,29052.6875,29052.6875,29025.857421875,29043.205078125,1910694
2026-07-22T10:52:00-04:00,29046.12890625,29054.5078125,29033.349609375,29033.685546875,1964035
2026-07-22T10:53:00-04:00,29036.693359375,29048.923828125,29036.693359375,29038.951171875,1914275
2026-07-22T10:54:00-04:00,29041.150390625,29051.287109375,29040.41796875,29040.41796875,1790826
2026-07-22T10:55:00-04:00,29027.259765625,29030.158203125,29020.490234375,29030.158203125,2454420
2026-07-22T10:56:00-04:00,29039.466796875,29046.767578125,29035.470703125,29044.08203125,2108398
2026-07-22T10:57:00-04:00,29046.2265625,29060.939453125,29046.2265625,29057.88671875,2161358
2026-07-22T10:58:00-04:00,29063.435546875,29077.55078125,29063.435546875,29073.60546875,2352577
2026-07-22T10:59:00-04:00,29072.349609375,29079.337890625,29071.8125,29079.337890625,1881392
2026-07-22T11:00:00-04:00,29082.974609375,29096.208984375,29082.974609375,29096.208984375,2270515
2026-07-22T11:01:00-04:00,29097.962890625,29099.94921875,29084.513671875,29084.513671875,2361840
2026-07-22T11:02:00-04:00,29080.654296875,29092.072265625,29076.74609375,29092.072265625,1894739
2026-07-22T11:03:00-04:00,29096.78125,29105.6875,29096.78125,29097.529296875,1990836
2026-07-22T11:04:00-04:00,29099.154296875,29107.5546875,29099.154296875,29105.95703125,2017464
2026-07-22T11:05:00-04:00,29106.3125,29122.935546875,29099.08203125,29122.935546875,1971835
2026-07-22T11:06:00-04:00,29125.4765625,29132.041015625,29125.4765625,29127.193359375,3345037
2026-07-22T11:07:00-04:00,29125.59375,29130.265625,29121.90234375,29130.078125,2555984
2026-07-22T11:08:00-04:00,29129.953125,29132.31640625,29127.93359375,29129.21484375,2594609
2026-07-22T11:09:00-04:00,29134.630859375,29134.630859375,29126.03515625,29127.044921875,2696981
2026-07-22T11:10:00-04:00,29125.396484375,29144.255859375,29125.396484375,29144.255859375,2691437
2026-07-22T11:11:00-04:00,29146.697265625,29146.697265625,29133.66015625,29133.66015625,2391329
2026-07-22T11:12:00-04:00,29123.494140625,29137.623046875,29123.494140625,29137.623046875,2755087
2026-07-22T11:13:00-04:00,29139.29296875,29139.29296875,29130.80859375,29134.431640625,2944746
2026-07-22T11:14:00-04:00,29133.953125,29139.951171875,29130.927734375,29139.951171875,2171488
2026-07-22T11:15:00-04:00,29141.71484375,29145.607421875,29137.701171875,29143.671875,2208574
2026-07-22T11:16:00-04:00,29143.9921875,29146.01953125,29136.703125,29142.130859375,2339593
2026-07-22T11:17:00-04:00,29145.478515625,29147.70703125,29135.9609375,29135.9609375,2503054
2026-07-22T11:18:00-04:00,29131.306640625,29135.013671875,29131.306640625,29131.431640625,2754048
2026-07-22T11:19:00-04:00,29130.31640625,29140.939453125,29130.31640625,29140.939453125,2527906
2026-07-22T11:20:00-04:00,29142.365234375,29156.220703125,29142.365234375,29156.220703125,2380437
2026-07-22T11:21:00-04:00,29157.568359375,29157.568359375,29139.474609375,29139.474609375,2491599
2026-07-22T11:22:00-04:00,29136.880859375,29141.515625,29132.69140625,29140.9453125,2725036
2026-07-22T11:23:00-04:00,29143.330078125,29143.330078125,29133.908203125,29141.6328125,2357753
2026-07-22T11:24:00-04:00,29152.48828125,29158.2734375,29152.48828125,29154.14453125,2213109
2026-07-22T11:25:00-04:00,29153.990234375,29157.484375,29153.818359375,29157.484375,1754819
2026-07-22T11:26:00-04:00,29163.681640625,29168.251953125,29162.234375,29168.251953125,2180349
2026-07-22T11:27:00-04:00,29168.66015625,29175.751953125,29166.88671875,29168.607421875,2541600
2026-07-22T11:28:00-04:00,29168.08984375,29168.08984375,29160.66015625,29164.478515625,2073759
2026-07-22T11:29:00-04:00,29164.451171875,29164.9609375,29160.103515625,29160.103515625,1717017
2026-07-22T11:30:00-04:00,29159.248046875,29167.0703125,29154.701171875,29167.0703125,1893680
2026-07-22T11:31:00-04:00,29164.67578125,29165.689453125,29159.552734375,29159.552734375,1848667
2026-07-22T11:32:00-04:00,29159.10546875,29159.10546875,29142.390625,29142.787109375,2039818
2026-07-22T11:33:00-04:00,29142.888671875,29143.447265625,29132.90234375,29132.90234375,2451496
2026-07-22T11:34:00-04:00,29132.580078125,29132.580078125,29123.82421875,29128.646484375,2179501
2026-07-22T11:35:00-04:00,29126.953125,29137.7421875,29126.953125,29137.5234375,1918895
2026-07-22T11:36:00-04:00,29138.12109375,29139.857421875,29134.998046875,29139.7734375,1714787
2026-07-22T11:37:00-04:00,29140.091796875,29140.091796875,29117.548828125,29124.904296875,2043060
2026-07-22T11:38:00-04:00,29129.34375,29132.705078125,29119.408203125,29121.48828125,1887048
2026-07-22T11:39:00-04:00,29118.36328125,29118.86328125,29114.47265625,29116.794921875,1927501
2026-07-22T11:40:00-04:00,29115.564453125,29129.150390625,29108.423828125,29127.671875,1705099
2026-07-22T11:41:00-04:00,29126.9140625,29135.55859375,29126.9140625,29128.091796875,1989253
2026-07-22T11:42:00-04:00,29131.068359375,29133.79296875,29126.966796875,29126.966796875,1669642
2026-07-22T11:43:00-04:00,29126.01953125,29126.01953125,29115.90234375,29117.29296875,1363116
2026-07-22T11:44:00-04:00,29119.810546875,29126.826171875,29119.810546875,29120.453125,1496222
2026-07-22T11:45:00-04:00,29125.125,29137.322265625,29125.125,29134.513671875,1661317
2026-07-22T11:46:00-04:00,29136.736328125,29141.2265625,29128.482421875,29128.482421875,1500201
2026-07-22T11:47:00-04:00,29131.513671875,29135.5546875,29129.1484375,29135.5546875,1343641
2026-07-22T11:48:00-04:00,29131.970703125,29136.736328125,29131.970703125,29135.71484375,1463189
2026-07-22T11:49:00-04:00,29135.162109375,29138.63671875,29130.37890625,29138.63671875,1511401
2026-07-22T11:50:00-04:00,29140.36328125,29145.12890625,29140.36328125,29143.041015625,1569343
2026-07-22T11:51:00-04:00,29142.357421875,29157.94921875,29142.357421875,29157.94921875,1596701
2026-07-22T11:52:00-04:00,29156.7578125,29162.75390625,29156.341796875,29162.75390625,2049064
2026-07-22T11:53:00-04:00,29162.861328125,29164.546875,29147.658203125,29147.658203125,1877264
2026-07-22T11:54:00-04:00,29149.236328125,29149.744140625,29139.3046875,29139.3046875,1606964
2026-07-22T11:55:00-04:00,29135.748046875,29144.55078125,29135.748046875,29144.55078125,1762196
2026-07-22T11:56:00-04:00,29144.728515625,29144.728515625,29138.767578125,29139.0078125,1516785
2026-07-22T11:57:00-04:00,29140.927734375,29143.626953125,29135.67578125,29143.626953125,1434447
2026-07-22T11:58:00-04:00,29143.470703125,29156.482421875,29143.470703125,29156.482421875,2307462
2026-07-22T11:59:00-04:00,29154.41796875,29166.1796875,29154.41796875,29166.1796875,1763794
2026-07-22T12:00:00-04:00,29165.849609375,29165.849609375,29159.73828125,29159.73828125,1873918
2026-07-22T12:01:00-04:00,29160.7890625,29161.3984375,29148.388671875,29150.224609375,2558646
2026-07-22T12:02:00-04:00,29149.587890625,29156.482421875,29149.17578125,29156.482421875,805985
2026-07-22T12:03:00-04:00,29156.68359375,29156.68359375,29149.6875,29153.056640625,2375514
2026-07-22T12:04:00-04:00,29153.34375,29155.623046875,29148.75390625,29153.271484375,843978
2026-07-22T12:05:00-04:00,29153.52734375,29157.908203125,29149.01953125,29157.908203125,2523517
2026-07-22T12:06:00-04:00,29157.9140625,29164.57421875,29157.9140625,29159.125,797456
2026-07-22T12:07:00-04:00,29159.095703125,29161.791015625,29156.474609375,29161.755859375,2024193
2026-07-22T12:08:00-04:00,29161.0390625,29161.615234375,29157.271484375,29159.513671875,576089
2026-07-22T12:09:00-04:00,29159.33984375,29161.833984375,29157.859375,29161.3359375,2080760
2026-07-22T12:10:00-04:00,29161.486328125,29161.615234375,29159.123046875,29159.21875,845594
2026-07-22T12:11:00-04:00,29158.26171875,29162.75390625,29151.4921875,29151.4921875,1696742
2026-07-22T12:12:00-04:00,29150.619140625,29160.94140625,29150.619140625,29159.490234375,1726599
2026-07-22T12:13:00-04:00,29159.775390625,29163.12109375,29157.123046875,29157.525390625,1437128
2026-07-22T12:14:00-04:00,29158.642578125,29166.1015625,29158.642578125,29163.658203125,1793109
2026-07-22T12:15:00-04:00,29162.498046875,29169.6328125,29162.498046875,29165.248046875,2011355
2026-07-22T12:16:00-04:00,29163.625,29168.962890625,29160.177734375,29163.58203125,1715474
2026-07-22T12:17:00-04:00,29162.37109375,29167.787109375,29155.5703125,29157.119140625,2228449
2026-07-22T12:18:00-04:00,29156.154296875,29164.171875,29155.2890625,29163.326171875,1838220
2026-07-22T12:19:00-04:00,29163.81640625,29165.947265625,29163.357421875,29163.7578125,1685388
2026-07-22T12:20:00-04:00,29163.15234375,29163.15234375,29149.728515625,29152.705078125,1780589
2026-07-22T12:21:00-04:00,29154.404296875,29156.552734375,29150.302734375,29150.775390625,1789489
2026-07-22T12:22:00-04:00,29151.876953125,29154.28125,29148.427734375,29150.00390625,1446300
2026-07-22T12:23:00-04:00,29150.296875,29152.392578125,29148.8671875,29148.8671875,1925602
2026-07-22T12:24:00-04:00,29146.22265625,29150.0546875,29144.3203125,29148.646484375,1700289
2026-07-22T12:25:00-04:00,29147.9765625,29147.9765625,29144.126953125,29146.833984375,1635177
2026-07-22T12:26:00-04:00,29147.802734375,29147.802734375,29134.802734375,29139.171875,1803909
2026-07-22T12:27:00-04:00,29139.3359375,29144.3046875,29139.3359375,29143.3671875,2200144
2026-07-22T12:28:00-04:00,29142.52734375,29142.939453125,29137.142578125,29142.939453125,2544625
2026-07-22T12:29:00-04:00,29143.1875,29146.275390625,29142.783203125,29144.0234375,610669
2026-07-22T12:30:00-04:00,29144.041015625,29147.435546875,29142.439453125,29147.435546875,2256659
2026-07-22T12:31:00-04:00,29146.857421875,29156.39453125,29146.857421875,29154.4765625,1073248
2026-07-22T12:32:00-04:00,29154.099609375,29156.53125,29152.869140625,29156.53125,2050891
2026-07-22T12:33:00-04:00,29156.552734375,29160.482421875,29153.4921875,29160.482421875,842740
2026-07-22T12:34:00-04:00,29160.998046875,29163.517578125,29152.75,29156.779296875,2791078
2026-07-22T12:35:00-04:00,29156.51171875,29156.5703125,29151.78125,29152.173828125,799097
2026-07-22T12:36:00-04:00,29152.46875,29152.46875,29145.70703125,29145.97265625,2052276
2026-07-22T12:37:00-04:00,29145.640625,29146.076171875,29138.005859375,29138.005859375,712630
2026-07-22T12:38:00-04:00,29137.64453125,29149.443359375,29137.64453125,29149.01171875,2998016
2026-07-22T12:39:00-04:00,29149.423828125,29149.814453125,29137.60546875,29140.552734375,659284
2026-07-22T12:40:00-04:00,29140.673828125,29140.673828125,29124.96484375,29124.96484375,2384587
2026-07-22T12:41:00-04:00,29126.48828125,29128.21484375,29125.947265625,29126.580078125,1080595
2026-07-22T12:42:00-04:00,29124.9765625,29128.45703125,29120.78125,29121.98828125,2689967
2026-07-22T12:43:00-04:00,29120.169921875,29122.515625,29116.677734375,29117.0859375,678429
2026-07-22T12:44:00-04:00,29118.314453125,29124.55859375,29118.314453125,29123.751953125,1406181
2026-07-22T12:45:00-04:00,29124.44921875,29130.845703125,29118.763671875,29118.763671875,1677617
2026-07-22T12:46:00-04:00,29119.876953125,29125.505859375,29112.25,29112.25,1559791
2026-07-22T12:47:00-04:00,29112.20703125,29114.880859375,29111.314453125,29114.880859375,1741367
2026-07-22T12:48:00-04:00,29114.70703125,29121.591796875,29114.70703125,29121.591796875,2581425
2026-07-22T12:49:00-04:00,29124.12890625,29124.12890625,29119.736328125,29121.154296875,1453820
2026-07-22T12:50:00-04:00,29120.037109375,29123.09375,29115.138671875,29123.09375,1837246
2026-07-22T12:51:00-04:00,29123.431640625,29127.306640625,29121.279296875,29122.259765625,1449472
2026-07-22T12:52:00-04:00,29120.9296875,29127.51953125,29120.359375,29126.884765625,1297085
2026-07-22T12:53:00-04:00,29127.19140625,29127.92578125,29118.986328125,29123.09765625,1261971
2026-07-22T12:54:00-04:00,29123.0546875,29126.51953125,29122.7578125,29124.046875,1238232
2026-07-22T12:55:00-04:00,29124.212890625,29146.103515625,29122.958984375,29146.103515625,1237562
2026-07-22T12:56:00-04:00,29148.447265625,29148.447265625,29145.3515625,29147.66796875,1777139
2026-07-22T12:57:00-04:00,29148.201171875,29154.546875,29148.201171875,29150.3671875,1389696
2026-07-22T12:58:00-04:00,29148.8125,29151.234375,29147.125,29148.93359375,1242244
2026-07-22T12:59:00-04:00,29150.11328125,29150.11328125,29143.146484375,29143.7890625,1993721
2026-07-22T13:00:00-04:00,29143.015625,29155.5546875,29142.849609375,29155.38671875,704038
2026-07-22T13:01:00-04:00,29153.564453125,29156.966796875,29150.810546875,29151.4296875,2456286
2026-07-22T13:02:00-04:00,29149.896484375,29151.095703125,29143.93359375,29144.93359375,630944
2026-07-22T13:03:00-04:00,29144.869140625,29146.59765625,29136.734375,29141.05859375,1780350
2026-07-22T13:04:00-04:00,29140.26171875,29140.26171875,29136.30859375,29140.1015625,954563
2026-07-22T13:05:00-04:00,29141.31640625,29149.08203125,29141.31640625,29146.576171875,1865453
2026-07-22T13:06:00-04:00,29146.94140625,29153.3828125,29144.60546875,29153.3828125,1019212
2026-07-22T13:07:00-04:00,29152.919921875,29161.5859375,29151.83984375,29161.5859375,2396936
2026-07-22T13:08:00-04:00,29161.76953125,29161.76953125,29155.57421875,29157.482421875,882307
2026-07-22T13:09:00-04:00,29157.716796875,29157.716796875,29150.751953125,29157.30859375,1826935
2026-07-22T13:10:00-04:00,29157.763671875,29159.6015625,29155.068359375,29157.794921875,662606
2026-07-22T13:11:00-04:00,29158.78125,29159.33203125,29152.767578125,29155.951171875,2101879
2026-07-22T13:12:00-04:00,29157.15234375,29157.15234375,29151.59375,29151.78515625,581968
2026-07-22T13:13:00-04:00,29152.486328125,29152.486328125,29146.029296875,29148.224609375,1775209
2026-07-22T13:14:00-04:00,29147.169921875,29148.029296875,29141.453125,29143.310546875,640171
2026-07-22T13:15:00-04:00,29144.19921875,29144.513671875,29134.193359375,29135.431640625,1664620
2026-07-22T13:16:00-04:00,29135.599609375,29139.865234375,29134.10546875,29135.072265625,1488856
2026-07-22T13:17:00-04:00,29135.201171875,29143.490234375,29135.201171875,29143.490234375,1351598
2026-07-22T13:18:00-04:00,29143.080078125,29146.80859375,29143.080078125,29146.392578125,1395373
2026-07-22T13:19:00-04:00,29145.181640625,29149.169921875,29144.19140625,29144.19140625,1329609
2026-07-22T13:20:00-04:00,29142.853515625,29142.853515625,29134.736328125,29135.8359375,1413864
2026-07-22T13:21:00-04:00,29137.404296875,29139.0625,29134.482421875,29134.640625,1347448
2026-07-22T13:22:00-04:00,29133.7421875,29138.6484375,29129.78515625,29138.6484375,1503541
2026-07-22T13:23:00-04:00,29138.765625,29145.9921875,29138.765625,29143.00390625,1782317
2026-07-22T13:24:00-04:00,29142.818359375,29147.484375,29141.748046875,29145.10546875,1786129
2026-07-22T13:25:00-04:00,29144.66796875,29144.66796875,29135.830078125,29135.830078125,1677612
2026-07-22T13:26:00-04:00,29136.97265625,29136.97265625,29131.974609375,29134.841796875,2002617
2026-07-22T13:27:00-04:00,29134.3828125,29138.63671875,29134.3828125,29138.28515625,706385
2026-07-22T13:28:00-04:00,29137.490234375,29148.115234375,29136.498046875,29147.203125,2333133
2026-07-22T13:29:00-04:00,29149.041015625,29149.041015625,29139.51953125,29139.51953125,1095029
2026-07-22T13:30:00-04:00,29137.2734375,29144.90625,29137.2734375,29144.30078125,1979770
2026-07-22T13:31:00-04:00,29145.0078125,29151.189453125,29145.0078125,29148.0546875,1984315
2026-07-22T13:32:00-04:00,29147.96484375,29147.96484375,29129.537109375,29129.837890625,3424394
2026-07-22T13:33:00-04:00,29130.5,29130.69921875,29117.140625,29119.625,1879985
2026-07-22T13:34:00-04:00,29121.650390625,29121.650390625,29114.494140625,29119.04296875,3181724
2026-07-22T13:35:00-04:00,29118.083984375,29123.662109375,29115.62109375,29122.8828125,1711752
2026-07-22T13:36:00-04:00,29122.39453125,29129.3046875,29122.39453125,29129.3046875,1359093
2026-07-22T13:37:00-04:00,29129.046875,29137.66015625,29129.005859375,29137.66015625,1429104
2026-07-22T13:38:00-04:00,29139.310546875,29141.734375,29137.740234375,29138.19140625,1305835
2026-07-22T13:39:00-04:00,29138.646484375,29146.447265625,29138.634765625,29146.447265625,1351939
2026-07-22T13:40:00-04:00,29145.923828125,29145.923828125,29136.50390625,29136.91015625,1508084
2026-07-22T13:41:00-04:00,29137.236328125,29137.236328125,29131.66015625,29131.67578125,1547637
2026-07-22T13:42:00-04:00,29130.982421875,29130.982421875,29125.30859375,29125.30859375,1297325
2026-07-22T13:43:00-04:00,29126.337890625,29127.2265625,29123.931640625,29123.931640625,1151785
2026-07-22T13:44:00-04:00,29124.0234375,29130.287109375,29124.0234375,29128.091796875,1245105
2026-07-22T13:45:00-04:00,29128.265625,29130.81640625,29125.765625,29129.251953125,1473655
2026-07-22T13:46:00-04:00,29128.76953125,29129.201171875,29123.89453125,29125.69140625,1268989
2026-07-22T13:47:00-04:00,29125.59375,29126.083984375,29118.12890625,29118.12890625,6500010
2026-07-22T13:48:00-04:00,29118.53515625,29120.5546875,29113.984375,29114.056640625,515864
2026-07-22T13:49:00-04:00,29114.5,29119.4453125,29113.35546875,29113.35546875,1898259
2026-07-22T13:50:00-04:00,29113.66796875,29113.830078125,29110.22265625,29111.626953125,665097
2026-07-22T13:51:00-04:00,29112.935546875,29117.076171875,29112.935546875,29115.3515625,1682358
2026-07-22T13:52:00-04:00,29115.013671875,29115.830078125,29104.3125,29105.052734375,1047611
2026-07-22T13:53:00-04:00,29104.552734375,29104.552734375,29091.318359375,29091.318359375,2838041
2026-07-22T13:54:00-04:00,29089.529296875,29090.3203125,29084.818359375,29084.818359375,913119
2026-07-22T13:55:00-04:00,29083.65234375,29083.65234375,29068.68359375,29080.55078125,3287967
2026-07-22T13:56:00-04:00,29082.3828125,29085.84765625,29080.953125,29083.619140625,863296
2026-07-22T13:57:00-04:00,29084.6171875,29090.40234375,29079.873046875,29080.314453125,2261746
2026-07-22T13:58:00-04:00,29080.228515625,29082.966796875,29078.20703125,29078.68359375,881712
2026-07-22T13:59:00-04:00,29077.662109375,29077.662109375,29073.923828125,29075.03125,2251284
2026-07-22T14:00:00-04:00,29077.923828125,29090.982421875,29077.625,29089.39453125,875589
2026-07-22T14:01:00-04:00,29088.935546875,29088.935546875,29076.171875,29080.48828125,2250937
2026-07-22T14:02:00-04:00,29081.60546875,29081.60546875,29066.517578125,29072.515625,932099
2026-07-22T14:03:00-04:00,29072.91796875,29079.6953125,29072.91796875,29078.2890625,1883063
2026-07-22T14:04:00-04:00,29080.1875,29087.3125,29077.978515625,29086.740234375,1383935
2026-07-22T14:05:00-04:00,29086.142578125,29091.37890625,29081.48046875,29087.3125,1532701
2026-07-22T14:06:00-04:00,29087.4765625,29091.0234375,29086.583984375,29090.96484375,1237266
2026-07-22T14:07:00-04:00,29090.650390625,29098.42578125,29087.84375,29098.42578125,1244892
2026-07-22T14:08:00-04:00,29098.904296875,29101.654296875,29094.837890625,29094.837890625,1246799
2026-07-22T14:09:00-04:00,29093.4140625,29093.4140625,29080.22265625,29081.921875,1382601
2026-07-22T14:10:00-04:00,29080.724609375,29084.26171875,29073.4765625,29082.9609375,2118488
2026-07-22T14:11:00-04:00,29084.40234375,29087.625,29081.13671875,29081.13671875,1507606
2026-07-22T14:12:00-04:00,29080.0859375,29080.48828125,29069.453125,29070.6953125,2004068
2026-07-22T14:13:00-04:00,29071.095703125,29073.255859375,29064.4296875,29065.240234375,1557657
2026-07-22T14:14:00-04:00,29066.048828125,29066.451171875,29059.203125,29059.203125,1611456
2026-07-22T14:15:00-04:00,29058.087890625,29060.57421875,29055.982421875,29059.357421875,1849603
2026-07-22T14:16:00-04:00,29059.70703125,29066.173828125,29058.849609375,29061.83203125,1414856
2026-07-22T14:17:00-04:00,29062.453125,29064.619140625,29056.43359375,29059.865234375,1529746
2026-07-22T14:18:00-04:00,29059.478515625,29070.59375,29059.478515625,29070.59375,2339316
2026-07-22T14:19:00-04:00,29070.087890625,29072.71484375,29062.8671875,29063.97265625,655963
2026-07-22T14:20:00-04:00,29064.42578125,29071.44921875,29058.146484375,29070.884765625,2545586
2026-07-22T14:21:00-04:00,29071.4921875,29080.990234375,29071.4921875,29072.447265625,669966
2026-07-22T14:22:00-04:00,29070.400390625,29070.400390625,29066.0078125,29066.943359375,1786231
2026-07-22T14:23:00-04:00,29066.6484375,29067.4453125,29058.755859375,29058.755859375,992524
2026-07-22T14:24:00-04:00,29059.12890625,29069.548828125,29058.44921875,29063.6015625,2503839
2026-07-22T14:25:00-04:00,29063.294921875,29066.724609375,29061.884765625,29065.01953125,680970
2026-07-22T14:26:00-04:00,29065.830078125,29066.630859375,29062.54296875,29064.041015625,2254322
2026-07-22T14:27:00-04:00,29067.048828125,29067.048828125,29059.935546875,29064.064453125,731679
2026-07-22T14:28:00-04:00,29063.8046875,29076.84765625,29063.8046875,29076.84765625,2235185
2026-07-22T14:29:00-04:00,29077.380859375,29077.380859375,29072.287109375,29072.287109375,625274
2026-07-22T14:30:00-04:00,29072.32421875,29072.32421875,29055.080078125,29058.94140625,3186911
2026-07-22T14:31:00-04:00,29058.455078125,29058.455078125,29045.984375,29046.580078125,2126239
2026-07-22T14:32:00-04:00,29046.396484375,29047.943359375,29041.171875,29041.171875,2678583
2026-07-22T14:33:00-04:00,29043.19140625,29050.736328125,29043.103515625,29049.9140625,1093249
2026-07-22T14:34:00-04:00,29049.673828125,29051.6953125,29043.7890625,29045.513671875,1724096
2026-07-22T14:35:00-04:00,29045.396484375,29057.8984375,29043.14453125,29057.8984375,1628408
2026-07-22T14:36:00-04:00,29060.9609375,29064.625,29060.9609375,29064.119140625,1405685
2026-07-22T14:37:00-04:00,29064.619140625,29069.314453125,29063.095703125,29063.76171875,1444010
2026-07-22T14:38:00-04:00,29065.2265625,29068.583984375,29064.31640625,29064.466796875,1590880
2026-07-22T14:39:00-04:00,29064.9296875,29065.533203125,29055.849609375,29062.955078125,1572605
2026-07-22T14:40:00-04:00,29065.5390625,29065.673828125,29057.828125,29057.828125,2147869
2026-07-22T14:41:00-04:00,29057.98828125,29064.09765625,29057.98828125,29064.09765625,1419650
2026-07-22T14:42:00-04:00,29063.8671875,29063.873046875,29058.4609375,29058.4609375,1353079
2026-07-22T14:43:00-04:00,29058.203125,29063.41015625,29058.13671875,29063.19921875,1494192
2026-07-22T14:44:00-04:00,29063.177734375,29063.271484375,29061.767578125,29062.41796875,1336216
2026-07-22T14:45:00-04:00,29062.02734375,29075.32421875,29060.9140625,29075.32421875,1393907
2026-07-22T14:46:00-04:00,29073.515625,29075.052734375,29070.83203125,29075.052734375,1581284
2026-07-22T14:47:00-04:00,29075.748046875,29075.748046875,29072.466796875,29074.416015625,1277319
2026-07-22T14:48:00-04:00,29074.083984375,29079.990234375,29074.083984375,29076.025390625,1400848
2026-07-22T14:49:00-04:00,29076.337890625,29076.337890625,29065.064453125,29065.376953125,1516389
2026-07-22T14:50:00-04:00,29062.580078125,29064.3515625,29057.5625,29057.5625,1788978
2026-07-22T14:51:00-04:00,29058.203125,29068.826171875,29058.203125,29064.638671875,2470243
2026-07-22T14:52:00-04:00,29065.30859375,29065.30859375,29058.48828125,29061.587890625,741856
2026-07-22T14:53:00-04:00,29061.53125,29073.521484375,29061.53125,29073.521484375,2467600
2026-07-22T14:54:00-04:00,29073.513671875,29083.640625,29073.513671875,29083.072265625,957143
2026-07-22T14:55:00-04:00,29083.287109375,29090.23828125,29083.287109375,29090.23828125,3029273
2026-07-22T14:56:00-04:00,29089.66015625,29090.740234375,29077.091796875,29079.263671875,1074452
2026-07-22T14:57:00-04:00,29080.32421875,29083.892578125,29079.234375,29083.892578125,2357742
2026-07-22T14:58:00-04:00,29084.33203125,29091.330078125,29084.33203125,29087.962890625,856490
2026-07-22T14:59:00-04:00,29086.705078125,29090.388671875,29082.302734375,29082.302734375,2568784
2026-07-22T15:00:00-04:00,29081.974609375,29084.4921875,29080.44921875,29083.8515625,1099400
2026-07-22T15:01:00-04:00,29083.61328125,29086.474609375,29070.84375,29072.896484375,3043611
2026-07-22T15:02:00-04:00,29075.52734375,29078.650390625,29074.005859375,29075.02734375,1291026
2026-07-22T15:03:00-04:00,29074.572265625,29081.703125,29074.572265625,29081.703125,2943861
2026-07-22T15:04:00-04:00,29082.90625,29090.173828125,29082.90625,29085.12890625,1478023
2026-07-22T15:05:00-04:00,29082.830078125,29087.078125,29082.830078125,29083.890625,3493858
2026-07-22T15:06:00-04:00,29077.859375,29086.931640625,29077.7890625,29086.931640625,1191458
2026-07-22T15:07:00-04:00,29087.2265625,29087.2265625,29077.662109375,29078.1640625,1890696
2026-07-22T15:08:00-04:00,29077.08984375,29081.669921875,29074.3125,29079.150390625,1988023
2026-07-22T15:09:00-04:00,29079.548828125,29082.642578125,29077.953125,29081.962890625,1861401
2026-07-22T15:10:00-04:00,29080.34765625,29080.34765625,29074.970703125,29076.17578125,2265618
2026-07-22T15:11:00-04:00,29076.453125,29076.515625,29068.125,29068.30859375,2047490
2026-07-22T15:12:00-04:00,29067.6875,29067.6875,29060.00390625,29060.365234375,2933473
2026-07-22T15:13:00-04:00,29059.646484375,29061.837890625,29056.93359375,29056.93359375,2359574
2026-07-22T15:14:00-04:00,29057.14453125,29058.544921875,29050.78125,29057.78125,2147408
2026-07-22T15:15:00-04:00,29058.20703125,29059.60546875,29052.693359375,29057.390625,2185100
2026-07-22T15:16:00-04:00,29059.154296875,29072.482421875,29057.421875,29071.517578125,2237272
2026-07-22T15:17:00-04:00,29070.2421875,29073.845703125,29068.255859375,29073.810546875,2141473
2026-07-22T15:18:00-04:00,29072.626953125,29076.083984375,29069.490234375,29074.6796875,2244068
2026-07-22T15:19:00-04:00,29075.869140625,29079.0859375,29075.0234375,29075.837890625,2149027
2026-07-22T15:20:00-04:00,29075.5234375,29075.5234375,29068.3125,29068.3125,2119747
2026-07-22T15:21:00-04:00,29067.384765625,29067.85546875,29060.70703125,29064.7890625,1779334
2026-07-22T15:22:00-04:00,29064.896484375,29079.73828125,29063.51171875,29079.73828125,2781501
2026-07-22T15:23:00-04:00,29079.23046875,29080.669921875,29077.96875,29078.154296875,986891
2026-07-22T15:24:00-04:00,29078.66796875,29079.8125,29072.140625,29072.140625,3490313
2026-07-22T15:25:00-04:00,29071.455078125,29072.083984375,29066.4375,29069.044921875,1218256
2026-07-22T15:26:00-04:00,29069.779296875,29072.853515625,29061.71875,29062.98828125,2919811
2026-07-22T15:27:00-04:00,29063.861328125,29077.857421875,29063.861328125,29076.8984375,1081110
2026-07-22T15:28:00-04:00,29076.435546875,29092.619140625,29076.435546875,29091.4765625,3579603
2026-07-22T15:29:00-04:00,29092.38671875,29092.38671875,29085.427734375,29086.046875,1666292
2026-07-22T15:30:00-04:00,29084.234375,29087.85546875,29068.154296875,29068.154296875,4425291
2026-07-22T15:31:00-04:00,29067.498046875,29073.896484375,29066.646484375,29068.01171875,1457429
2026-07-22T15:32:00-04:00,29069.201171875,29070.81640625,29066.849609375,29067.9375,3339274
2026-07-22T15:33:00-04:00,29068.515625,29072.76171875,29063.916015625,29067.87109375,1452012
2026-07-22T15:34:00-04:00,29067.685546875,29067.775390625,29059.79296875,29060.568359375,3904507
2026-07-22T15:35:00-04:00,29063.62109375,29067.515625,29060.841796875,29060.841796875,1390509
2026-07-22T15:36:00-04:00,29060.248046875,29060.248046875,29048.5390625,29051.97265625,4293449
2026-07-22T15:37:00-04:00,29051.205078125,29052.6640625,29044.1484375,29045.236328125,1124534
2026-07-22T15:38:00-04:00,29045.390625,29045.390625,29030.150390625,29033.6640625,2716403
2026-07-22T15:39:00-04:00,29031.21875,29033.41796875,29028.154296875,29032.962890625,3365834
2026-07-22T15:40:00-04:00,29033.470703125,29039.48828125,29033.470703125,29034.70703125,2806198
2026-07-22T15:41:00-04:00,29034.861328125,29040.974609375,29028.9765625,29040.974609375,2938720
2026-07-22T15:42:00-04:00,29041.037109375,29051.58984375,29041.037109375,29047.10546875,3717210
2026-07-22T15:43:00-04:00,29047.041015625,29051.3046875,29046.8359375,29050.814453125,2832982
2026-07-22T15:44:00-04:00,29046.46484375,29053.59375,29041.12890625,29042.869140625,3360970
2026-07-22T15:45:00-04:00,29043.197265625,29050.81640625,29043.197265625,29046.826171875,3872778
2026-07-22T15:46:00-04:00,29045.900390625,29050.306640625,29041.52734375,29041.52734375,3154923
2026-07-22T15:47:00-04:00,29041.484375,29048.771484375,29041.392578125,29046.54296875,2881577
2026-07-22T15:48:00-04:00,29046.16015625,29050.060546875,29044.759765625,29049.375,3807232
2026-07-22T15:49:00-04:00,29049.279296875,29058.078125,29049.279296875,29054.248046875,4488522
2026-07-22T15:50:00-04:00,29073.02734375,29073.02734375,29037.509765625,29037.509765625,4488874
2026-07-22T15:51:00-04:00,29036.7265625,29039.9609375,29032.91796875,29036.015625,8817501
2026-07-22T15:52:00-04:00,29036.79296875,29052.86328125,29036.79296875,29042.587890625,2423662
2026-07-22T15:53:00-04:00,29045.685546875,29051.171875,29039.181640625,29046.15234375,4487937
2026-07-22T15:54:00-04:00,29042.087890625,29045.375,29025.986328125,29030.3671875,5612477
2026-07-22T15:55:00-04:00,29019.28515625,29019.28515625,29006.13671875,29007.234375,7496051
2026-07-22T15:56:00-04:00,29007.826171875,29011.125,29003.365234375,29005.849609375,7053969
2026-07-22T15:57:00-04:00,29009.53515625,29023.193359375,29009.53515625,29016.158203125,6440419
2026-07-22T15:58:00-04:00,29017.658203125,29029.107421875,29017.658203125,29021.712890625,6726500
2026-07-22T15:59:00-04:00,29028.19140625,29031.0390625,28997.4296875,28997.4296875,6387325
2026-07-23T09:30:00-04:00,28543.544921875,28553.19921875,28512.03515625,28528.84375,0
2026-07-23T09:31:00-04:00,28549.41015625,28560.205078125,28536.95703125,28560.205078125,10646750
2026-07-23T09:32:00-04:00,28571.255859375,28584.623046875,28560.390625,28583.53515625,11778441
2026-07-23T09:33:00-04:00,28564.86328125,28576.96875,28549.984375,28563.734375,8907928
2026-07-23T09:34:00-04:00,28577.353515625,28599.97265625,28574.9375,28599.97265625,5987006
2026-07-23T09:35:00-04:00,28608.1015625,28613.353515625,28595.943359375,28597.12890625,6398387
2026-07-23T09:36:00-04:00,28584.4296875,28634.021484375,28584.4296875,28634.021484375,6409709
2026-07-23T09:37:00-04:00,28631.453125,28650.060546875,28627.83984375,28647.36328125,6721741
2026-07-23T09:38:00-04:00,28650.556640625,28657.818359375,28620.298828125,28625.44921875,6602087
2026-07-23T09:39:00-04:00,28631.232421875,28641.2109375,28623.076171875,28637.537109375,5234273
2026-07-23T09:40:00-04:00,28657.755859375,28664.5,28653.28125,28659.529296875,5771309
2026-07-23T09:41:00-04:00,28660.798828125,28672.619140625,28660.490234375,28660.490234375,5909671
2026-07-23T09:42:00-04:00,28670.486328125,28705.763671875,28669.34375,28705.763671875,5345100
2026-07-23T09:43:00-04:00,28713.537109375,28723.90625,28710.2265625,28716.927734375,4981443
2026-07-23T09:44:00-04:00,28717.90234375,28717.90234375,28699.201171875,28700.326171875,5133780
2026-07-23T09:45:00-04:00,28702.328125,28702.328125,28673.2734375,28688.052734375,5673142
2026-07-23T09:46:00-04:00,28692.0546875,28695.265625,28666.7890625,28695.265625,6018466
2026-07-23T09:47:00-04:00,28691.16015625,28691.16015625,28672.15625,28672.15625,5112143
2026-07-23T09:48:00-04:00,28671.619140625,28671.619140625,28638.501953125,28638.501953125,5209991
2026-07-23T09:49:00-04:00,28641.91015625,28641.91015625,28600.94140625,28601.83203125,5039371
2026-07-23T09:50:00-04:00,28601.12109375,28618.21484375,28598.4375,28617.623046875,5148128
2026-07-23T09:51:00-04:00,28619.25,28619.25,28570.798828125,28573.275390625,4715007
2026-07-23T09:52:00-04:00,28583.9140625,28583.9140625,28562.412109375,28570.900390625,5064679
2026-07-23T09:53:00-04:00,28576.8046875,28614.12890625,28576.8046875,28611.40234375,4784052
2026-07-23T09:54:00-04:00,28614.24609375,28654.728515625,28614.24609375,28654.728515625,4694734
2026-07-23T09:55:00-04:00,28659.751953125,28669.748046875,28652.912109375,28660.716796875,4626279
2026-07-23T09:56:00-04:00,28638.41015625,28638.41015625,28607.880859375,28607.880859375,4288323
2026-07-23T09:57:00-04:00,28604.587890625,28604.587890625,28575.19921875,28582.65625,3765647
2026-07-23T09:58:00-04:00,28575.630859375,28575.630859375,28544.8359375,28560.59765625,4474773
2026-07-23T09:59:00-04:00,28570.771484375,28574.158203125,28551.138671875,28551.138671875,3196705
2026-07-23T10:00:00-04:00,28563.017578125,28604.2421875,28563.017578125,28602.787109375,4197728
2026-07-23T10:01:00-04:00,28592.078125,28592.078125,28557.19921875,28566.05078125,4097385
2026-07-23T10:02:00-04:00,28557.2578125,28570.041015625,28557.2578125,28566.69140625,3651530
2026-07-23T10:03:00-04:00,28571.1953125,28582.04296875,28567.517578125,28568.955078125,3421220
2026-07-23T10:04:00-04:00,28570.064453125,28603.033203125,28570.064453125,28597.91796875,3123414
2026-07-23T10:05:00-04:00,28594.060546875,28632.337890625,28594.060546875,28632.337890625,3789652
2026-07-23T10:06:00-04:00,28630.65625,28636.669921875,28624.095703125,28624.095703125,3817533
2026-07-23T10:07:00-04:00,28621.240234375,28630.494140625,28617.091796875,28621.931640625,4122131
2026-07-23T10:08:00-04:00,28622.736328125,28637.37890625,28567.306640625,28567.306640625,4533100
2026-07-23T10:09:00-04:00,28563.51171875,28563.51171875,28528.630859375,28552.3203125,4419239
2026-07-23T10:10:00-04:00,28555.8828125,28584.48828125,28555.8828125,28570.263671875,4201709
2026-07-23T10:11:00-04:00,28571.369140625,28571.814453125,28544.216796875,28571.814453125,4118954
2026-07-23T10:12:00-04:00,28585.4765625,28597.943359375,28578.24609375,28585.248046875,3832598
2026-07-23T10:13:00-04:00,28598.29296875,28600.34765625,28583.580078125,28591.3359375,3207628
2026-07-23T10:14:00-04:00,28595.189453125,28595.189453125,28539.359375,28548.115234375,2822573
2026-07-23T10:15:00-04:00,28543.90625,28561.8203125,28539.01953125,28542.263671875,3858977
2026-07-23T10:16:00-04:00,28538.59765625,28559.04296875,28530.10546875,28559.04296875,3470692
2026-07-23T10:17:00-04:00,28556.611328125,28561.423828125,28543.90625,28554.724609375,2889178
2026-07-23T10:18:00-04:00,28564.421875,28579.966796875,28564.220703125,28567.38671875,3167801
2026-07-23T10:19:00-04:00,28559.37109375,28559.822265625,28546.232421875,28546.232421875,3223940
2026-07-23T10:20:00-04:00,28550.125,28566.75390625,28542.03515625,28555.611328125,2894393
2026-07-23T10:21:00-04:00,28551.724609375,28593.53515625,28551.724609375,28593.53515625,3161993
2026-07-23T10:22:00-04:00,28596.138671875,28617.697265625,28594.521484375,28607.703125,3513958
2026-07-23T10:23:00-04:00,28610.892578125,28610.892578125,28577.552734375,28577.552734375,3494669
2026-07-23T10:24:00-04:00,28578.787109375,28578.787109375,28539.3984375,28553.0390625,3791691
2026-07-23T10:25:00-04:00,28542.796875,28581.2421875,28541.65625,28580.123046875,3037818
2026-07-23T10:26:00-04:00,28567.021484375,28567.021484375,28541.900390625,28553.138671875,3207537
2026-07-23T10:27:00-04:00,28556.416015625,28556.416015625,28544.306640625,28552.369140625,2848043
2026-07-23T10:28:00-04:00,28556.734375,28574.384765625,28553.59375,28555.060546875,3123591
2026-07-23T10:29:00-04:00,28543.8671875,28572.498046875,28543.8671875,28572.498046875,2923791
2026-07-23T10:30:00-04:00,28575.7890625,28583.91015625,28567.11328125,28571.203125,2684259
2026-07-23T10:31:00-04:00,28563.53515625,28584.591796875,28558.521484375,28558.521484375,3134647
2026-07-23T10:32:00-04:00,28554.509765625,28554.509765625,28521.44140625,28521.44140625,3031149
2026-07-23T10:33:00-04:00,28519.275390625,28529.580078125,28487.42578125,28487.42578125,5320073
2026-07-23T10:34:00-04:00,28490.86328125,28517.375,28490.625,28514.01953125,1860838
2026-07-23T10:35:00-04:00,28514.25390625,28514.25390625,28494.109375,28496.740234375,3160319
2026-07-23T10:36:00-04:00,28496.587890625,28513.025390625,28495.669921875,28508.197265625,3339044
2026-07-23T10:37:00-04:00,28519.90234375,28592.048828125,28519.90234375,28592.048828125,3411949
2026-07-23T10:38:00-04:00,28594.427734375,28594.427734375,28566.26953125,28573.046875,2946297
2026-07-23T10:39:00-04:00,28578.587890625,28596.888671875,28574.55859375,28587.427734375,2429298
2026-07-23T10:40:00-04:00,28595.3828125,28605.044921875,28577.759765625,28577.759765625,3370989
2026-07-23T10:41:00-04:00,28567.90625,28570.60546875,28527.130859375,28527.130859375,2987416
2026-07-23T10:42:00-04:00,28528.154296875,28533.63671875,28499.962890625,28499.962890625,2911779
2026-07-23T10:43:00-04:00,28507.078125,28507.078125,28472.79296875,28487.021484375,2782548
2026-07-23T10:44:00-04:00,28484.5,28488.826171875,28474.630859375,28485.072265625,3249652
2026-07-23T10:45:00-04:00,28478.728515625,28488.7734375,28473.671875,28474.34765625,3299548
2026-07-23T10:46:00-04:00,28474.990234375,28496.888671875,28474.990234375,28489.44140625,2863838
2026-07-23T10:47:00-04:00,28496.80859375,28502.9609375,28490.0703125,28493.767578125,3417109
2026-07-23T10:48:00-04:00,28479.0625,28480.505859375,28466.8515625,28480.505859375,3087400
2026-07-23T10:49:00-04:00,28473.9296875,28482.12890625,28463.189453125,28468.76953125,2414453
2026-07-23T10:50:00-04:00,28468.904296875,28480.02734375,28452.546875,28459.435546875,3686577
2026-07-23T10:51:00-04:00,28454.611328125,28458.2578125,28431.861328125,28433.400390625,3266153
2026-07-23T10:52:00-04:00,28432.390625,28455.7578125,28432.390625,28453.58203125,3407699
2026-07-23T10:53:00-04:00,28454.326171875,28454.326171875,28430.578125,28435.619140625,2707054
2026-07-23T10:54:00-04:00,28428.46484375,28430.78515625,28419.63671875,28421.42578125,2148917
2026-07-23T10:55:00-04:00,28419.85546875,28431.72265625,28418.283203125,28418.283203125,2815237
2026-07-23T10:56:00-04:00,28420.470703125,28443.0234375,28420.470703125,28443.0234375,2972382
2026-07-23T10:57:00-04:00,28449.41015625,28457.345703125,28445.857421875,28456.533203125,2580012
2026-07-23T10:58:00-04:00,28451.568359375,28452.58984375,28435.236328125,28436.658203125,2458514
2026-07-23T10:59:00-04:00,28435.28515625,28450.751953125,28435.28515625,28441.748046875,2363380
2026-07-23T11:00:00-04:00,28439.279296875,28439.484375,28425.5546875,28425.5546875,2814745
2026-07-23T11:01:00-04:00,28428.8125,28428.8125,28406.2578125,28416.998046875,3385103
2026-07-23T11:02:00-04:00,28411.236328125,28426.728515625,28411.236328125,28414.41796875,2879962
2026-07-23T11:03:00-04:00,28410.220703125,28423.58984375,28409.626953125,28413.072265625,2838215
2026-07-23T11:04:00-04:00,28408.630859375,28408.630859375,28400.009765625,28403.2421875,2938946
2026-07-23T11:05:00-04:00,28405.673828125,28405.673828125,28396.240234375,28397.20703125,2806795
2026-07-23T11:06:00-04:00,28391.67578125,28391.67578125,28376.6953125,28376.6953125,2846080
2026-07-23T11:07:00-04:00,28378.8984375,28389.185546875,28373.44921875,28384.150390625,2943808
2026-07-23T11:08:00-04:00,28383.1796875,28389.509765625,28382.32421875,28387.513671875,3052812
2026-07-23T11:09:00-04:00,28385.732421875,28395.53515625,28369.4921875,28371.431640625,3437556
2026-07-23T11:10:00-04:00,28365.666015625,28380.861328125,28365.666015625,28370.0390625,3432164
2026-07-23T11:11:00-04:00,28364.666015625,28364.666015625,28352.001953125,28352.001953125,2824912
2026-07-23T11:12:00-04:00,28347.740234375,28348.234375,28325.04296875,28330.3359375,3210863
2026-07-23T11:13:00-04:00,28333.5234375,28346.609375,28333.5234375,28339.416015625,5076474
2026-07-23T11:14:00-04:00,28340.95703125,28340.95703125,28324.470703125,28333.611328125,3392664
2026-07-23T11:15:00-04:00,28340.54296875,28357.412109375,28336.65625,28351.451171875,1773858
2026-07-23T11:16:00-04:00,28349.3359375,28354.87109375,28339.779296875,28353.46484375,3097858
2026-07-23T11:17:00-04:00,28352.185546875,28370.734375,28352.185546875,28365.390625,2327323
2026-07-23T11:18:00-04:00,28364.517578125,28369.72265625,28360.9140625,28365.056640625,2299227
2026-07-23T11:19:00-04:00,28364.787109375,28380.05859375,28364.787109375,28380.05859375,2447101
2026-07-23T11:20:00-04:00,28381.107421875,28408.880859375,28381.107421875,28395.1875,3275762
2026-07-23T11:21:00-04:00,28398.78515625,28399.212890625,28362.99609375,28362.99609375,2722580
2026-07-23T11:22:00-04:00,28358.4921875,28370.83984375,28305.66015625,28317.701171875,2867200
2026-07-23T11:23:00-04:00,28331.525390625,28342.947265625,28330.5703125,28332.947265625,4084697
2026-07-23T11:24:00-04:00,28334.462890625,28346.697265625,28334.462890625,28346.697265625,2601972
2026-07-23T11:25:00-04:00,28336.91796875,28336.91796875,28320.830078125,28324.228515625,2115134
2026-07-23T11:26:00-04:00,28323.859375,28323.859375,28308.20703125,28308.431640625,2468544
2026-07-23T11:27:00-04:00,28312.294921875,28312.294921875,28302.46484375,28302.46484375,2466564
2026-07-23T11:28:00-04:00,28298.185546875,28309.173828125,28291.501953125,28291.501953125,2903032
2026-07-23T11:29:00-04:00,28290.31640625,28307.74609375,28290.31640625,28307.74609375,2360339
2026-07-23T11:30:00-04:00,28305.162109375,28310.181640625,28290.84375,28291.17578125,2332818
2026-07-23T11:31:00-04:00,28289.466796875,28305.26171875,28277.005859375,28305.26171875,2474530
2026-07-23T11:32:00-04:00,28317.19921875,28325.85546875,28317.041015625,28319.474609375,2710920
2026-07-23T11:33:00-04:00,28319.7734375,28324.412109375,28313.5,28319.748046875,2168889
2026-07-23T11:34:00-04:00,28319.94921875,28328.09375,28314.177734375,28327.98046875,2492130
2026-07-23T11:35:00-04:00,28335.291015625,28359.568359375,28335.291015625,28353.5390625,2377400
2026-07-23T11:36:00-04:00,28347.708984375,28352.763671875,28343.025390625,28352.763671875,2618085
2026-07-23T11:37:00-04:00,28358.1640625,28372.310546875,28348.26171875,28360.13671875,2756584
2026-07-23T11:38:00-04:00,28358.92578125,28370.32421875,28358.92578125,28370.32421875,3045577
2026-07-23T11:39:00-04:00,28368.083984375,28371.515625,28360.095703125,28371.515625,1139860
2026-07-23T11:40:00-04:00,28374.021484375,28386.912109375,28374.021484375,28383.716796875,2329079
2026-07-23T11:41:00-04:00,28371.341796875,28374.05859375,28359.681640625,28374.05859375,2568932
2026-07-23T11:42:00-04:00,28376.947265625,28387.046875,28359.64453125,28359.64453125,2468288
2026-07-23T11:43:00-04:00,28354.16796875,28358.49609375,28348.96875,28351.552734375,2309646
2026-07-23T11:44:00-04:00,28349.677734375,28353.232421875,28337.8984375,28337.8984375,2043400
2026-07-23T11:45:00-04:00,28332.861328125,28350.357421875,28322.3828125,28347.693359375,2050911
2026-07-23T11:46:00-04:00,28347.216796875,28348.3515625,28333.892578125,28341.494140625,2267689
2026-07-23T11:47:00-04:00,28338.650390625,28344.130859375,28333.083984375,28335.126953125,2147828
2026-07-23T11:48:00-04:00,28335.91796875,28347.951171875,28335.91796875,28342.119140625,2536223
2026-07-23T11:49:00-04:00,28341.828125,28363.4453125,28341.828125,28361.884765625,2034789
2026-07-23T11:50:00-04:00,28352.6796875,28373.84375,28350.384765625,28373.84375,2064375
2026-07-23T11:51:00-04:00,28375.6484375,28375.6484375,28359.87109375,28361.19921875,3082938
2026-07-23T11:52:00-04:00,28361.59765625,28383.3125,28361.59765625,28381.544921875,2817133
2026-07-23T11:53:00-04:00,28377.138671875,28385.05859375,28375.62109375,28380.87890625,1173556
2026-07-23T11:54:00-04:00,28387.724609375,28397.83984375,28387.724609375,28397.83984375,2191504
2026-07-23T11:55:00-04:00,28397.15625,28411.181640625,28397.15625,28408.517578125,2764284
2026-07-23T11:56:00-04:00,28407.96875,28420.17578125,28405.900390625,28408.583984375,2707840
2026-07-23T11:57:00-04:00,28412.744140625,28413.6015625,28397.34765625,28410.0703125,2197495
2026-07-23T11:58:00-04:00,28413.220703125,28424.521484375,28411.546875,28421.302734375,1761054
2026-07-23T11:59:00-04:00,28421.8671875,28428.75,28421.8671875,28428.75,3001352
2026-07-23T12:00:00-04:00,28431.599609375,28433.69140625,28422.755859375,28433.69140625,1354745
2026-07-23T12:01:00-04:00,28436.375,28436.375,28419.66796875,28429.07421875,2273274
2026-07-23T12:02:00-04:00,28430.01953125,28460.04296875,28430.01953125,28460.04296875,2302720
2026-07-23T12:03:00-04:00,28460.15234375,28468.5390625,28454.865234375,28464.296875,2609690
2026-07-23T12:04:00-04:00,28460.8125,28460.923828125,28450.298828125,28460.923828125,2322164
2026-07-23T12:05:00-04:00,28459.55859375,28461.623046875,28426.611328125,28428.587890625,2540210
2026-07-23T12:06:00-04:00,28425.966796875,28434.0078125,28422.046875,28422.046875,2082640
2026-07-23T12:07:00-04:00,28422.501953125,28428.015625,28422.501953125,28424.591796875,2063682
2026-07-23T12:08:00-04:00,28424.400390625,28453.919921875,28424.400390625,28453.919921875,2111757
2026-07-23T12:09:00-04:00,28454.259765625,28459.98828125,28452.109375,28459.98828125,2316570
2026-07-23T12:10:00-04:00,28461.013671875,28470.91015625,28461.013671875,28469.763671875,2356889
2026-07-23T12:11:00-04:00,28465.240234375,28470.9140625,28465.240234375,28470.13671875,1906897
2026-07-23T12:12:00-04:00,28469.369140625,28481.515625,28469.244140625,28471.85546875,2551657
2026-07-23T12:13:00-04:00,28470.802734375,28476.6328125,28467.443359375,28467.78125,1986744
2026-07-23T12:14:00-04:00,28465.9765625,28474.375,28465.9765625,28473.046875,1941064
2026-07-23T12:15:00-04:00,28472.22265625,28480.759765625,28470.75,28480.099609375,1988245
2026-07-23T12:16:00-04:00,28480.66015625,28480.66015625,28468.716796875,28468.716796875,2574258
2026-07-23T12:17:00-04:00,28465.55859375,28478.7109375,28465.55859375,28476.009765625,1998711
2026-07-23T12:18:00-04:00,28476.9375,28479.75,28474.52734375,28478.87890625,2895174
2026-07-23T12:19:00-04:00,28474.892578125,28474.892578125,28453.296875,28468.265625,1382375
2026-07-23T12:20:00-04:00,28469.810546875,28494.125,28469.810546875,28494.125,3170176
2026-07-23T12:21:00-04:00,28492.1015625,28495.751953125,28490.615234375,28494.599609375,936096
2026-07-23T12:22:00-04:00,28493.17578125,28509.01953125,28488.7578125,28508.578125,2888472
2026-07-23T12:23:00-04:00,28509.46875,28536.634765625,28508.953125,28534.560546875,1189904
2026-07-23T12:24:00-04:00,28534.19921875,28535.0390625,28528.892578125,28530.64453125,3768010
2026-07-23T12:25:00-04:00,28533.890625,28536.47265625,28529.25390625,28531.390625,1019973
2026-07-23T12:26:00-04:00,28532.111328125,28532.111328125,28518.568359375,28518.568359375,2975519
2026-07-23T12:27:00-04:00,28517.013671875,28539.123046875,28517.013671875,28536.71875,2870493
2026-07-23T12:28:00-04:00,28537.94921875,28544.8515625,28537.94921875,28544.8515625,4154705
2026-07-23T12:29:00-04:00,28548.205078125,28556.501953125,28542.2265625,28547.12109375,1814864
2026-07-23T12:30:00-04:00,28550.21875,28550.21875,28530.80078125,28534.177734375,3308728
2026-07-23T12:31:00-04:00,28538.228515625,28541.302734375,28534.51953125,28537.673828125,1087442
2026-07-23T12:32:00-04:00,28539.126953125,28539.404296875,28532.9921875,28536.9296875,1527230
2026-07-23T12:33:00-04:00,28536.83203125,28548.5859375,28534.548828125,28537.783203125,1837398
2026-07-23T12:34:00-04:00,28539.255859375,28542.482421875,28531.41015625,28535.5234375,2305407
2026-07-23T12:35:00-04:00,28534.109375,28551.19921875,28530.2734375,28546.26171875,1974638
2026-07-23T12:36:00-04:00,28547.2109375,28547.2109375,28535.56640625,28545.486328125,2407302
2026-07-23T12:37:00-04:00,28544.830078125,28553.099609375,28538.89453125,28553.099609375,1717662
2026-07-23T12:38:00-04:00,28550.896484375,28570.0703125,28545.48828125,28570.0703125,1923234
2026-07-23T12:39:00-04:00,28571.9453125,28576.404296875,28568.595703125,28569.69140625,2703517
2026-07-23T12:40:00-04:00,28570.16796875,28570.16796875,28547.58984375,28547.58984375,2447627
2026-07-23T12:41:00-04:00,28549.126953125,28549.126953125,28535.43359375,28538.130859375,2232915
2026-07-23T12:42:00-04:00,28537.345703125,28542.615234375,28534.3046875,28542.615234375,1864405
2026-07-23T12:43:00-04:00,28542.033203125,28547.994140625,28541.3203125,28546.43359375,1602095
2026-07-23T12:44:00-04:00,28546.41015625,28546.41015625,28526.3515625,28526.3515625,1490468
2026-07-23T12:45:00-04:00,28527.83984375,28527.83984375,28489.376953125,28489.376953125,1989938
2026-07-23T12:46:00-04:00,28487.34375,28487.34375,28480.9453125,28482.791015625,2533546
2026-07-23T12:47:00-04:00,28484.669921875,28492.61328125,28479.2109375,28489.984375,1695838
2026-07-23T12:48:00-04:00,28493.158203125,28493.158203125,28476.83203125,28478.6953125,1680675
2026-07-23T12:49:00-04:00,28479.169921875,28488.828125,28478.38671875,28478.38671875,2559925
2026-07-23T12:50:00-04:00,28468.515625,28478.84765625,28467.44140625,28469.3046875,945944
2026-07-23T12:51:00-04:00,28468.02734375,28472.583984375,28455.35546875,28457.64453125,2329740
2026-07-23T12:52:00-04:00,28463.697265625,28482.18359375,28462.23828125,28471.7265625,976880
2026-07-23T12:53:00-04:00,28471.078125,28471.078125,28449.166015625,28452.26953125,2528953
2026-07-23T12:54:00-04:00,28451.341796875,28455.373046875,28447.8828125,28449.654296875,736258
2026-07-23T12:55:00-04:00,28450.421875,28466.634765625,28450.421875,28458.166015625,3107832
2026-07-23T12:56:00-04:00,28457.568359375,28462.447265625,28452.19921875,28459.94921875,902992
2026-07-23T12:57:00-04:00,28462.7421875,28472.537109375,28461.353515625,28463.8828125,2747181
2026-07-23T12:58:00-04:00,28466.021484375,28472.125,28461.96484375,28462.732421875,790853
2026-07-23T12:59:00-04:00,28464.939453125,28481.59765625,28464.939453125,28479.30859375,2815129
2026-07-23T13:00:00-04:00,28472.384765625,28495.5078125,28457.64453125,28495.5078125,1066295
2026-07-23T13:01:00-04:00,28492.244140625,28493.828125,28484.333984375,28488.865234375,2734159
2026-07-23T13:02:00-04:00,28487.01171875,28487.01171875,28470.38671875,28482.74609375,957737
2026-07-23T13:03:00-04:00,28482.8203125,28487.8203125,28479.427734375,28486.3046875,2132009
2026-07-23T13:04:00-04:00,28483.33203125,28483.33203125,28455.095703125,28455.095703125,709678
2026-07-23T13:05:00-04:00,28452.728515625,28452.728515625,28430.8203125,28438.3203125,2388493
2026-07-23T13:06:00-04:00,28440.787109375,28451.017578125,28431.94921875,28433.013671875,2072477
2026-07-23T13:07:00-04:00,28431.630859375,28450.669921875,28431.630859375,28444.958984375,1381910
2026-07-23T13:08:00-04:00,28444.6953125,28463.060546875,28441.869140625,28448.216796875,1483925
2026-07-23T13:09:00-04:00,28448.18359375,28467.7890625,28441.43359375,28463.17578125,1408866
2026-07-23T13:10:00-04:00,28464.748046875,28483.279296875,28464.748046875,28471.7109375,1601314
2026-07-23T13:11:00-04:00,28471.0390625,28476.71875,28470.455078125,28476.71875,1523303
2026-07-23T13:12:00-04:00,28478.267578125,28489.576171875,28478.267578125,28489.576171875,2150855
2026-07-23T13:13:00-04:00,28488.90234375,28496.728515625,28479.455078125,28479.455078125,764081
2026-07-23T13:14:00-04:00,28480.501953125,28483.66796875,28476.08203125,28483.47265625,2539110
2026-07-23T13:15:00-04:00,28481.748046875,28485.91015625,28479.8515625,28483.1171875,660469
2026-07-23T13:16:00-04:00,28483.708984375,28490.6484375,28482.134765625,28486.169921875,2027404
2026-07-23T13:17:00-04:00,28483.55859375,28489.537109375,28466.001953125,28466.001953125,831910
2026-07-23T13:18:00-04:00,28467.033203125,28478.05078125,28456.51953125,28472.64453125,2363838
2026-07-23T13:19:00-04:00,28474.607421875,28477.67578125,28468.29296875,28477.67578125,720210
2026-07-23T13:20:00-04:00,28480.33203125,28510.310546875,28480.33203125,28499.296875,2200873
2026-07-23T13:21:00-04:00,28499.84765625,28503.71484375,28480.451171875,28480.451171875,1387592
2026-07-23T13:22:00-04:00,28479.7421875,28479.7421875,28472.048828125,28472.814453125,1832357
2026-07-23T13:23:00-04:00,28473.56640625,28496.76171875,28473.56640625,28496.76171875,1076851
2026-07-23T13:24:00-04:00,28499.21484375,28504.603515625,28496.697265625,28501.955078125,1555447
2026-07-23T13:25:00-04:00,28501.861328125,28509.138671875,28498.17578125,28508.470703125,1231497
2026-07-23T13:26:00-04:00,28511.484375,28511.484375,28502.021484375,28509.87890625,1350140
2026-07-23T13:27:00-04:00,28509.73046875,28509.73046875,28500.341796875,28501.044921875,1135429
2026-07-23T13:28:00-04:00,28502.26171875,28506.255859375,28499.28125,28502.30859375,1195922
2026-07-23T13:29:00-04:00,28503.125,28504.232421875,28495.1484375,28495.1484375,1135420
2026-07-23T13:30:00-04:00,28492.455078125,28496.046875,28483.0,28488.982421875,1342789
2026-07-23T13:31:00-04:00,28488.666015625,28488.666015625,28462.822265625,28462.822265625,1472981
2026-07-23T13:32:00-04:00,28461.166015625,28461.166015625,28450.232421875,28452.8671875,2050496
2026-07-23T13:33:00-04:00,28452.603515625,28466.509765625,28451.30078125,28461.30859375,1905180
2026-07-23T13:34:00-04:00,28460.470703125,28469.015625,28460.470703125,28461.634765625,1645816
2026-07-23T13:35:00-04:00,28462.107421875,28462.9765625,28439.90234375,28439.90234375,1309734
2026-07-23T13:36:00-04:00,28436.392578125,28443.912109375,28433.580078125,28433.580078125,1559544
2026-07-23T13:37:00-04:00,28433.57421875,28437.328125,28430.609375,28431.1484375,2013216
2026-07-23T13:38:00-04:00,28434.013671875,28435.630859375,28427.0703125,28427.0703125,895763
2026-07-23T13:39:00-04:00,28427.388671875,28437.685546875,28427.388671875,28428.36328125,2274085
2026-07-23T13:40:00-04:00,28433.087890625,28433.087890625,28416.98046875,28417.685546875,701494
2026-07-23T13:41:00-04:00,28416.140625,28421.845703125,28413.75,28421.845703125,2234717
2026-07-23T13:42:00-04:00,28424.404296875,28427.568359375,28421.74609375,28426.92578125,617574
2026-07-23T13:43:00-04:00,28427.39453125,28436.80859375,28426.98828125,28436.734375,1958125
2026-07-23T13:44:00-04:00,28436.2109375,28439.095703125,28428.98046875,28432.681640625,583623
2026-07-23T13:45:00-04:00,28428.486328125,28459.20703125,28426.60546875,28458.251953125,2111928
2026-07-23T13:46:00-04:00,28458.455078125,28460.177734375,28446.23828125,28460.177734375,685093
2026-07-23T13:47:00-04:00,28457.228515625,28466.97265625,28456.001953125,28463.669921875,1873083
2026-07-23T13:48:00-04:00,28461.36328125,28465.240234375,28454.201171875,28458.19140625,588877
2026-07-23T13:49:00-04:00,28460.333984375,28465.75390625,28460.333984375,28463.896484375,1713296
2026-07-23T13:50:00-04:00,28461.076171875,28461.12109375,28452.513671875,28460.728515625,638311
2026-07-23T13:51:00-04:00,28458.6484375,28460.4453125,28444.443359375,28444.443359375,1886459
2026-07-23T13:52:00-04:00,28447.17578125,28464.54296875,28447.17578125,28461.912109375,610358
2026-07-23T13:53:00-04:00,28462.201171875,28462.201171875,28447.833984375,28453.662109375,1509042
2026-07-23T13:54:00-04:00,28450.193359375,28450.193359375,28441.931640625,28441.931640625,1196938
2026-07-23T13:55:00-04:00,28435.33984375,28436.17578125,28424.419921875,28428.615234375,1856983
2026-07-23T13:56:00-04:00,28428.966796875,28428.966796875,28412.806640625,28416.78125,1398983
2026-07-23T13:57:00-04:00,28416.15625,28418.8203125,28411.05078125,28412.310546875,1288685
2026-07-23T13:58:00-04:00,28411.5703125,28415.39453125,28407.12890625,28415.0,1324065
2026-07-23T13:59:00-04:00,28411.849609375,28414.51171875,28406.0859375,28407.494140625,1699894
2026-07-23T14:00:00-04:00,28406.939453125,28414.33203125,28399.248046875,28408.185546875,1823274
2026-07-23T14:01:00-04:00,28408.05078125,28408.05078125,28389.93359375,28396.8671875,1757351
2026-07-23T14:02:00-04:00,28401.1484375,28406.87109375,28400.61328125,28406.607421875,2004487
2026-07-23T14:03:00-04:00,28411.169921875,28414.69921875,28407.462890625,28414.69921875,1565086
2026-07-23T14:04:00-04:00,28413.74609375,28414.685546875,28397.369140625,28398.658203125,1648545
2026-07-23T14:05:00-04:00,28395.626953125,28397.71484375,28394.244140625,28396.96875,1361052
2026-07-23T14:06:00-04:00,28397.5078125,28405.5859375,28396.529296875,28404.5,1517137
2026-07-23T14:07:00-04:00,28403.6171875,28403.6171875,28383.763671875,28383.763671875,1916956
2026-07-23T14:08:00-04:00,28382.951171875,28394.2890625,28382.166015625,28392.509765625,2708236
2026-07-23T14:09:00-04:00,28391.14453125,28391.23828125,28384.318359375,28385.85546875,775059
2026-07-23T14:10:00-04:00,28386.24609375,28390.990234375,28384.15625,28390.6796875,2143563
2026-07-23T14:11:00-04:00,28389.9453125,28396.2734375,28386.51953125,28396.224609375,632570
2026-07-23T14:12:00-04:00,28399.732421875,28416.353515625,28399.06640625,28416.353515625,2296127
2026-07-23T14:13:00-04:00,28413.9296875,28416.25390625,28410.978515625,28412.123046875,755210
2026-07-23T14:14:00-04:00,28410.6171875,28410.720703125,28398.94921875,28399.001953125,2689317
2026-07-23T14:15:00-04:00,28397.66015625,28406.763671875,28394.849609375,28406.763671875,994800
2026-07-23T14:16:00-04:00,28406.08203125,28412.70703125,28402.349609375,28405.330078125,2232175
2026-07-23T14:17:00-04:00,28402.376953125,28406.75390625,28390.509765625,28390.509765625,738119
2026-07-23T14:18:00-04:00,28390.171875,28401.40234375,28390.171875,28392.904296875,2124835
2026-07-23T14:19:00-04:00,28391.90625,28392.560546875,28385.953125,28392.560546875,641335
2026-07-23T14:20:00-04:00,28396.224609375,28398.421875,28395.013671875,28397.232421875,2064349
2026-07-23T14:21:00-04:00,28391.287109375,28406.697265625,28391.287109375,28406.697265625,741107
2026-07-23T14:22:00-04:00,28406.869140625,28408.177734375,28401.53515625,28405.611328125,2279546
2026-07-23T14:23:00-04:00,28398.748046875,28407.341796875,28398.748046875,28407.341796875,669448
2026-07-23T14:24:00-04:00,28407.998046875,28418.990234375,28407.609375,28418.990234375,1430640
2026-07-23T14:25:00-04:00,28419.59765625,28419.59765625,28405.24609375,28405.24609375,1438390
2026-07-23T14:26:00-04:00,28408.767578125,28408.767578125,28401.484375,28401.484375,1433328
2026-07-23T14:27:00-04:00,28400.337890625,28406.751953125,28396.833984375,28396.833984375,1772101
2026-07-23T14:28:00-04:00,28397.23046875,28409.10546875,28397.23046875,28405.126953125,1761206
2026-07-23T14:29:00-04:00,28405.955078125,28414.37890625,28405.955078125,28411.994140625,1689641
2026-07-23T14:30:00-04:00,28410.974609375,28420.93359375,28406.400390625,28413.814453125,1391335
2026-07-23T14:31:00-04:00,28414.08984375,28423.53515625,28414.08984375,28422.138671875,1794154
2026-07-23T14:32:00-04:00,28424.025390625,28427.71875,28417.744140625,28422.9765625,1594999
2026-07-23T14:33:00-04:00,28419.990234375,28421.8671875,28414.986328125,28421.8671875,1387396
2026-07-23T14:34:00-04:00,28426.271484375,28433.97265625,28426.271484375,28433.34375,1627101
2026-07-23T14:35:00-04:00,28433.794921875,28437.349609375,28423.751953125,28423.751953125,1481107
2026-07-23T14:36:00-04:00,28421.51953125,28422.546875,28408.203125,28408.203125,2340104
2026-07-23T14:37:00-04:00,28407.5703125,28407.5703125,28397.263671875,28406.7890625,1421704
2026-07-23T14:38:00-04:00,28408.212890625,28408.212890625,28396.0625,28396.0625,1442288
2026-07-23T14:39:00-04:00,28395.126953125,28403.251953125,28395.115234375,28402.791015625,2374209
2026-07-23T14:40:00-04:00,28401.984375,28410.787109375,28401.984375,28410.787109375,889687
2026-07-23T14:41:00-04:00,28412.970703125,28412.970703125,28395.716796875,28395.716796875,2501972
2026-07-23T14:42:00-04:00,28395.90234375,28395.90234375,28382.9453125,28390.291015625,960440
2026-07-23T14:43:00-04:00,28390.494140625,28390.5625,28385.513671875,28387.53125,2373672
2026-07-23T14:44:00-04:00,28389.154296875,28389.154296875,28383.2109375,28385.0390625,745840
2026-07-23T14:45:00-04:00,28390.63671875,28399.91015625,28390.63671875,28398.859375,3174183
2026-07-23T14:46:00-04:00,28397.8125,28402.68359375,28397.8125,28400.818359375,947168
2026-07-23T14:47:00-04:00,28401.40234375,28409.59765625,28401.40234375,28409.59765625,2288587
2026-07-23T14:48:00-04:00,28413.013671875,28413.013671875,28406.193359375,28411.25,1041020
2026-07-23T14:49:00-04:00,28410.3359375,28410.3359375,28397.048828125,28398.251953125,2862024
2026-07-23T14:50:00-04:00,28399.412109375,28402.6640625,28397.693359375,28397.693359375,1270753
2026-07-23T14:51:00-04:00,28402.013671875,28404.974609375,28398.744140625,28399.353515625,2671156
2026-07-23T14:52:00-04:00,28400.142578125,28402.68359375,28395.0859375,28399.427734375,738457
2026-07-23T14:53:00-04:00,28397.546875,28400.84765625,28390.78515625,28400.447265625,2396055
2026-07-23T14:54:00-04:00,28397.65234375,28398.515625,28368.939453125,28368.939453125,1102051
2026-07-23T14:55:00-04:00,28368.341796875,28373.42578125,28363.607421875,28371.255859375,2180038
2026-07-23T14:56:00-04:00,28374.529296875,28375.875,28367.53515625,28373.37890625,2231939
2026-07-23T14:57:00-04:00,28372.953125,28375.501953125,28370.318359375,28371.275390625,1553804
2026-07-23T14:58:00-04:00,28370.791015625,28373.7265625,28363.177734375,28370.25,1305735
2026-07-23T14:59:00-04:00,28372.642578125,28385.341796875,28372.642578125,28385.341796875,1776132
2026-07-23T15:00:00-04:00,28388.595703125,28398.64453125,28388.595703125,28391.2265625,2341056
2026-07-23T15:01:00-04:00,28390.73828125,28390.73828125,28379.53125,28379.599609375,1667060
2026-07-23T15:02:00-04:00,28379.8125,28383.509765625,28378.908203125,28382.12890625,1459912
2026-07-23T15:03:00-04:00,28378.755859375,28379.083984375,28362.0390625,28362.0390625,1529843
2026-07-23T15:04:00-04:00,28360.71875,28360.71875,28352.84375,28352.84375,1667798
2026-07-23T15:05:00-04:00,28352.35546875,28364.013671875,28351.640625,28364.013671875,1600134
2026-07-23T15:06:00-04:00,28363.982421875,28365.0703125,28358.45703125,28363.240234375,1587756
2026-07-23T15:07:00-04:00,28365.056640625,28365.056640625,28346.4765625,28348.240234375,1834671
2026-07-23T15:08:00-04:00,28346.412109375,28350.775390625,28345.107421875,28349.9609375,1984558
2026-07-23T15:09:00-04:00,28351.58203125,28351.58203125,28345.580078125,28345.580078125,1883519
2026-07-23T15:10:00-04:00,28346.078125,28346.078125,28338.017578125,28338.017578125,1951815
2026-07-23T15:11:00-04:00,28339.326171875,28345.484375,28338.568359375,28345.484375,2142615
2026-07-23T15:12:00-04:00,28346.3125,28358.8046875,28346.3125,28351.97265625,3066659
2026-07-23T15:13:00-04:00,28352.337890625,28352.337890625,28343.41796875,28344.900390625,843650
2026-07-23T15:14:00-04:00,28344.66796875,28347.13671875,28342.41796875,28342.41796875,2746517
2026-07-23T15:15:00-04:00,28340.751953125,28355.818359375,28340.287109375,28349.18359375,1076172
2026-07-23T15:16:00-04:00,28350.443359375,28362.1328125,28350.443359375,28361.052734375,3676564
2026-07-23T15:17:00-04:00,28365.498046875,28375.03515625,28360.931640625,28368.212890625,1255831
2026-07-23T15:18:00-04:00,28365.818359375,28365.818359375,28351.5390625,28355.169921875,3410564
2026-07-23T15:19:00-04:00,28358.95703125,28359.951171875,28355.263671875,28358.88671875,1056640
2026-07-23T15:20:00-04:00,28358.634765625,28375.380859375,28358.634765625,28374.431640625,5852256
2026-07-23T15:21:00-04:00,28374.3125,28392.392578125,28374.3125,28387.94140625,1838578
2026-07-23T15:22:00-04:00,28390.39453125,28394.615234375,28383.275390625,28385.400390625,3364640
2026-07-23T15:23:00-04:00,28384.818359375,28397.41796875,28384.818359375,28394.736328125,892378
2026-07-23T15:24:00-04:00,28397.8828125,28406.365234375,28395.61328125,28406.365234375,3239567
2026-07-23T15:25:00-04:00,28413.625,28426.54296875,28413.625,28425.994140625,1496903
2026-07-23T15:26:00-04:00,28423.8046875,28426.556640625,28416.345703125,28418.0390625,3897457
2026-07-23T15:27:00-04:00,28415.046875,28426.5546875,28411.845703125,28418.26953125,1438313
2026-07-23T15:28:00-04:00,28416.826171875,28419.552734375,28398.82421875,28401.8671875,2629774
2026-07-23T15:29:00-04:00,28401.87109375,28419.380859375,28401.357421875,28419.16796875,2903984
2026-07-23T15:30:00-04:00,28424.8671875,28429.267578125,28416.578125,28428.486328125,3262985
2026-07-23T15:31:00-04:00,28425.34375,28425.34375,28394.611328125,28394.611328125,2903450
2026-07-23T15:32:00-04:00,28392.490234375,28393.94140625,28389.609375,28389.609375,2810625
2026-07-23T15:33:00-04:00,28388.580078125,28390.091796875,28369.478515625,28383.51171875,3030455
2026-07-23T15:34:00-04:00,28388.52734375,28403.556640625,28388.52734375,28396.8671875,2758163
2026-07-23T15:35:00-04:00,28395.109375,28397.798828125,28386.630859375,28390.099609375,3034709
2026-07-23T15:36:00-04:00,28390.0859375,28393.037109375,28377.900390625,28391.546875,2448580
2026-07-23T15:37:00-04:00,28391.83984375,28398.998046875,28388.482421875,28394.865234375,3941894
2026-07-23T15:38:00-04:00,28395.46484375,28395.46484375,28378.583984375,28378.583984375,1524946
2026-07-23T15:39:00-04:00,28379.43359375,28382.00390625,28376.197265625,28376.474609375,4721194
2026-07-23T15:40:00-04:00,28377.0234375,28378.373046875,28372.92578125,28374.23046875,1745880
2026-07-23T15:41:00-04:00,28372.75390625,28372.75390625,28363.033203125,28366.78125,4699988
2026-07-23T15:42:00-04:00,28364.498046875,28365.130859375,28345.521484375,28345.521484375,1804510
2026-07-23T15:43:00-04:00,28345.51171875,28349.0234375,28339.82421875,28346.0546875,3880963
2026-07-23T15:44:00-04:00,28346.494140625,28346.494140625,28335.533203125,28335.533203125,3781000
2026-07-23T15:45:00-04:00,28338.98828125,28343.0859375,28336.822265625,28340.32421875,4334000
2026-07-23T15:46:00-04:00,28338.349609375,28338.349609375,28325.28125,28327.775390625,5730000
2026-07-23T15:47:00-04:00,28326.365234375,28344.4765625,28323.650390625,28340.11328125,3962000
2026-07-23T15:48:00-04:00,28342.341796875,28343.130859375,28334.599609375,28334.748046875,3536000
2026-07-23T15:49:00-04:00,28333.693359375,28333.693359375,28321.798828125,28332.076171875,3664000
2026-07-23T15:50:00-04:00,28349.25,28373.3125,28349.25,28359.48828125,5223000
2026-07-23T15:51:00-04:00,28358.451171875,28366.5234375,28352.1640625,28366.5234375,7299000
2026-07-23T15:52:00-04:00,28367.6484375,28370.828125,28345.35546875,28355.017578125,6257000
2026-07-23T15:53:00-04:00,28349.265625,28349.974609375,28342.494140625,28345.6953125,7447000
2026-07-23T15:54:00-04:00,28342.708984375,28369.58984375,28337.076171875,28365.90234375,6763000
2026-07-23T15:55:00-04:00,28390.861328125,28411.203125,28390.861328125,28409.919921875,7500000
2026-07-23T15:56:00-04:00,28412.169921875,28419.203125,28406.53125,28417.5703125,7142000
2026-07-23T15:57:00-04:00,28420.501953125,28436.412109375,28420.501953125,28436.412109375,7020000
2026-07-23T15:58:00-04:00,28438.4453125,28459.962890625,28438.4453125,28452.751953125,6734000
2026-07-23T15:59:00-04:00,28452.484375,28463.810546875,28450.099609375,28456.525390625,7067000
2026-07-24T09:30:00-04:00,28351.3125,28381.169921875,28351.3125,28376.32421875,0
2026-07-24T09:31:00-04:00,28381.380859375,28381.380859375,28348.001953125,28375.720703125,11749069
2026-07-24T09:32:00-04:00,28392.5234375,28402.361328125,28365.017578125,28402.361328125,5734262
2026-07-24T09:33:00-04:00,28416.556640625,28423.826171875,28404.369140625,28404.7734375,4808476
2026-07-24T09:34:00-04:00,28410.568359375,28447.732421875,28410.568359375,28447.732421875,5627499
2026-07-24T09:35:00-04:00,28463.525390625,28467.60546875,28417.609375,28417.609375,5522149
2026-07-24T09:36:00-04:00,28420.228515625,28420.228515625,28368.421875,28370.42578125,7574417
2026-07-24T09:37:00-04:00,28369.33984375,28390.3203125,28363.564453125,28390.3203125,5547875
2026-07-24T09:38:00-04:00,28386.625,28406.083984375,28366.453125,28368.65234375,4627995
2026-07-24T09:39:00-04:00,28359.171875,28367.34765625,28351.697265625,28365.4453125,4317468
2026-07-24T09:40:00-04:00,28354.630859375,28357.44140625,28333.10546875,28336.361328125,5422307
2026-07-24T09:41:00-04:00,28335.322265625,28339.23046875,28317.71875,28317.71875,5120157
2026-07-24T09:42:00-04:00,28319.259765625,28323.16015625,28301.265625,28311.353515625,4685501
2026-07-24T09:43:00-04:00,28317.990234375,28322.8671875,28315.92578125,28319.802734375,4588915
2026-07-24T09:44:00-04:00,28329.171875,28334.90625,28318.732421875,28327.96875,4366100
2026-07-24T09:45:00-04:00,28325.822265625,28338.353515625,28311.193359375,28311.193359375,4351789
2026-07-24T09:46:00-04:00,28307.25,28307.625,28293.712890625,28295.2421875,4282651
2026-07-24T09:47:00-04:00,28295.6484375,28313.82421875,28295.6484375,28306.4375,4269875
2026-07-24T09:48:00-04:00,28303.66015625,28309.544921875,28297.552734375,28299.76953125,3836336
2026-07-24T09:49:00-04:00,28310.501953125,28346.65625,28305.35546875,28345.705078125,4494456
2026-07-24T09:50:00-04:00,28342.154296875,28342.154296875,28259.296875,28274.546875,4851151
2026-07-24T09:51:00-04:00,28266.86328125,28266.86328125,28232.310546875,28238.46875,4912714
2026-07-24T09:52:00-04:00,28238.177734375,28238.177734375,28199.4140625,28206.40234375,4749984
2026-07-24T09:53:00-04:00,28203.5,28203.5,28188.59375,28193.064453125,5390690
2026-07-24T09:54:00-04:00,28187.43359375,28193.58984375,28178.41015625,28184.060546875,4702510
2026-07-24T09:55:00-04:00,28173.185546875,28173.185546875,28162.060546875,28167.21875,5437517
2026-07-24T09:56:00-04:00,28171.70703125,28188.197265625,28162.083984375,28171.90234375,4522714
2026-07-24T09:57:00-04:00,28162.046875,28177.7265625,28162.046875,28166.498046875,4100145
2026-07-24T09:58:00-04:00,28172.3359375,28205.72265625,28172.3359375,28184.994140625,4240165
2026-07-24T09:59:00-04:00,28188.068359375,28191.59375,28171.78515625,28173.14453125,3596882
2026-07-24T10:00:00-04:00,28170.65625,28212.888671875,28160.826171875,28206.806640625,4149159
2026-07-24T10:01:00-04:00,28212.3515625,28219.689453125,28203.140625,28211.33984375,4669266
2026-07-24T10:02:00-04:00,28209.36328125,28228.986328125,28209.36328125,28216.55859375,3933807
2026-07-24T10:03:00-04:00,28204.267578125,28204.267578125,28177.8671875,28197.201171875,3774832
2026-07-24T10:04:00-04:00,28205.912109375,28205.912109375,28177.126953125,28180.15234375,3879884
2026-07-24T10:05:00-04:00,28181.375,28213.04296875,28181.375,28212.640625,3361316
2026-07-24T10:06:00-04:00,28215.568359375,28217.833984375,28196.974609375,28196.974609375,3137246
2026-07-24T10:07:00-04:00,28204.103515625,28232.4609375,28194.896484375,28229.439453125,3936659
2026-07-24T10:08:00-04:00,28229.623046875,28262.962890625,28228.435546875,28262.505859375,4153691
2026-07-24T10:09:00-04:00,28258.677734375,28274.3671875,28250.869140625,28274.3671875,3875348
2026-07-24T10:10:00-04:00,28269.15234375,28271.17578125,28252.6484375,28258.845703125,3597856
2026-07-24T10:11:00-04:00,28262.556640625,28276.630859375,28259.451171875,28265.04296875,3411352
2026-07-24T10:12:00-04:00,28260.484375,28268.58984375,28246.703125,28246.703125,3986023
2026-07-24T10:13:00-04:00,28241.640625,28260.146484375,28231.97265625,28258.384765625,3427804
2026-07-24T10:14:00-04:00,28260.9375,28287.876953125,28260.9375,28275.06640625,3274982
2026-07-24T10:15:00-04:00,28267.806640625,28272.267578125,28225.810546875,28225.810546875,3318621
2026-07-24T10:16:00-04:00,28219.78515625,28221.95703125,28205.296875,28219.056640625,3556282
2026-07-24T10:17:00-04:00,28211.765625,28211.765625,28173.771484375,28185.05859375,3702786
2026-07-24T10:18:00-04:00,28188.939453125,28197.841796875,28161.095703125,28161.095703125,3314256
2026-07-24T10:19:00-04:00,28155.07421875,28170.578125,28146.068359375,28168.6953125,4663917
2026-07-24T10:20:00-04:00,28172.966796875,28186.98828125,28154.65234375,28178.533203125,3133310
2026-07-24T10:22:00-04:00,28232.76171875,28232.76171875,28220.1171875,28225.13671875,6520460
2026-07-24T10:23:00-04:00,28229.513671875,28261.548828125,28229.513671875,28261.548828125,2860738
2026-07-24T10:24:00-04:00,28260.705078125,28262.630859375,28231.69140625,28231.69140625,2890279
2026-07-24T10:25:00-04:00,28239.48046875,28239.48046875,28218.0078125,28225.4921875,2556245
2026-07-24T10:26:00-04:00,28227.75,28236.232421875,28225.32421875,28232.451171875,2130285
2026-07-24T10:27:00-04:00,28230.83203125,28244.1796875,28214.1796875,28214.1796875,2920032
2026-07-24T10:28:00-04:00,28221.982421875,28237.736328125,28214.859375,28232.64453125,2316421
2026-07-24T10:29:00-04:00,28242.01171875,28248.0546875,28237.146484375,28247.322265625,2919502
2026-07-24T10:30:00-04:00,28227.345703125,28235.90234375,28180.87890625,28184.693359375,3256071
2026-07-24T10:31:00-04:00,28191.90625,28208.296875,28191.90625,28203.119140625,3313265
2026-07-24T10:32:00-04:00,28191.734375,28191.734375,28174.568359375,28174.568359375,2749162
2026-07-24T10:33:00-04:00,28170.8671875,28185.521484375,28170.455078125,28170.455078125,2560155
2026-07-24T10:34:00-04:00,28171.08984375,28176.65625,28153.419921875,28153.419921875,2829713
2026-07-24T10:35:00-04:00,28158.646484375,28175.337890625,28158.646484375,28174.380859375,3124804
2026-07-24T10:36:00-04:00,28183.427734375,28183.427734375,28169.412109375,28174.189453125,2510583
2026-07-24T10:37:00-04:00,28169.88671875,28171.0390625,28153.46875,28153.46875,2668875
2026-07-24T10:38:00-04:00,28153.55859375,28161.837890625,28150.677734375,28152.2265625,2742697
2026-07-24T10:39:00-04:00,28157.244140625,28157.244140625,28120.845703125,28120.845703125,3013520
2026-07-24T10:40:00-04:00,28128.078125,28128.078125,28113.611328125,28126.693359375,3304042
2026-07-24T10:41:00-04:00,28124.48828125,28132.169921875,28109.65625,28128.248046875,3223151
2026-07-24T10:42:00-04:00,28118.576171875,28132.041015625,28109.806640625,28112.75390625,3185383
2026-07-24T10:43:00-04:00,28112.408203125,28127.541015625,28112.408203125,28127.541015625,3172956
2026-07-24T10:44:00-04:00,28127.033203125,28144.099609375,28127.033203125,28139.5546875,3105332
2026-07-24T10:45:00-04:00,28133.138671875,28133.138671875,28106.97265625,28109.814453125,2742315
2026-07-24T10:46:00-04:00,28097.802734375,28132.869140625,28097.802734375,28132.869140625,2831771
2026-07-24T10:47:00-04:00,28136.037109375,28142.482421875,28112.34765625,28112.34765625,3976220
2026-07-24T10:48:00-04:00,28117.662109375,28123.728515625,28115.673828125,28118.046875,2973455
2026-07-24T10:49:00-04:00,28121.455078125,28162.23046875,28121.455078125,28158.330078125,2987274
2026-07-24T10:50:00-04:00,28167.5,28197.9375,28167.5,28197.9375,3139815
2026-07-24T10:51:00-04:00,28201.583984375,28201.583984375,28183.09765625,28190.826171875,3052265
2026-07-24T10:52:00-04:00,28191.580078125,28198.97265625,28163.5390625,28163.5390625,2560473
2026-07-24T10:53:00-04:00,28157.318359375,28199.73828125,28157.318359375,28199.73828125,2379292
2026-07-24T10:54:00-04:00,28203.974609375,28203.974609375,28174.11328125,28184.45703125,2009703
2026-07-24T10:55:00-04:00,28193.009765625,28220.01171875,28193.009765625,28218.6484375,2216475
2026-07-24T10:56:00-04:00,28217.984375,28225.3046875,28213.99609375,28223.96484375,2155051
2026-07-24T10:57:00-04:00,28246.84375,28260.28125,28246.84375,28257.0625,2871739
2026-07-24T10:58:00-04:00,28255.267578125,28274.69921875,28247.896484375,28274.69921875,2479286
2026-07-24T10:59:00-04:00,28284.28515625,28295.2890625,28284.28515625,28291.35546875,3009662
2026-07-24T11:00:00-04:00,28280.2578125,28305.61328125,28277.984375,28305.61328125,2899606
2026-07-24T11:01:00-04:00,28311.36328125,28311.36328125,28274.720703125,28274.720703125,2949108
2026-07-24T11:02:00-04:00,28267.09765625,28272.8671875,28263.310546875,28272.423828125,3544671
2026-07-24T11:03:00-04:00,28271.419921875,28277.1015625,28258.791015625,28258.791015625,1196314
2026-07-24T11:04:00-04:00,28263.107421875,28264.5234375,28247.4296875,28247.4296875,2096508
2026-07-24T11:05:00-04:00,28243.337890625,28259.33203125,28243.337890625,28250.236328125,2459190
2026-07-24T11:06:00-04:00,28251.732421875,28254.505859375,28235.20703125,28235.20703125,2225358
2026-07-24T11:07:00-04:00,28222.357421875,28239.2578125,28217.9140625,28239.2578125,2314274
2026-07-24T11:08:00-04:00,28252.380859375,28260.119140625,28240.8125,28241.9140625,2290110
2026-07-24T11:09:00-04:00,28244.333984375,28252.162109375,28207.95703125,28207.95703125,1803583
2026-07-24T11:10:00-04:00,28205.12109375,28253.9453125,28205.12109375,28253.9453125,2477665
2026-07-24T11:11:00-04:00,28260.79296875,28316.87109375,28260.79296875,28270.37890625,4112643
2026-07-24T11:12:00-04:00,28277.505859375,28293.26953125,28270.8515625,28270.8515625,2280604
2026-07-24T11:13:00-04:00,28270.7890625,28284.298828125,28270.7890625,28274.4609375,1914134
2026-07-24T11:14:00-04:00,28279.732421875,28339.103515625,28279.732421875,28339.103515625,2348048
2026-07-24T11:15:00-04:00,28332.578125,28393.35546875,28332.578125,28393.35546875,4558161
2026-07-24T11:16:00-04:00,28386.150390625,28391.744140625,28364.09375,28364.09375,3338070
2026-07-24T11:17:00-04:00,28357.515625,28366.51953125,28338.0078125,28338.0078125,2224659
2026-07-24T11:18:00-04:00,28337.56640625,28348.271484375,28323.6484375,28330.19140625,2768992
2026-07-24T11:19:00-04:00,28325.380859375,28333.294921875,28305.763671875,28307.59375,2445814
2026-07-24T11:20:00-04:00,28305.037109375,28348.3203125,28305.037109375,28342.568359375,2836423
2026-07-24T11:21:00-04:00,28342.41015625,28356.681640625,28341.998046875,28343.33984375,2744577
2026-07-24T11:22:00-04:00,28344.23046875,28349.216796875,28338.9765625,28340.681640625,1889140
2026-07-24T11:23:00-04:00,28348.322265625,28362.720703125,28348.322265625,28362.720703125,2226529
2026-07-24T11:24:00-04:00,28354.12890625,28357.15625,28344.830078125,28353.8359375,2254532
2026-07-24T11:25:00-04:00,28345.970703125,28367.580078125,28345.970703125,28367.580078125,2085029
2026-07-24T11:26:00-04:00,28370.55859375,28378.34375,28365.599609375,28365.599609375,2242336
2026-07-24T11:27:00-04:00,28356.009765625,28373.91015625,28356.009765625,28371.326171875,2211696
2026-07-24T11:28:00-04:00,28372.880859375,28384.623046875,28365.673828125,28365.673828125,2168511
2026-07-24T11:29:00-04:00,28365.04296875,28365.04296875,28338.552734375,28338.552734375,2408560
2026-07-24T11:30:00-04:00,28331.1796875,28350.671875,28331.1796875,28344.0546875,2524377
2026-07-24T11:31:00-04:00,28355.076171875,28377.35546875,28355.076171875,28377.35546875,2003843
2026-07-24T11:32:00-04:00,28377.298828125,28380.70703125,28353.888671875,28357.357421875,2482548
2026-07-24T11:33:00-04:00,28348.6328125,28354.25390625,28342.513671875,28344.3671875,1649441
2026-07-24T11:34:00-04:00,28348.904296875,28349.423828125,28334.98046875,28335.93359375,1643207
2026-07-24T11:35:00-04:00,28331.232421875,28352.017578125,28331.232421875,28352.017578125,1911410
2026-07-24T11:36:00-04:00,28358.1328125,28360.26953125,28349.091796875,28360.001953125,1921441
2026-07-24T11:37:00-04:00,28359.650390625,28367.962890625,28342.630859375,28367.962890625,1946042
2026-07-24T11:38:00-04:00,28372.79296875,28390.287109375,28372.79296875,28390.287109375,1886247
2026-07-24T11:39:00-04:00,28396.794921875,28403.427734375,28394.501953125,28402.990234375,1868877
2026-07-24T11:40:00-04:00,28405.041015625,28413.802734375,28400.41015625,28400.41015625,2095809
2026-07-24T11:41:00-04:00,28397.130859375,28397.130859375,28373.296875,28373.845703125,2124466
2026-07-24T11:42:00-04:00,28373.498046875,28379.236328125,28358.38671875,28362.853515625,1698027
2026-07-24T11:43:00-04:00,28360.25,28364.12890625,28336.10546875,28337.33203125,1912508
2026-07-24T11:44:00-04:00,28342.705078125,28356.408203125,28342.705078125,28348.890625,2077203
2026-07-24T11:45:00-04:00,28347.24609375,28367.642578125,28347.24609375,28358.1328125,2076238
2026-07-24T11:46:00-04:00,28358.18359375,28359.2421875,28354.35546875,28354.35546875,1665567
2026-07-24T11:47:00-04:00,28348.927734375,28356.0859375,28339.875,28340.431640625,2667844
2026-07-24T11:48:00-04:00,28337.46484375,28355.0625,28337.46484375,28355.0625,1229806
2026-07-24T11:49:00-04:00,28354.28125,28354.28125,28340.689453125,28346.298828125,1494231
2026-07-24T11:50:00-04:00,28346.923828125,28379.330078125,28346.923828125,28379.330078125,1595025
2026-07-24T11:51:00-04:00,28379.986328125,28385.70703125,28372.263671875,28376.197265625,1902623
2026-07-24T11:52:00-04:00,28375.494140625,28384.650390625,28372.8203125,28372.8203125,1896754
2026-07-24T11:53:00-04:00,28368.44140625,28385.08984375,28362.75390625,28384.615234375,1664780
2026-07-24T11:54:00-04:00,28385.4140625,28388.78515625,28381.32421875,28381.4609375,1661071
2026-07-24T11:55:00-04:00,28379.439453125,28401.060546875,28378.337890625,28401.060546875,1683717
2026-07-24T11:56:00-04:00,28395.740234375,28413.80078125,28395.740234375,28413.80078125,2224976
2026-07-24T11:57:00-04:00,28413.060546875,28413.060546875,28406.90625,28410.634765625,2090364
2026-07-24T11:58:00-04:00,28404.654296875,28414.291015625,28400.59765625,28414.291015625,2104228
2026-07-24T11:59:00-04:00,28414.919921875,28419.39453125,28414.302734375,28416.763671875,1980148
2026-07-24T12:00:00-04:00,28411.759765625,28418.025390625,28398.4375,28398.4375,1924871
2026-07-24T12:01:00-04:00,28399.501953125,28402.796875,28390.3828125,28402.796875,2727315
2026-07-24T12:02:00-04:00,28402.111328125,28405.75,28400.14453125,28404.869140625,2763357
2026-07-24T12:03:00-04:00,28404.470703125,28423.015625,28404.470703125,28422.05859375,2413358
2026-07-24T12:04:00-04:00,28422.0625,28433.876953125,28421.400390625,28432.609375,927104
2026-07-24T12:05:00-04:00,28432.9453125,28442.138671875,28429.951171875,28439.607421875,3231769
2026-07-24T12:06:00-04:00,28437.380859375,28439.88671875,28425.7109375,28425.7109375,1014579
2026-07-24T12:07:00-04:00,28423.416015625,28456.19921875,28422.646484375,28456.19921875,1993001
2026-07-24T12:08:00-04:00,28454.5546875,28457.001953125,28444.8515625,28446.3203125,2236406
2026-07-24T12:09:00-04:00,28447.458984375,28455.875,28447.458984375,28447.919921875,1543372
2026-07-24T12:10:00-04:00,28448.0234375,28471.318359375,28447.943359375,28471.318359375,2108714
2026-07-24T12:11:00-04:00,28471.095703125,28471.095703125,28450.060546875,28450.060546875,1909253
2026-07-24T12:12:00-04:00,28451.107421875,28456.642578125,28439.7421875,28440.1328125,1635175
2026-07-24T12:13:00-04:00,28438.59765625,28438.59765625,28421.7421875,28425.81640625,1791572
2026-07-24T12:14:00-04:00,28421.31640625,28427.1171875,28415.078125,28416.708984375,2048191
2026-07-24T12:15:00-04:00,28415.71484375,28415.71484375,28407.31640625,28409.017578125,2254322
2026-07-24T12:16:00-04:00,28408.525390625,28408.525390625,28400.71875,28401.490234375,1864257
2026-07-24T12:17:00-04:00,28401.890625,28401.890625,28392.552734375,28395.748046875,2675563
2026-07-24T12:18:00-04:00,28396.7421875,28409.931640625,28395.404296875,28407.28125,2170988
2026-07-24T12:19:00-04:00,28406.396484375,28413.078125,28406.396484375,28408.767578125,1718540
2026-07-24T12:20:00-04:00,28409.57421875,28424.09375,28409.36328125,28424.01171875,1733652
2026-07-24T12:21:00-04:00,28427.37109375,28427.37109375,28409.25,28414.982421875,1792034
2026-07-24T12:22:00-04:00,28415.1171875,28432.974609375,28412.064453125,28432.974609375,2019636
2026-07-24T12:23:00-04:00,28431.984375,28432.302734375,28425.603515625,28429.46875,716866
2026-07-24T12:24:00-04:00,28429.904296875,28430.916015625,28421.919921875,28425.2265625,3092111
2026-07-24T12:25:00-04:00,28426.853515625,28426.875,28418.205078125,28425.607421875,645509
2026-07-24T12:26:00-04:00,28428.099609375,28430.291015625,28425.548828125,28427.94921875,2019334
2026-07-24T12:27:00-04:00,28427.83984375,28427.83984375,28418.326171875,28418.326171875,797593
2026-07-24T12:28:00-04:00,28417.55078125,28421.138671875,28416.11328125,28419.255859375,2144414
2026-07-24T12:29:00-04:00,28419.453125,28420.8046875,28409.296875,28409.296875,704691
2026-07-24T12:30:00-04:00,28409.08203125,28409.08203125,28376.20703125,28381.017578125,4547355
2026-07-24T12:31:00-04:00,28385.302734375,28385.302734375,28368.7109375,28380.05859375,832300
2026-07-24T12:32:00-04:00,28386.9375,28386.9375,28375.09375,28380.1640625,2418118
2026-07-24T12:33:00-04:00,28382.03515625,28385.18359375,28375.16015625,28376.498046875,754814
2026-07-24T12:34:00-04:00,28375.408203125,28391.48828125,28375.408203125,28384.404296875,2007092
2026-07-24T12:35:00-04:00,28382.353515625,28390.048828125,28379.013671875,28390.048828125,842463
2026-07-24T12:36:00-04:00,28388.59765625,28394.423828125,28381.19921875,28384.240234375,2096591
2026-07-24T12:37:00-04:00,28380.7421875,28380.7421875,28374.076171875,28378.39453125,699121
2026-07-24T12:38:00-04:00,28379.1015625,28383.162109375,28361.630859375,28361.630859375,1356600
2026-07-24T12:39:00-04:00,28360.15234375,28366.0625,28360.15234375,28363.65625,1252450
2026-07-24T12:40:00-04:00,28363.484375,28363.484375,28351.501953125,28355.076171875,1492580
2026-07-24T12:41:00-04:00,28353.0078125,28353.0078125,28345.947265625,28351.90234375,1568003
2026-07-24T12:42:00-04:00,28353.392578125,28353.392578125,28344.458984375,28350.595703125,1487218
2026-07-24T12:43:00-04:00,28350.505859375,28350.951171875,28339.068359375,28346.986328125,1757863
2026-07-24T12:44:00-04:00,28345.978515625,28346.75,28342.375,28342.810546875,1458945
2026-07-24T12:45:00-04:00,28341.330078125,28351.51953125,28336.125,28347.94140625,1560958
2026-07-24T12:46:00-04:00,28348.81640625,28348.81640625,28336.53515625,28336.53515625,1323836
2026-07-24T12:47:00-04:00,28335.248046875,28337.2734375,28323.30859375,28323.9375,1165751
2026-07-24T12:48:00-04:00,28324.2578125,28324.2578125,28312.337890625,28316.08203125,1691715
2026-07-24T12:49:00-04:00,28315.6328125,28321.419921875,28310.1640625,28321.041015625,2193458
2026-07-24T12:50:00-04:00,28320.5,28323.333984375,28313.896484375,28320.86328125,1686619
2026-07-24T12:51:00-04:00,28319.55859375,28324.26171875,28311.53515625,28314.435546875,1632806
2026-07-24T12:52:00-04:00,28314.740234375,28318.271484375,28313.103515625,28313.103515625,1500219
2026-07-24T12:53:00-04:00,28313.705078125,28317.03125,28305.400390625,28310.595703125,1371769
2026-07-24T12:54:00-04:00,28310.150390625,28322.48828125,28310.150390625,28316.94921875,1515986
2026-07-24T12:55:00-04:00,28313.947265625,28330.134765625,28307.869140625,28326.4296875,2072245
2026-07-24T12:56:00-04:00,28330.662109375,28330.662109375,28322.71875,28324.068359375,694663
2026-07-24T12:57:00-04:00,28328.12109375,28340.556640625,28328.12109375,28340.556640625,2108407
2026-07-24T12:58:00-04:00,28340.64453125,28348.537109375,28339.484375,28341.501953125,774347
2026-07-24T12:59:00-04:00,28341.6171875,28348.021484375,28335.67578125,28335.67578125,1828340
2026-07-24T13:00:00-04:00,28334.5390625,28339.68359375,28329.359375,28330.58984375,811749
2026-07-24T13:01:00-04:00,28327.05859375,28327.05859375,28311.169921875,28323.15625,1681288
2026-07-24T13:02:00-04:00,28322.677734375,28323.015625,28316.494140625,28318.6640625,1663510
2026-07-24T13:03:00-04:00,28319.24609375,28321.98828125,28314.51171875,28317.310546875,1181762
2026-07-24T13:04:00-04:00,28316.484375,28322.9609375,28316.30859375,28319.578125,1400119
2026-07-24T13:05:00-04:00,28318.251953125,28323.59375,28315.697265625,28323.59375,1447953
2026-07-24T13:06:00-04:00,28321.0625,28323.888671875,28291.935546875,28305.251953125,3649370
2026-07-24T13:07:00-04:00,28304.06640625,28304.611328125,28289.01953125,28292.78125,1658853
2026-07-24T13:08:00-04:00,28290.939453125,28290.939453125,28282.78125,28287.3203125,2089679
2026-07-24T13:09:00-04:00,28284.349609375,28291.037109375,28278.240234375,28282.109375,1448998
2026-07-24T13:10:00-04:00,28279.58203125,28284.96484375,28272.16796875,28277.263671875,3694605
2026-07-24T13:11:00-04:00,28283.947265625,28295.302734375,28283.1015625,28290.923828125,792101
2026-07-24T13:12:00-04:00,28291.916015625,28305.5,28291.916015625,28299.705078125,1763934
2026-07-24T13:13:00-04:00,28299.22265625,28304.0390625,28295.662109375,28301.078125,614069
2026-07-24T13:14:00-04:00,28298.966796875,28307.654296875,28297.177734375,28297.89453125,2349125
2026-07-24T13:15:00-04:00,28298.03515625,28301.912109375,28293.16015625,28293.16015625,569918
2026-07-24T13:16:00-04:00,28294.255859375,28294.255859375,28284.330078125,28287.955078125,1862645
2026-07-24T13:17:00-04:00,28287.931640625,28312.302734375,28287.931640625,28312.302734375,776288
2026-07-24T13:18:00-04:00,28315.169921875,28325.083984375,28305.23828125,28322.166015625,2024577
2026-07-24T13:19:00-04:00,28322.056640625,28330.1796875,28319.34765625,28327.478515625,702686
2026-07-24T13:20:00-04:00,28328.986328125,28335.08203125,28325.8203125,28325.8203125,2233494
2026-07-24T13:21:00-04:00,28324.8046875,28328.177734375,28322.03125,28322.224609375,664478
2026-07-24T13:22:00-04:00,28320.390625,28322.96875,28307.744140625,28309.54296875,1968352
2026-07-24T13:23:00-04:00,28308.279296875,28315.86328125,28306.85546875,28310.458984375,583067
2026-07-24T13:24:00-04:00,28310.66796875,28326.373046875,28308.73046875,28326.373046875,1725714
2026-07-24T13:25:00-04:00,28329.95703125,28331.947265625,28319.02734375,28328.87109375,604317
2026-07-24T13:26:00-04:00,28332.181640625,28337.30859375,28331.802734375,28337.30859375,1420836
2026-07-24T13:27:00-04:00,28343.45703125,28354.703125,28343.45703125,28353.888671875,1244296
2026-07-24T13:28:00-04:00,28354.501953125,28361.62109375,28354.501953125,28360.681640625,1395321
2026-07-24T13:29:00-04:00,28359.544921875,28359.544921875,28351.091796875,28356.083984375,1371454
2026-07-24T13:30:00-04:00,28358.775390625,28360.84375,28350.80859375,28355.943359375,1771442
2026-07-24T13:31:00-04:00,28353.52734375,28359.3828125,28351.380859375,28359.28515625,1905900
2026-07-24T13:32:00-04:00,28360.50390625,28360.50390625,28351.81640625,28356.240234375,1558125
2026-07-24T13:33:00-04:00,28356.046875,28375.103515625,28354.193359375,28373.23046875,1344722
2026-07-24T13:34:00-04:00,28373.005859375,28380.392578125,28373.005859375,28380.025390625,1561533
2026-07-24T13:35:00-04:00,28381.376953125,28381.376953125,28375.93359375,28378.861328125,1683962
2026-07-24T13:36:00-04:00,28380.765625,28380.765625,28364.931640625,28367.017578125,1225708
2026-07-24T13:37:00-04:00,28366.64453125,28366.64453125,28348.265625,28348.265625,1694627
2026-07-24T13:38:00-04:00,28346.1015625,28349.41796875,28342.349609375,28346.064453125,1539756
2026-07-24T13:39:00-04:00,28345.375,28345.830078125,28329.763671875,28329.763671875,1614009
2026-07-24T13:40:00-04:00,28330.013671875,28330.013671875,28317.53515625,28323.92578125,1562879
2026-07-24T13:41:00-04:00,28322.271484375,28322.271484375,28312.212890625,28313.517578125,2308323
2026-07-24T13:42:00-04:00,28314.544921875,28314.544921875,28305.794921875,28310.216796875,628836
2026-07-24T13:43:00-04:00,28311.21484375,28314.30078125,28311.21484375,28313.0546875,1900192
2026-07-24T13:44:00-04:00,28321.36328125,28321.75,28310.365234375,28310.365234375,1020682
2026-07-24T13:45:00-04:00,28309.01953125,28309.01953125,28294.98046875,28297.37890625,2186189
2026-07-24T13:46:00-04:00,28300.169921875,28315.861328125,28300.169921875,28314.939453125,605712
2026-07-24T13:47:00-04:00,28315.109375,28320.9609375,28306.57421875,28309.2265625,1833083
2026-07-24T13:48:00-04:00,28309.087890625,28309.84375,28302.91015625,28308.87109375,590835
2026-07-24T13:49:00-04:00,28308.73828125,28323.8046875,28307.927734375,28323.8046875,2331940
2026-07-24T13:50:00-04:00,28323.51171875,28330.48828125,28319.013671875,28330.16015625,744414
2026-07-24T13:51:00-04:00,28334.92578125,28338.494140625,28316.947265625,28316.947265625,2229386
2026-07-24T13:52:00-04:00,28316.380859375,28317.412109375,28311.130859375,28316.0,680884
2026-07-24T13:53:00-04:00,28319.19140625,28322.146484375,28317.875,28318.759765625,1747656
2026-07-24T13:54:00-04:00,28317.3828125,28323.974609375,28317.3828125,28323.173828125,506444
2026-07-24T13:55:00-04:00,28325.580078125,28329.51953125,28318.474609375,28318.474609375,1897513
2026-07-24T13:56:00-04:00,28320.16796875,28326.677734375,28317.40625,28326.615234375,869885
2026-07-24T13:57:00-04:00,28325.78125,28325.78125,28315.83203125,28315.83203125,1569351
2026-07-24T13:58:00-04:00,28314.26953125,28319.72265625,28314.26953125,28316.046875,1132232
2026-07-24T13:59:00-04:00,28315.7734375,28317.1328125,28308.275390625,28308.275390625,1099096
2026-07-24T14:00:00-04:00,28306.775390625,28318.232421875,28303.091796875,28317.5078125,1536488
2026-07-24T14:01:00-04:00,28320.611328125,28323.1015625,28303.83203125,28303.83203125,1330889
2026-07-24T14:02:00-04:00,28301.615234375,28308.666015625,28296.41796875,28308.666015625,1518389
2026-07-24T14:03:00-04:00,28307.9609375,28310.400390625,28295.666015625,28295.666015625,1526632
2026-07-24T14:04:00-04:00,28295.376953125,28300.05078125,28294.15625,28298.07421875,1366350
2026-07-24T14:05:00-04:00,28296.525390625,28296.525390625,28291.271484375,28295.9921875,1554063
2026-07-24T14:06:00-04:00,28296.55859375,28297.828125,28284.267578125,28284.267578125,1683786
2026-07-24T14:07:00-04:00,28286.603515625,28301.9921875,28286.603515625,28299.853515625,2353928
2026-07-24T14:08:00-04:00,28301.236328125,28304.88671875,28297.740234375,28297.740234375,1457077
2026-07-24T14:09:00-04:00,28297.9609375,28303.3203125,28290.7734375,28290.7734375,1528979
2026-07-24T14:10:00-04:00,28291.123046875,28291.517578125,28281.5625,28284.4375,1752256
2026-07-24T14:11:00-04:00,28283.568359375,28284.2265625,28276.55078125,28277.869140625,1647755
2026-07-24T14:12:00-04:00,28277.41796875,28277.41796875,28267.822265625,28275.41015625,2214921
2026-07-24T14:13:00-04:00,28276.240234375,28278.302734375,28268.46484375,28268.46484375,2735143
2026-07-24T14:14:00-04:00,28268.0703125,28272.375,28264.326171875,28269.41796875,2640870
2026-07-24T14:15:00-04:00,28268.080078125,28268.080078125,28261.337890625,28266.9765625,1068945
2026-07-24T14:16:00-04:00,28266.314453125,28267.81640625,28260.169921875,28262.015625,2297650
2026-07-24T14:17:00-04:00,28260.80078125,28268.021484375,28259.130859375,28262.001953125,719665
2026-07-24T14:18:00-04:00,28262.05859375,28262.796875,28249.587890625,28254.14453125,2554245
2026-07-24T14:19:00-04:00,28257.1171875,28257.1171875,28239.501953125,28240.1953125,1174502
2026-07-24T14:20:00-04:00,28240.26171875,28240.26171875,28228.98828125,28228.98828125,2907209
2026-07-24T14:21:00-04:00,28228.421875,28231.095703125,28223.361328125,28225.240234375,930046
2026-07-24T14:22:00-04:00,28224.0,28229.509765625,28223.24609375,28223.958984375,2609887
2026-07-24T14:23:00-04:00,28228.08203125,28228.359375,28218.6640625,28227.62890625,1022885
2026-07-24T14:24:00-04:00,28227.689453125,28228.90625,28215.697265625,28216.19140625,2965293
2026-07-24T14:25:00-04:00,28218.8203125,28218.8203125,28200.634765625,28206.341796875,1075487
2026-07-24T14:26:00-04:00,28207.103515625,28207.103515625,28196.552734375,28198.83203125,2897692
2026-07-24T14:27:00-04:00,28198.919921875,28199.876953125,28191.8046875,28191.8046875,924624
2026-07-24T14:28:00-04:00,28189.580078125,28191.646484375,28181.1328125,28182.94921875,2874814
2026-07-24T14:29:00-04:00,28184.630859375,28191.130859375,28177.8515625,28177.8515625,970965
2026-07-24T14:30:00-04:00,28179.05078125,28185.478515625,28174.505859375,28174.505859375,2154586
2026-07-24T14:31:00-04:00,28175.30078125,28175.30078125,28152.744140625,28156.875,2417597
2026-07-24T14:32:00-04:00,28158.51953125,28164.078125,28158.51953125,28161.322265625,2251968
2026-07-24T14:33:00-04:00,28158.900390625,28162.205078125,28144.525390625,28146.2421875,1741512
2026-07-24T14:34:00-04:00,28150.640625,28150.640625,28135.138671875,28138.666015625,2247734
2026-07-24T14:35:00-04:00,28138.6640625,28139.408203125,28122.69921875,28132.810546875,2726506
2026-07-24T14:36:00-04:00,28140.310546875,28159.064453125,28140.01171875,28141.095703125,3215054
2026-07-24T14:37:00-04:00,28141.26171875,28149.685546875,28136.900390625,28136.900390625,1657546
2026-07-24T14:38:00-04:00,28137.9453125,28150.365234375,28134.14453125,28148.580078125,1996425
2026-07-24T14:39:00-04:00,28149.1171875,28149.1171875,28126.69921875,28137.244140625,2257252
2026-07-24T14:40:00-04:00,28134.171875,28134.171875,28117.43359375,28117.5078125,3367016
2026-07-24T14:41:00-04:00,28116.076171875,28123.275390625,28109.189453125,28111.080078125,2401858
2026-07-24T14:42:00-04:00,28110.2890625,28115.197265625,28101.611328125,28115.197265625,2472859
2026-07-24T14:43:00-04:00,28115.826171875,28128.916015625,28115.826171875,28123.484375,2559389
2026-07-24T14:44:00-04:00,28124.298828125,28128.1484375,28117.025390625,28118.513671875,2076234
2026-07-24T14:45:00-04:00,28117.2265625,28145.17578125,28111.80859375,28142.095703125,4067629
2026-07-24T14:46:00-04:00,28151.318359375,28163.60546875,28151.318359375,28156.634765625,1239011
2026-07-24T14:47:00-04:00,28154.943359375,28161.46484375,28151.720703125,28160.4921875,3324864
2026-07-24T14:48:00-04:00,28163.609375,28163.609375,28145.0859375,28146.185546875,1283788
2026-07-24T14:49:00-04:00,28146.60546875,28148.7109375,28142.78515625,28142.94140625,2653053
2026-07-24T14:50:00-04:00,28150.87109375,28150.87109375,28132.67578125,28136.216796875,1076380
2026-07-24T14:51:00-04:00,28135.58984375,28156.556640625,28135.58984375,28148.44921875,3888260
2026-07-24T14:52:00-04:00,28156.599609375,28156.681640625,28147.3046875,28154.611328125,981627
2026-07-24T14:53:00-04:00,28154.494140625,28157.154296875,28146.447265625,28152.5859375,2933215
2026-07-24T14:54:00-04:00,28150.736328125,28150.736328125,28134.736328125,28143.208984375,1888932
2026-07-24T14:55:00-04:00,28139.267578125,28149.291015625,28136.92578125,28149.291015625,2934680
2026-07-24T14:56:00-04:00,28149.40625,28164.736328125,28143.66015625,28163.68359375,795661
2026-07-24T14:57:00-04:00,28161.95703125,28165.923828125,28155.1328125,28155.1328125,3201972
2026-07-24T14:58:00-04:00,28154.59765625,28157.244140625,28141.921875,28141.921875,1032843
2026-07-24T14:59:00-04:00,28143.03125,28148.521484375,28142.197265625,28142.197265625,4612137
2026-07-24T15:00:00-04:00,28153.384765625,28153.384765625,28132.802734375,28141.447265625,1210297
2026-07-24T15:01:00-04:00,28144.560546875,28163.89453125,28142.560546875,28149.779296875,2641236
2026-07-24T15:02:00-04:00,28146.037109375,28146.037109375,28128.6953125,28128.6953125,3384369
2026-07-24T15:03:00-04:00,28129.30859375,28130.72265625,28124.169921875,28127.8359375,3759728
2026-07-24T15:04:00-04:00,28128.287109375,28130.939453125,28124.4375,28126.04296875,2139948
2026-07-24T15:05:00-04:00,28122.720703125,28141.20703125,28118.333984375,28141.20703125,2352579
2026-07-24T15:06:00-04:00,28140.99609375,28149.513671875,28116.810546875,28116.810546875,2440991
2026-07-24T15:07:00-04:00,28116.189453125,28116.189453125,28081.318359375,28082.85546875,3921065
2026-07-24T15:08:00-04:00,28082.171875,28087.94140625,28076.103515625,28082.109375,4773857
2026-07-24T15:09:00-04:00,28080.05859375,28081.12890625,28065.208984375,28067.1171875,2087779
2026-07-24T15:10:00-04:00,28068.859375,28074.16015625,28062.814453125,28062.814453125,3924213
2026-07-24T15:11:00-04:00,28063.63671875,28068.40625,28061.052734375,28068.3671875,3079010
2026-07-24T15:12:00-04:00,28068.740234375,28094.697265625,28068.740234375,28078.833984375,2868710
2026-07-24T15:13:00-04:00,28075.39453125,28079.7734375,28071.681640625,28071.806640625,2865765
2026-07-24T15:14:00-04:00,28073.47265625,28073.47265625,28060.61328125,28060.61328125,3488265
2026-07-24T15:15:00-04:00,28061.3828125,28064.576171875,28055.123046875,28059.6328125,3547677
2026-07-24T15:16:00-04:00,28059.794921875,28064.185546875,28053.57421875,28063.763671875,4339385
2026-07-24T15:17:00-04:00,28068.3828125,28079.80859375,28065.423828125,28071.2578125,1740903
2026-07-24T15:18:00-04:00,28071.669921875,28073.75,28067.427734375,28070.375,3951738
2026-07-24T15:19:00-04:00,28071.11328125,28082.0625,28069.390625,28079.841796875,1333393
2026-07-24T15:20:00-04:00,28080.537109375,28080.537109375,28068.572265625,28078.578125,4026091
2026-07-24T15:21:00-04:00,28077.982421875,28091.564453125,28077.060546875,28087.53125,1498157
2026-07-24T15:22:00-04:00,28088.54296875,28096.001953125,28088.05859375,28089.646484375,3976322
2026-07-24T15:23:00-04:00,28086.1796875,28087.458984375,28080.484375,28084.919921875,1377329
2026-07-24T15:24:00-04:00,28084.525390625,28084.859375,28060.0,28066.99609375,2554004
2026-07-24T15:25:00-04:00,28068.025390625,28068.025390625,28061.216796875,28064.685546875,3472655
2026-07-24T15:26:00-04:00,28068.958984375,28070.09765625,28062.708984375,28065.787109375,2281972
2026-07-24T15:27:00-04:00,28070.009765625,28090.607421875,28070.009765625,28085.560546875,2400741
2026-07-24T15:28:00-04:00,28084.44140625,28095.71875,28083.056640625,28095.71875,2667541
2026-07-24T15:29:00-04:00,28096.7578125,28104.982421875,28091.23046875,28093.4296875,2941916
2026-07-24T15:30:00-04:00,28102.306640625,28109.2578125,28096.087890625,28098.990234375,3406388
2026-07-24T15:31:00-04:00,28099.025390625,28113.55078125,28096.439453125,28106.087890625,3226624
2026-07-24T15:32:00-04:00,28110.859375,28123.681640625,28110.859375,28123.052734375,4739487
2026-07-24T15:33:00-04:00,28122.1484375,28131.703125,28122.103515625,28128.486328125,4454067
2026-07-24T15:34:00-04:00,28129.79296875,28137.44140625,28126.38671875,28126.38671875,1521532
2026-07-24T15:35:00-04:00,28120.291015625,28137.99609375,28116.20703125,28135.00390625,5404562
2026-07-24T15:36:00-04:00,28133.87890625,28137.837890625,28119.3203125,28119.3203125,1395703
2026-07-24T15:37:00-04:00,28118.216796875,28140.4140625,28118.216796875,28135.50390625,5415178
2026-07-24T15:38:00-04:00,28138.296875,28140.865234375,28129.431640625,28140.130859375,1344796
2026-07-24T15:39:00-04:00,28142.50390625,28142.50390625,28110.814453125,28111.763671875,4418911
2026-07-24T15:40:00-04:00,28108.611328125,28120.701171875,28107.7421875,28108.01953125,1877243
2026-07-24T15:41:00-04:00,28106.123046875,28106.123046875,28093.1171875,28096.810546875,4942042
2026-07-24T15:42:00-04:00,28099.990234375,28099.990234375,28086.953125,28092.33984375,1772669
2026-07-24T15:43:00-04:00,28094.876953125,28098.439453125,28080.482421875,28098.439453125,6949640
2026-07-24T15:44:00-04:00,28098.0390625,28113.029296875,28097.404296875,28113.029296875,1711510
2026-07-24T15:45:00-04:00,28114.451171875,28120.59375,28092.892578125,28095.5546875,6380561
2026-07-24T15:46:00-04:00,28092.111328125,28095.521484375,28089.208984375,28094.8671875,2014869
2026-07-24T15:47:00-04:00,28092.11328125,28106.314453125,28092.11328125,28099.501953125,5627226
2026-07-24T15:48:00-04:00,28098.615234375,28101.099609375,28091.234375,28092.625,1688536
2026-07-24T15:49:00-04:00,28090.439453125,28113.412109375,28084.3046875,28113.412109375,4354779
2026-07-24T15:50:00-04:00,28122.6796875,28122.6796875,28075.12890625,28075.12890625,5544195
2026-07-24T15:51:00-04:00,28069.279296875,28082.564453125,28069.279296875,28076.771484375,7663657
2026-07-24T15:52:00-04:00,28077.34375,28077.34375,28068.318359375,28070.578125,5293000
2026-07-24T15:53:00-04:00,28068.3359375,28079.44921875,28063.70703125,28079.44921875,6489000
2026-07-24T15:54:00-04:00,28075.98828125,28110.828125,28075.98828125,28110.7890625,6850000
2026-07-24T15:55:00-04:00,28098.921875,28104.7890625,28088.8359375,28088.8359375,7731000
2026-07-24T15:56:00-04:00,28087.740234375,28102.287109375,28087.740234375,28098.35546875,7711000
2026-07-24T15:57:00-04:00,28101.576171875,28113.658203125,28101.576171875,28111.79296875,7008000
2026-07-24T15:58:00-04:00,28110.330078125,28114.783203125,28109.263671875,28110.759765625,7050000
2026-07-24T15:59:00-04:00,28113.12109375,28136.263671875,28091.77734375,28136.263671875,8227000
