Date,Open,Close,High,Low,Volume,Adj Close
2019-01-02,6198.68017578125,6360.8701171875,6394.740234375,6198.68017578125,2261800000,6360.8701171875
2019-01-03,6274.759765625,6147.1298828125,6292.68017578125,6139.39990234375,2631550000,6147.1298828125
2019-01-04,6250.0498046875,6422.669921875,6445.2001953125,6234.58984375,2596150000,6422.669921875
2019-01-07,6434.5498046875,6488.25,6521.43994140625,6412.97998046875,2523450000,6488.25
2019-01-08,6555.91015625,6551.85009765625,6574.72998046875,6457.0,2407340000,6551.85009765625
2019-01-09,6576.5400390625,6600.68994140625,6631.06005859375,6549.43994140625,2434500000,6600.68994140625
2019-01-10,6551.0498046875,6620.93994140625,6625.10986328125,6517.5400390625,2190110000,6620.93994140625
2019-01-11,6579.89013671875,6601.39990234375,6604.56005859375,6562.0400390625,2074310000,6601.39990234375
2019-01-14,6536.3701171875,6541.0400390625,6566.8701171875,6512.64013671875,1960780000,6541.0400390625
2019-01-15,6571.14990234375,6669.64013671875,6674.52978515625,6567.31982421875,2066090000,6669.64013671875
2019-01-16,6677.3798828125,6668.56005859375,6720.41015625,6665.0498046875,2163730000,6668.56005859375
2019-01-17,6646.18994140625,6718.4501953125,6747.27978515625,6637.10009765625,2149280000,6718.4501953125
2019-01-18,6771.52001953125,6784.60986328125,6816.22998046875,6727.93994140625,2459920000,6784.60986328125
2019-01-22,6736.64990234375,6646.81005859375,6738.56982421875,6603.56005859375,2397660000,6646.81005859375
2019-01-23,6689.080078125,6658.759765625,6712.85986328125,6584.5,2288090000,6658.759765625
2019-01-24,6680.33984375,6702.5498046875,6710.72998046875,6656.52001953125,2419110000,6702.5498046875
2019-01-25,6755.669921875,6787.3701171875,6800.97021484375,6733.31982421875,2446550000,6787.3701171875
2019-01-28,6691.83984375,6697.08984375,6697.52978515625,6644.31005859375,2448790000,6697.08984375
2019-01-29,6695.7099609375,6632.7900390625,6701.47021484375,6613.419921875,2106370000,6632.7900390625
2019-01-30,6708.56005859375,6807.91015625,6826.919921875,6688.330078125,2569410000,6807.91015625
2019-01-31,6840.93017578125,6906.83984375,6936.33984375,6837.919921875,2947490000,6906.83984375
2019-02-01,6872.72998046875,6875.52001953125,6921.9501953125,6857.31005859375,2398800000,6875.52001953125
2019-02-04,6876.56005859375,6959.9599609375,6960.97021484375,6872.60009765625,2106030000,6959.9599609375
2019-02-05,6969.3701171875,7023.52001953125,7029.77001953125,6967.93994140625,2284960000,7023.52001953125
2019-02-06,7023.89013671875,6997.6201171875,7034.93994140625,6969.830078125,2179400000,6997.6201171875
2019-02-07,6934.330078125,6904.97998046875,6954.77001953125,6854.35009765625,2310700000,6904.97998046875
2019-02-08,6843.330078125,6913.1298828125,6914.56005859375,6836.7001953125,2102520000,6913.1298828125
2019-02-11,6941.259765625,6909.18017578125,6958.330078125,6893.7998046875,1908490000,6909.18017578125
2019-02-12,6960.5498046875,7014.669921875,7021.759765625,6948.330078125,2140130000,7014.669921875
2019-02-13,7038.31982421875,7015.8798828125,7062.580078125,7009.72998046875,2103840000,7015.8798828125
2019-02-14,6986.509765625,7022.419921875,7047.8798828125,6969.68994140625,2117500000,7022.419921875
2019-02-15,7066.3798828125,7055.18017578125,7073.990234375,7022.2998046875,2263640000,7055.18017578125
2019-02-19,7033.3701171875,7066.60986328125,7089.10009765625,7032.77978515625,2124140000,7066.60986328125
2019-02-20,7070.240234375,7062.33984375,7096.14990234375,7027.3701171875,2202670000,7062.33984375
2019-02-21,7047.080078125,7035.16015625,7063.06982421875,7001.7998046875,2144680000,7035.16015625
2019-02-22,7055.2001953125,7090.6298828125,7094.2900390625,7050.009765625,2428560000,7090.6298828125
2019-02-25,7144.33984375,7115.43017578125,7161.72998046875,7111.77978515625,2399410000,7115.43017578125
2019-02-26,7098.97021484375,7123.22021484375,7144.64990234375,7087.14013671875,2305760000,7123.22021484375
2019-02-27,7095.75,7117.0,7125.77978515625,7045.41015625,2430790000,7117.0
2019-02-28,7093.2001953125,7097.52978515625,7125.919921875,7081.919921875,2676790000,7097.52978515625
2019-03-01,7152.080078125,7151.56982421875,7159.9599609375,7101.06982421875,2490920000,7151.56982421875
2019-03-04,7193.8798828125,7150.830078125,7205.93994140625,7073.39990234375,2582090000,7150.830078125
2019-03-05,7156.66015625,7156.7900390625,7178.2998046875,7120.68994140625,2166670000,7156.7900390625
2019-03-06,7156.240234375,7112.47021484375,7162.240234375,7104.5498046875,2256550000,7112.47021484375
2019-03-07,7089.6298828125,7026.8798828125,7097.91015625,7001.81005859375,2462690000,7026.8798828125
2019-03-08,6940.89990234375,7015.68994140625,7018.919921875,6940.72021484375,2260950000,7015.68994140625
2019-03-11,7050.0498046875,7164.02001953125,7166.93017578125,7049.56005859375,2248460000,7164.02001953125
2019-03-12,7176.22998046875,7201.27978515625,7219.41015625,7166.9501953125,2171620000,7201.27978515625
2019-03-13,7231.0498046875,7256.97998046875,7292.85986328125,7229.8798828125,2379260000,7256.97998046875
2019-03-14,7257.31005859375,7243.009765625,7267.93994140625,7240.9599609375,2198900000,7243.009765625
2019-03-15,7274.14013671875,7306.990234375,7331.2998046875,7265.6298828125,3451860000,7306.990234375
2019-03-18,7311.6298828125,7326.27978515625,7348.68994140625,7293.85009765625,2302140000,7326.27978515625
2019-03-19,7357.580078125,7349.27978515625,7390.2900390625,7321.93017578125,2457920000,7349.27978515625
2019-03-20,7348.990234375,7380.75,7422.75,7318.419921875,2464230000,7380.75
2019-03-21,7356.93994140625,7493.27001953125,7505.41015625,7356.93994140625,2502810000,7493.27001953125
2019-03-22,7458.43994140625,7326.06005859375,7482.35009765625,7323.52001953125,2504740000,7326.06005859375
2019-03-25,7299.93017578125,7316.9599609375,7342.509765625,7265.27978515625,2162490000,7316.9599609375
2019-03-26,7378.22998046875,7351.14990234375,7417.259765625,7314.3798828125,2080350000,7351.14990234375
2019-03-27,7364.47021484375,7308.18994140625,7376.990234375,7252.06005859375,2244070000,7308.18994140625
2019-03-28,7325.06005859375,7320.47021484375,7346.0400390625,7277.68994140625,1922150000,7320.47021484375
2019-03-29,7377.77001953125,7378.77001953125,7381.68994140625,7333.169921875,2311790000,7378.77001953125
2019-04-01,7450.81005859375,7478.419921875,7481.83984375,7422.43994140625,2230050000,7478.419921875
2019-04-02,7473.509765625,7499.64013671875,7507.0498046875,7461.509765625,2123250000,7499.64013671875
2019-04-03,7538.169921875,7544.97021484375,7589.68994140625,7520.39990234375,2509630000,7544.97021484375
2019-04-04,7542.16015625,7540.56982421875,7571.1298828125,7496.2998046875,2152640000,7540.56982421875
2019-04-05,7564.27001953125,7578.83984375,7581.89990234375,7554.91015625,2157050000,7578.83984375
2019-04-08,7565.06005859375,7599.740234375,7602.080078125,7536.419921875,2075550000,7599.740234375
2019-04-09,7571.8798828125,7568.490234375,7596.75,7555.6201171875,2078800000,7568.490234375
2019-04-10,7581.39013671875,7611.490234375,7613.41015625,7573.27978515625,2012290000,7611.490234375
2019-04-11,7621.39990234375,7594.89013671875,7621.39990234375,7580.7099609375,1969480000,7594.89013671875
2019-04-12,7624.14990234375,7628.14990234375,7630.52001953125,7596.56005859375,1968900000,7628.14990234375
2019-04-15,7630.60009765625,7629.1201171875,7636.7998046875,7578.5400390625,1827710000,7629.1201171875
2019-04-16,7651.18994140625,7654.72998046875,7670.39990234375,7631.64013671875,2102740000,7654.72998046875
2019-04-17,7705.31982421875,7680.72021484375,7715.06982421875,7659.85009765625,2317330000,7680.72021484375
2019-04-18,7688.93017578125,7689.72021484375,7694.18017578125,7647.39990234375,2124630000,7689.72021484375
2019-04-22,7658.3701171875,7713.490234375,7715.330078125,7653.89013671875,1790990000,7713.490234375
2019-04-23,7724.169921875,7810.7099609375,7819.33984375,7719.08984375,2099410000,7810.7099609375
2019-04-24,7813.02001953125,7784.41015625,7827.0498046875,7783.58984375,2043310000,7784.41015625
2019-04-25,7850.7099609375,7816.919921875,7851.97021484375,7778.22998046875,2073370000,7816.919921875
2019-04-26,7791.14990234375,7826.68017578125,7826.89013671875,7742.60009765625,1982560000,7826.68017578125
2019-04-29,7825.64013671875,7839.0400390625,7851.85009765625,7812.97021484375,1781860000,7839.0400390625
2019-04-30,7769.2998046875,7781.4599609375,7792.31982421875,7726.06982421875,2131850000,7781.4599609375
2019-05-01,7828.14013671875,7751.85009765625,7851.02978515625,7749.740234375,2273540000,7751.85009765625
2019-05-02,7751.64013671875,7724.06005859375,7791.509765625,7672.5400390625,2211530000,7724.06005859375
2019-05-03,7784.2900390625,7845.72998046875,7847.52001953125,7772.43994140625,2081080000,7845.72998046875
2019-05-06,7662.919921875,7794.08984375,7804.5400390625,7662.919921875,1979650000,7794.08984375
2019-05-07,7713.490234375,7640.14990234375,7743.06005859375,7572.60986328125,2397600000,7640.14990234375
2019-05-08,7623.31982421875,7617.5498046875,7678.81982421875,7593.75,2214680000,7617.5498046875
2019-05-09,7525.81005859375,7582.75,7605.02978515625,7472.7099609375,2549500000,7582.75
2019-05-10,7556.0400390625,7586.52978515625,7623.009765625,7426.75,2421470000,7586.52978515625
2019-05-13,7385.5498046875,7324.1298828125,7433.919921875,7303.64013671875,2484820000,7324.1298828125
2019-05-14,7366.64013671875,7401.8798828125,7449.02978515625,7337.93994140625,2103140000,7401.8798828125
2019-05-15,7354.81982421875,7503.25,7524.22021484375,7353.89990234375,2014080000,7503.25
2019-05-16,7509.91015625,7580.14013671875,7627.02978515625,7502.759765625,2168720000,7580.14013671875
2019-05-17,7513.14990234375,7503.68017578125,7605.669921875,7496.919921875,2176380000,7503.68017578125
2019-05-20,7391.72998046875,7376.7001953125,7424.58984375,7351.919921875,2130700000,7376.7001953125
2019-05-21,7442.31005859375,7451.02001953125,7472.7099609375,7417.06982421875,2000130000,7451.02001953125
2019-05-22,7413.83984375,7420.66015625,7458.10986328125,7410.7099609375,1884660000,7420.66015625
2019-05-23,7331.669921875,7307.93017578125,7337.47021484375,7261.4599609375,2270530000,7307.93017578125
2019-05-24,7353.97021484375,7300.9599609375,7371.2998046875,7294.10009765625,1685230000,7300.9599609375
2019-05-28,7321.27001953125,7278.3798828125,7362.2900390625,7274.7001953125,2378470000,7278.3798828125
2019-05-29,7222.5498046875,7216.85986328125,7254.2001953125,7176.669921875,2282120000,7216.85986328125
2019-05-30,7234.830078125,7245.39990234375,7262.77001953125,7204.419921875,1875180000,7245.39990234375
2019-05-31,7148.7099609375,7127.9599609375,7183.22998046875,7125.97021484375,2239420000,7127.9599609375
2019-06-03,7110.33984375,6978.02001953125,7126.43017578125,6936.68017578125,2580670000,6978.02001953125
2019-06-04,7056.18017578125,7166.75,7169.7900390625,7023.08984375,2374130000,7166.75
2019-06-05,7230.81005859375,7220.89990234375,7235.22998046875,7146.43017578125,2139290000,7220.89990234375
2019-06-06,7229.85986328125,7275.93017578125,7293.22021484375,7201.58984375,2093470000,7275.93017578125
2019-06-07,7315.330078125,7417.2900390625,7445.990234375,7309.009765625,2074120000,7417.2900390625
2019-06-10,7472.60009765625,7501.93017578125,7573.0,7468.169921875,2042340000,7501.93017578125
2019-06-11,7584.75,7513.85009765625,7595.56982421875,7489.990234375,2121150000,7513.85009765625
2019-06-12,7493.5498046875,7472.2900390625,7507.52001953125,7459.2001953125,1978930000,7472.2900390625
2019-06-13,7500.85009765625,7510.68017578125,7530.91015625,7487.08984375,1848360000,7510.68017578125
2019-06-14,7476.47021484375,7479.10986328125,7500.740234375,7454.8701171875,1808370000,7479.10986328125
2019-06-17,7500.27978515625,7526.52001953125,7546.990234375,7492.169921875,1950550000,7526.52001953125
2019-06-18,7606.60986328125,7635.39990234375,7689.080078125,7595.58984375,2250550000,7635.39990234375
2019-06-19,7652.52001953125,7667.740234375,7681.56005859375,7606.27978515625,2027520000,7667.740234375
2019-06-20,7770.169921875,7738.0498046875,7770.60986328125,7681.43017578125,2108250000,7738.0498046875
2019-06-21,7719.419921875,7728.77978515625,7772.52978515625,7708.25,2909540000,7728.77978515625
2019-06-24,7737.0,7723.02001953125,7746.68017578125,7720.77978515625,2073470000,7723.02001953125
2019-06-25,7720.91015625,7591.5400390625,7723.0400390625,7584.169921875,2132550000,7591.5400390625
2019-06-26,7642.919921875,7627.0498046875,7688.64013671875,7616.91015625,2122730000,7627.0498046875
2019-06-27,7656.68017578125,7657.0498046875,7672.97998046875,7636.72021484375,2083920000,7657.0498046875
2019-06-28,7674.52001953125,7671.080078125,7682.259765625,7639.4501953125,4101490000,7671.080078125
2019-07-01,7816.56005859375,7768.14013671875,7820.81005859375,7735.669921875,2219030000,7768.14013671875
2019-07-02,7763.02978515625,7799.81982421875,7800.47021484375,7746.009765625,1956590000,7799.81982421875
2019-07-03,7819.06005859375,7857.68994140625,7857.68994140625,7811.2900390625,1548240000,7857.68994140625
2019-07-05,7806.06982421875,7841.2998046875,7854.7099609375,7774.58984375,1690700000,7841.2998046875
2019-07-08,7790.4599609375,7785.7900390625,7841.2998046875,7756.10986328125,1957160000,7785.7900390625
2019-07-09,7748.2900390625,7826.85986328125,7833.93017578125,7748.22998046875,1871430000,7826.85986328125
2019-07-10,7869.72998046875,7903.39990234375,7923.93017578125,7858.68017578125,2066640000,7903.39990234375
2019-07-11,7918.64990234375,7896.77978515625,7934.60009765625,7873.16015625,1970690000,7896.77978515625
2019-07-12,7908.580078125,7943.240234375,7944.080078125,7900.39013671875,1835960000,7943.240234375
2019-07-15,7961.06982421875,7966.93017578125,7969.7900390625,7940.4501953125,1790770000,7966.93017578125
2019-07-16,7958.43994140625,7927.080078125,7965.759765625,7904.9501953125,1947010000,7927.080078125
2019-07-17,7927.91015625,7888.759765625,7941.10009765625,7887.97998046875,1887120000,7888.759765625
2019-07-18,7850.1201171875,7904.1298828125,7912.330078125,7827.490234375,2063790000,7904.1298828125
2019-07-19,7944.85986328125,7834.89990234375,7950.22021484375,7832.39013671875,1893050000,7834.89990234375
2019-07-22,7862.3798828125,7905.1201171875,7918.47021484375,7862.27001953125,1860440000,7905.1201171875
2019-07-23,7946.0498046875,7954.56005859375,7955.08984375,7895.0498046875,1845050000,7954.56005859375
2019-07-24,7928.77978515625,8010.60986328125,8010.830078125,7926.990234375,1953670000,8010.60986328125
2019-07-25,7979.14013671875,7929.8701171875,7983.9599609375,7921.2099609375,2058090000,7929.8701171875
2019-07-26,7992.1298828125,8016.9501953125,8027.18017578125,7986.72021484375,1975110000,8016.9501953125
2019-07-29,8010.0498046875,7989.080078125,8010.0498046875,7939.97998046875,1882980000,7989.080078125
2019-07-30,7927.56005859375,7952.47021484375,7983.10986328125,7923.4501953125,1893610000,7952.47021484375
2019-07-31,7972.759765625,7848.77978515625,7979.2001953125,7774.93017578125,2679230000,7848.77978515625
2019-08-01,7866.60009765625,7801.14990234375,8000.93994140625,7769.02001953125,2815420000,7801.14990234375
2019-08-02,7740.91015625,7692.7998046875,7755.08984375,7645.18017578125,2262550000,7692.7998046875
2019-08-05,7510.02001953125,7415.68994140625,7528.89990234375,7356.27001953125,2661780000,7415.68994140625
2019-08-06,7492.02001953125,7521.31982421875,7541.740234375,7432.31005859375,2217620000,7521.31982421875
2019-08-07,7436.14013671875,7551.89990234375,7569.89990234375,7386.39013671875,2470170000,7551.89990234375
2019-08-08,7608.02978515625,7724.830078125,7726.4599609375,7576.81982421875,2442950000,7724.830078125
2019-08-09,7684.56005859375,7646.27001953125,7709.509765625,7591.14013671875,2221180000,7646.27001953125
2019-08-12,7597.18994140625,7561.68017578125,7623.43994140625,7528.9501953125,2068920000,7561.68017578125
2019-08-13,7553.43017578125,7728.14990234375,7778.33984375,7553.330078125,2353570000,7728.14990234375
2019-08-14,7594.64013671875,7490.1298828125,7621.7001953125,7480.580078125,2543670000,7490.1298828125
2019-08-15,7503.14013671875,7484.89013671875,7523.5,7429.35986328125,2190810000,7484.89013671875
2019-08-16,7548.89990234375,7604.10986328125,7622.72998046875,7548.89990234375,2018710000,7604.10986328125
2019-08-19,7715.41015625,7719.31982421875,7740.740234375,7604.10986328125,1946440000,7719.31982421875
2019-08-20,7708.31005859375,7664.47021484375,7731.31005859375,7664.2099609375,1750730000,7664.47021484375
2019-08-21,7731.75,7733.22021484375,7754.66015625,7706.56982421875,1721410000,7733.22021484375
2019-08-22,7750.97998046875,7707.43017578125,7764.7900390625,7649.27978515625,1780760000,7707.43017578125
2019-08-23,7658.47998046875,7464.990234375,7722.43017578125,7442.93017578125,2214370000,7464.990234375
2019-08-26,7540.68994140625,7575.02001953125,7577.77001953125,7506.169921875,1691990000,7575.02001953125
2019-08-27,7630.4599609375,7566.02978515625,7640.68017578125,7531.9599609375,1914930000,7566.02978515625
2019-08-28,7536.7001953125,7587.89990234375,7598.14990234375,7500.22021484375,1663450000,7587.89990234375
2019-08-29,7678.68994140625,7702.31005859375,7723.93994140625,7654.31005859375,1703760000,7702.31005859375
2019-08-30,7743.22998046875,7691.0,7747.080078125,7642.89990234375,1668110000,7691.0
2019-09-03,7634.02978515625,7609.509765625,7670.169921875,7584.81982421875,1938780000,7609.509765625
2019-09-04,7683.77978515625,7719.25,7724.91015625,7663.64013671875,1893740000,7719.25
2019-09-05,7803.4501953125,7862.5400390625,7879.97021484375,7803.4501953125,2108700000,7862.5400390625
2019-09-06,7868.8701171875,7852.5400390625,7874.990234375,7835.89013671875,1878730000,7852.5400390625
2019-09-09,7876.39990234375,7832.39990234375,7877.41015625,7795.85986328125,2186660000,7832.39990234375
2019-09-10,7793.27978515625,7814.740234375,7817.580078125,7743.60986328125,2366080000,7814.740234375
2019-09-11,7820.7099609375,7887.580078125,7888.33984375,7812.06982421875,2322610000,7887.580078125
2019-09-12,7931.9599609375,7917.33984375,7975.330078125,7907.330078125,2228100000,7917.33984375
2019-09-13,7903.72998046875,7892.9501953125,7923.41015625,7879.58984375,1984570000,7892.9501953125
2019-09-16,7833.72998046875,7852.41015625,7868.740234375,7831.759765625,1876540000,7852.41015625
2019-09-17,7849.8798828125,7888.7900390625,7891.2099609375,7840.990234375,1857350000,7888.7900390625
2019-09-18,7877.580078125,7888.56005859375,7891.169921875,7791.580078125,2045590000,7888.56005859375
2019-09-19,7904.39013671875,7901.7900390625,7950.2099609375,7888.31005859375,1818430000,7901.7900390625
2019-09-20,7901.4599609375,7823.5498046875,7920.52978515625,7794.27001953125,3363230000,7823.5498046875
2019-09-23,7815.22998046875,7818.60986328125,7842.97998046875,7790.2900390625,1781750000,7818.60986328125
2019-09-24,7855.97021484375,7710.0400390625,7873.25,7684.7998046875,2310940000,7710.0400390625
2019-09-25,7706.5,7803.5400390625,7822.43017578125,7647.6298828125,2022080000,7803.5400390625
2019-09-26,7794.27978515625,7771.990234375,7798.1201171875,7718.68994140625,1886310000,7771.990234375
2019-09-27,7786.02978515625,7681.580078125,7790.7998046875,7626.81982421875,2041250000,7681.580078125
2019-09-30,7705.97021484375,7749.4501953125,7761.83984375,7693.490234375,1809050000,7749.4501953125
2019-10-01,7782.81982421875,7684.14013671875,7821.72021484375,7675.419921875,2250500000,7684.14013671875
2019-10-02,7627.58984375,7550.7900390625,7631.33984375,7513.68994140625,2503630000,7550.7900390625
2019-10-03,7557.18994140625,7638.39013671875,7640.419921875,7463.56982421875,2157220000,7638.39013671875
2019-10-04,7677.330078125,7754.10009765625,7759.35986328125,7670.919921875,1748000000,7754.10009765625
2019-10-07,7725.68017578125,7725.1298828125,7784.7900390625,7712.68017578125,1759580000,7725.1298828125
2019-10-08,7671.3798828125,7604.27001953125,7707.169921875,7603.759765625,1943700000,7604.27001953125
2019-10-09,7678.66015625,7690.52978515625,7717.93994140625,7655.47998046875,1563500000,7690.52978515625
2019-10-10,7688.419921875,7740.35986328125,7772.68017578125,7682.60986328125,1793470000,7740.35986328125
2019-10-11,7835.93017578125,7843.8798828125,7904.0498046875,7831.10986328125,2184790000,7843.8798828125
2019-10-14,7834.740234375,7842.330078125,7865.669921875,7827.16015625,1423700000,7842.330078125
2019-10-15,7867.9599609375,7942.85009765625,7960.14013671875,7863.64990234375,1841660000,7942.85009765625
2019-10-16,7911.990234375,7920.2099609375,7941.759765625,7898.31005859375,1900010000,7920.2099609375
2019-10-17,7976.64013671875,7942.14013671875,7981.14013671875,7914.93994140625,1864020000,7942.14013671875
2019-10-18,7938.2998046875,7868.490234375,7946.81005859375,7829.75,2020020000,7868.490234375
2019-10-21,7911.580078125,7940.330078125,7941.47998046875,7887.740234375,1756640000,7940.330078125
2019-10-22,7968.25,7874.6201171875,7977.009765625,7871.97998046875,1850870000,7874.6201171875
2019-10-23,7858.47998046875,7889.47021484375,7890.2099609375,7845.08984375,1822180000,7889.47021484375
2019-10-24,7956.22998046875,7966.72021484375,7969.66015625,7912.72021484375,1893620000,7966.72021484375
2019-10-25,7926.60009765625,8029.22021484375,8033.2900390625,7926.60009765625,1911580000,8029.22021484375
2019-10-28,8071.39013671875,8110.669921875,8119.72998046875,8070.89990234375,1959920000,8110.669921875
2019-10-29,8101.5498046875,8047.509765625,8108.60986328125,8045.64013671875,1842720000,8047.509765625
2019-10-30,8056.89990234375,8083.10986328125,8096.330078125,8017.919921875,1936060000,8083.10986328125
2019-10-31,8100.6201171875,8083.830078125,8110.43994140625,8041.64990234375,2276140000,8083.830078125
2019-11-01,8121.9501953125,8161.169921875,8161.97998046875,8111.72998046875,2071350000,8161.169921875
2019-11-04,8218.9296875,8210.66015625,8228.330078125,8197.3203125,2166830000,8210.66015625
2019-11-05,8225.349609375,8210.1796875,8229.08984375,8191.0498046875,2327420000,8210.1796875
2019-11-06,8204.33984375,8196.0302734375,8204.33984375,8157.35986328125,2342570000,8196.0302734375
2019-11-07,8237.6796875,8219.650390625,8271.8203125,8198.91015625,2403680000,8219.650390625
2019-11-08,8208.3701171875,8255.8896484375,8256.2900390625,8186.31005859375,1982140000,8255.8896484375
2019-11-11,8212.3701171875,8241.91015625,8245.8896484375,8202.3603515625,1719300000,8241.91015625
2019-11-12,8249.6201171875,8263.7900390625,8293.1796875,8238.330078125,2001440000,8263.7900390625
2019-11-13,8235.6796875,8259.8095703125,8274.6103515625,8233.3798828125,2180010000,8259.8095703125
2019-11-14,8238.849609375,8257.830078125,8264.9404296875,8212.58984375,2113840000,8257.830078125
2019-11-15,8303.83984375,8315.51953125,8315.900390625,8284.2001953125,2199480000,8315.51953125
2019-11-18,8303.2197265625,8328.48046875,8340.41015625,8274.6796875,2053260000,8328.48046875
2019-11-19,8357.4296875,8338.740234375,8357.7998046875,8308.2802734375,2094030000,8338.740234375
2019-11-20,8315.5498046875,8283.75,8339.259765625,8226.25,2608780000,8283.75
2019-11-21,8273.9501953125,8265.6201171875,8282.330078125,8242.2197265625,2073720000,8265.6201171875
2019-11-22,8287.25,8272.0498046875,8292.1103515625,8229.490234375,1885730000,8272.0498046875
2019-11-25,8309.5498046875,8371.9296875,8372.8203125,8309.5498046875,2262750000,8371.9296875
2019-11-26,8374.259765625,8385.75,8398.0400390625,8364.1103515625,2439370000,8385.75
2019-11-27,8407.23046875,8444.7099609375,8445.6103515625,8399.6298828125,1748520000,8444.7099609375
2019-11-29,8422.01953125,8403.6796875,8435.9599609375,8402.1298828125,1099090000,8403.6796875
2019-12-02,8409.8701171875,8309.259765625,8409.8701171875,8274.6103515625,2240300000,8309.259765625
2019-12-03,8201.6298828125,8254.740234375,8258.400390625,8167.35986328125,2318760000,8254.740234375
2019-12-04,8291.8603515625,8296.5302734375,8316.4599609375,8285.8798828125,2158870000,8296.5302734375
2019-12-05,8321.1904296875,8308.400390625,8321.1904296875,8272.830078125,2133380000,8308.400390625
2019-12-06,8370.23046875,8397.3701171875,8405.849609375,8365.25,2057020000,8397.3701171875
2019-12-09,8388.75,8362.740234375,8425.76953125,8359.8701171875,2123870000,8362.740234375
2019-12-10,8364.5498046875,8354.2900390625,8392.8896484375,8339.3701171875,2058760000,8354.2900390625
2019-12-11,8371.650390625,8402.6103515625,8408.080078125,8361.3701171875,1982080000,8402.6103515625
2019-12-12,8391.919921875,8466.8896484375,8493.1103515625,8380.08984375,2396400000,8466.8896484375
2019-12-13,8461.419921875,8487.7099609375,8517.51953125,8441.8896484375,2219630000,8487.7099609375
2019-12-16,8544.26953125,8570.330078125,8584.7802734375,8542.419921875,2368050000,8570.330078125
2019-12-17,8586.330078125,8575.7001953125,8592.4501953125,8564.150390625,2382450000,8575.7001953125
2019-12-18,8587.2001953125,8580.6201171875,8608.099609375,8578.5595703125,2742330000,8580.6201171875
2019-12-19,8592.6796875,8641.2900390625,8642.740234375,8592.6796875,2446890000,8641.2900390625
2019-12-20,8666.5703125,8678.490234375,8687.66015625,8656.48046875,3830200000,8678.490234375
2019-12-23,8703.0595703125,8696.009765625,8710.900390625,8690.150390625,2028670000,8696.009765625
2019-12-24,8705.2998046875,8699.509765625,8708.2197265625,8684.1201171875,1014530000,8699.509765625
2019-12-26,8717.9501953125,8778.3095703125,8778.330078125,8716.0302734375,1639960000,8778.3095703125
2019-12-27,8805.8603515625,8770.98046875,8811.099609375,8749.8603515625,1833740000,8770.98046875
2019-12-30,8766.3896484375,8709.73046875,8768.2998046875,8671.919921875,2051320000,8709.73046875
2019-12-31,8681.330078125,8733.0703125,8735.4296875,8674.3798828125,2186830000,8733.0703125
2020-01-02,8802.2197265625,8872.2197265625,8873.6298828125,8786.900390625,2862700000,8872.2197265625
2020-01-03,8755.169921875,8793.900390625,8843.650390625,8755.169921875,2586520000,8793.900390625
2020-01-06,8713.8896484375,8848.51953125,8849.98046875,8713.8896484375,2810450000,8848.51953125
2020-01-07,8857.1396484375,8846.4501953125,8872.4697265625,8821.6796875,2381740000,8846.4501953125
2020-01-08,8845.4501953125,8912.3701171875,8953.5498046875,8834.9404296875,2472620000,8912.3701171875
2020-01-09,8990.0400390625,8989.6298828125,9004.5498046875,8938.5302734375,2540960000,8989.6298828125
2020-01-10,9021.8798828125,8966.6396484375,9024.8701171875,8951.830078125,2382900000,8966.6396484375
2020-01-13,9007.9404296875,9070.650390625,9071.5302734375,8991.349609375,2536820000,9070.650390625
2020-01-14,9068.01953125,9033.419921875,9080.16015625,9020.919921875,2553160000,9033.419921875
2020-01-15,9039.3095703125,9035.669921875,9078.8701171875,9008.9501953125,2443220000,9035.669921875
2020-01-16,9088.080078125,9125.0,9126.0703125,9066.3095703125,2312110000,9125.0
2020-01-17,9159.48046875,9173.73046875,9176.4697265625,9118.98046875,2542540000,9173.73046875
2020-01-21,9145.6396484375,9166.6298828125,9187.419921875,9141.7802734375,2686610000,9166.6298828125
2020-01-22,9212.349609375,9188.580078125,9242.48046875,9179.26953125,2454580000,9188.580078125
2020-01-23,9186.1396484375,9216.98046875,9221.1298828125,9145.23046875,2465850000,9216.98046875
2020-01-24,9266.349609375,9141.4697265625,9272.3701171875,9101.4404296875,2622970000,9141.4697265625
2020-01-27,8913.16015625,8952.1796875,9001.4404296875,8910.9697265625,2593910000,8952.1796875
2020-01-28,9013.23046875,9090.9296875,9111.3203125,8994.2802734375,2169020000,9090.9296875
2020-01-29,9141.51953125,9101.6103515625,9153.080078125,9067.2900390625,2234620000,9101.6103515625
2020-01-30,9038.919921875,9136.08984375,9140.6904296875,9019.7197265625,2345370000,9136.08984375
2020-01-31,9169.91015625,8991.509765625,9170.2197265625,8961.58984375,2696090000,8991.509765625
2020-02-03,9033.51953125,9126.23046875,9148.5,9031.0703125,2427320000,9126.23046875
2020-02-04,9256.9404296875,9334.0595703125,9352.9599609375,9224.8603515625,2447340000,9334.0595703125
2020-02-05,9441.33984375,9367.48046875,9442.75,9311.8798828125,2470240000,9367.48046875
2020-02-06,9395.6904296875,9445.919921875,9448.7197265625,9357.8603515625,2313860000,9445.919921875
2020-02-07,9397.76953125,9401.099609375,9453.240234375,9376.91015625,2243720000,9401.099609375
2020-02-10,9373.2001953125,9516.83984375,9517.740234375,9373.2001953125,2187520000,9516.83984375
2020-02-11,9567.8095703125,9517.8603515625,9600.0498046875,9493.6298828125,2450070000,9517.8603515625
2020-02-12,9569.8203125,9613.2001953125,9615.91015625,9552.0302734375,2366510000,9613.2001953125
2020-02-13,9540.669921875,9595.7001953125,9636.41015625,9532.740234375,2254870000,9595.7001953125
2020-02-14,9613.8798828125,9623.580078125,9634.75,9583.080078125,2226720000,9623.580078125
2020-02-18,9567.2802734375,9629.7998046875,9647.7197265625,9567.2802734375,2279420000,9629.7998046875
2020-02-19,9683.9404296875,9718.73046875,9736.5703125,9676.0703125,2470860000,9718.73046875
2020-02-20,9696.66015625,9627.830078125,9714.23046875,9513.23046875,2745730000,9627.830078125
2020-02-21,9582.5400390625,9446.6904296875,9594.0,9406.3798828125,2750160000,9446.6904296875
2020-02-24,9055.2998046875,9079.6298828125,9194.91015625,9028.8701171875,3188590000,9079.6298828125
2020-02-25,9167.330078125,8834.8701171875,9183.7802734375,8807.1103515625,3595520000,8834.8701171875
2020-02-26,8883.009765625,8873.759765625,9032.8798828125,8813.919921875,3587950000,8873.759765625
2020-02-27,8632.5400390625,8436.669921875,8786.6796875,8430.5302734375,4559900000,8436.669921875
2020-02-28,8133.85009765625,8461.830078125,8490.4697265625,8133.85009765625,5320020000,8461.830078125
2020-03-02,8569.91015625,8877.98046875,8879.3896484375,8446.5,4249020000,8877.98046875
2020-03-03,8892.6796875,8594.490234375,9000.4599609375,8516.580078125,4336700000,8594.490234375
2020-03-04,8745.6396484375,8949.2802734375,8952.1103515625,8669.759765625,3634760000,8949.2802734375
2020-03-05,8713.1904296875,8671.66015625,8864.1904296875,8613.91015625,3763860000,8671.66015625
2020-03-06,8395.9501953125,8530.33984375,8571.8798828125,8319.900390625,4292730000,8530.33984375
2020-03-09,7912.14013671875,7948.02978515625,8241.76953125,7912.14013671875,4554110000,7948.02978515625
2020-03-10,8213.9697265625,8372.26953125,8376.4404296875,7942.1298828125,4447260000,8372.26953125
2020-03-11,8166.259765625,8006.1201171875,8224.73046875,7900.990234375,4302610000,8006.1201171875
2020-03-12,7452.759765625,7263.64990234375,7808.31005859375,7255.6201171875,5099350000,7263.64990234375
2020-03-13,7683.0400390625,7995.259765625,7998.509765625,7301.8798828125,4701070000,7995.259765625
2020-03-16,7502.259765625,7020.3798828125,7563.4501953125,6993.60986328125,4618120000,7020.3798828125
2020-03-17,7198.52978515625,7473.9501953125,7550.1298828125,6959.14990234375,4920210000,7473.9501953125
2020-03-18,7023.85986328125,7175.18017578125,7336.8798828125,6837.52978515625,4935000000,7175.18017578125
2020-03-19,7190.2099609375,7288.52001953125,7514.14013671875,7037.47021484375,4778490000,7288.52001953125
2020-03-20,7391.22021484375,6994.2900390625,7487.830078125,6969.77001953125,5260300000,6994.2900390625
2020-03-23,6952.7099609375,7006.919921875,7145.2900390625,6771.91015625,4348410000,7006.919921875
2020-03-24,7349.0,7553.830078125,7555.91015625,7304.39013671875,4441080000,7553.830078125
2020-03-25,7543.9599609375,7469.6201171875,7777.60986328125,7390.41015625,4683630000,7469.6201171875
2020-03-26,7549.830078125,7897.1298828125,7913.10986328125,7549.830078125,4014670000,7897.1298828125
2020-03-27,7657.43994140625,7588.3701171875,7817.740234375,7580.22021484375,3989120000,7588.3701171875
2020-03-30,7678.830078125,7889.009765625,7902.08984375,7651.43017578125,3870770000,7889.009765625
2020-03-31,7855.740234375,7813.5,8011.60009765625,7765.4599609375,4078960000,7813.5
2020-04-01,7582.77978515625,7486.2900390625,7701.68017578125,7423.97021484375,3700040000,7486.2900390625
2020-04-02,7445.8798828125,7635.66015625,7641.8701171875,7432.27978515625,3622170000,7635.66015625
2020-04-03,7631.56982421875,7528.10986328125,7673.490234375,7439.77978515625,3294260000,7528.10986328125
2020-04-06,7819.06005859375,8081.66015625,8110.66015625,7763.08984375,3849130000,8081.66015625
2020-04-07,8287.48046875,8049.31005859375,8305.58984375,8043.06982421875,4085960000,8049.31005859375
2020-04-08,8134.2998046875,8229.5400390625,8254.41015625,8058.41015625,3487440000,8229.5400390625
2020-04-09,8284.3095703125,8238.5302734375,8334.23046875,8167.93017578125,4145460000,8238.5302734375
2020-04-13,8209.6796875,8332.740234375,8338.150390625,8158.580078125,3184660000,8332.740234375
2020-04-14,8489.26953125,8692.16015625,8708.5498046875,8470.740234375,3767410000,8692.16015625
2020-04-15,8548.4697265625,8591.9599609375,8666.240234375,8500.5595703125,3347920000,8591.9599609375
2020-04-16,8689.08984375,8757.830078125,8793.349609375,8605.509765625,4057800000,8757.830078125
2020-04-17,8876.66015625,8832.41015625,8879.240234375,8704.3798828125,4348310000,8832.41015625
2020-04-20,8742.5400390625,8726.509765625,8855.1796875,8725.330078125,3827370000,8726.509765625
2020-04-21,8639.740234375,8403.0,8663.08984375,8359.83984375,3788180000,8403.0
2020-04-22,8575.5703125,8664.6396484375,8708.48046875,8550.6103515625,3041520000,8664.6396484375
2020-04-23,8693.73046875,8641.5,8796.490234375,8624.6298828125,3759890000,8641.5
2020-04-24,8666.5703125,8786.599609375,8791.3603515625,8599.990234375,3696020000,8786.599609375
2020-04-27,8865.580078125,8837.66015625,8887.6201171875,8803.8896484375,3694980000,8837.66015625
2020-04-28,8913.2802734375,8677.599609375,8918.3798828125,8668.669921875,3730350000,8677.599609375
2020-04-29,8871.0400390625,8982.759765625,9025.8203125,8832.0,4407140000,8982.759765625
2020-04-30,9005.240234375,9000.509765625,9023.0302734375,8920.419921875,4335660000,9000.509765625
2020-05-01,8791.8798828125,8718.1796875,8887.580078125,8688.580078125,3741300000,8718.1796875
2020-05-04,8683.9404296875,8834.1103515625,8840.330078125,8665.400390625,3443140000,8834.1103515625
2020-05-05,8922.3896484375,8930.6201171875,9031.0,8900.5703125,3933550000,8930.6201171875
2020-05-06,8997.01953125,8984.8603515625,9065.580078125,8950.8896484375,3656750000,8984.8603515625
2020-05-07,9104.669921875,9101.8798828125,9136.1796875,9045.23046875,3787220000,9101.8798828125
2020-05-08,9165.7001953125,9220.349609375,9224.490234375,9126.9697265625,3813630000,9220.349609375
2020-05-11,9155.2099609375,9298.919921875,9346.26953125,9155.2099609375,3925450000,9298.919921875
2020-05-12,9326.0595703125,9112.4501953125,9354.4501953125,9109.08984375,4336510000,9112.4501953125
2020-05-13,9123.6904296875,9000.080078125,9209.490234375,8890.16015625,4273210000,9000.080078125
2020-05-14,8946.4501953125,9094.419921875,9097.75,8860.76953125,3965970000,9094.419921875
2020-05-15,8976.2900390625,9152.6396484375,9157.4599609375,8958.080078125,4240690000,9152.6396484375
2020-05-18,9281.3603515625,9331.9296875,9367.5400390625,9248.7802734375,4341820000,9331.9296875
2020-05-19,9326.2802734375,9298.5400390625,9422.900390625,9296.25,4193550000,9298.5400390625
2020-05-20,9415.25,9485.01953125,9498.2802734375,9412.830078125,4315500000,9485.01953125
2020-05-21,9487.6298828125,9377.990234375,9515.0498046875,9361.830078125,3745270000,9377.990234375
2020-05-22,9363.669921875,9413.990234375,9421.9296875,9325.0703125,3668070000,9413.990234375
2020-05-26,9570.5302734375,9389.98046875,9570.5302734375,9379.900390625,4448950000,9389.98046875
2020-05-27,9366.6298828125,9442.0498046875,9445.0595703125,9182.4501953125,4489110000,9442.0498046875
2020-05-28,9404.830078125,9416.7099609375,9568.8896484375,9391.83984375,4113660000,9416.7099609375
2020-05-29,9440.6396484375,9555.5302734375,9573.5498046875,9379.9296875,4742290000,9555.5302734375
2020-06-01,9526.4296875,9598.8896484375,9609.3798828125,9515.33984375,3847770000,9598.8896484375
2020-06-02,9603.1796875,9657.3095703125,9660.080078125,9511.8798828125,3990080000,9657.3095703125
2020-06-03,9689.7197265625,9704.6904296875,9729.6904296875,9648.9296875,4679030000,9704.6904296875
2020-06-04,9672.169921875,9629.66015625,9741.9697265625,9577.7099609375,6141320000,9629.66015625
2020-06-05,9673.08984375,9824.3896484375,9846.6298828125,9659.4501953125,6607730000,9824.3896484375
2020-06-08,9805.6904296875,9901.51953125,9904.51953125,9753.8701171875,6197330000,9901.51953125
2020-06-09,9861.1796875,9967.169921875,10006.900390625,9859.0,5319450000,9967.169921875
2020-06-10,10037.98046875,10094.259765625,10155.2001953125,10022.4404296875,5170860000,10094.259765625
2020-06-11,9907.5595703125,9588.48046875,9978.1904296875,9586.25,5300850000,9588.48046875
2020-06-12,9785.580078125,9663.7802734375,9849.009765625,9499.08984375,4388990000,9663.7802734375
2020-06-15,9517.1396484375,9776.8896484375,9809.41015625,9489.580078125,4476010000,9776.8896484375
2020-06-16,9983.650390625,9949.3701171875,10010.8896484375,9801.4501953125,4669320000,9949.3701171875
2020-06-17,9998.8603515625,9982.48046875,10058.650390625,9952.5,4279700000,9982.48046875
2020-06-18,9972.349609375,10012.0498046875,10018.5595703125,9942.1103515625,4335320000,10012.0498046875
2020-06-19,10104.6298828125,10008.6396484375,10121.669921875,9937.8095703125,6093830000,10008.6396484375
2020-06-22,10009.0,10130.330078125,10134.6396484375,9989.490234375,4506960000,10130.330078125
2020-06-23,10192.419921875,10209.8203125,10306.900390625,10172.0703125,5755170000,10209.8203125
2020-06-24,10183.76953125,10002.7001953125,10232.419921875,9943.240234375,5589130000,10002.7001953125
2020-06-25,10003.5,10101.830078125,10110.2900390625,9901.2099609375,4779640000,10101.830078125
2020-06-26,10087.080078125,9849.3603515625,10093.98046875,9837.740234375,7309380000,9849.3603515625
2020-06-29,9850.5498046875,9961.16015625,9965.080078125,9742.8896484375,4336290000,9961.16015625
2020-06-30,9970.2099609375,10156.849609375,10185.349609375,9956.830078125,4510190000,10156.849609375
2020-07-01,10160.41015625,10279.25,10321.76953125,10142.75,4624430000,10279.25
2020-07-02,10386.3798828125,10341.8896484375,10432.5498046875,10328.7802734375,4038920000,10341.8896484375
2020-07-06,10487.7001953125,10604.0595703125,10625.099609375,10485.8203125,4570260000,10604.0595703125
2020-07-07,10595.9404296875,10524.009765625,10704.9296875,10516.6298828125,4337130000,10524.009765625
2020-07-08,10594.41015625,10666.7001953125,10669.1298828125,10528.8203125,4030210000,10666.7001953125
2020-07-09,10745.8701171875,10754.58984375,10785.9599609375,10574.9697265625,4013180000,10754.58984375
2020-07-10,10751.76953125,10836.330078125,10842.7802734375,10639.48046875,3537510000,10836.330078125
2020-07-13,10951.5400390625,10602.2099609375,11069.259765625,10574.5595703125,4851880000,10602.2099609375
2020-07-14,10502.849609375,10689.51953125,10701.8798828125,10370.7900390625,4461770000,10689.51953125
2020-07-15,10752.1103515625,10701.6796875,10780.400390625,10570.9599609375,4647070000,10701.6796875
2020-07-16,10589.8603515625,10626.4599609375,10658.900390625,10495.08984375,4277760000,10626.4599609375
2020-07-17,10651.599609375,10645.2197265625,10680.7001953125,10558.7802734375,4361480000,10645.2197265625
2020-07-20,10672.9599609375,10952.080078125,10971.51953125,10621.900390625,4314630000,10952.080078125
2020-07-21,11015.5400390625,10833.0703125,11017.4296875,10800.8701171875,5350750000,10833.0703125
2020-07-22,10850.919921875,10870.75,10910.240234375,10776.240234375,4128960000,10870.75
2020-07-23,10853.16015625,10580.58984375,10885.3798828125,10531.2197265625,4501540000,10580.58984375
2020-07-24,10389.5400390625,10483.1298828125,10543.419921875,10313.9404296875,4233390000,10483.1298828125
2020-07-27,10547.1103515625,10674.3798828125,10689.5498046875,10527.6396484375,4244570000,10674.3798828125
2020-07-28,10644.33984375,10532.5,10662.1904296875,10527.4296875,3894660000,10532.5
2020-07-29,10602.400390625,10662.98046875,10694.8798828125,10587.2001953125,4009640000,10662.98046875
2020-07-30,10578.6298828125,10715.509765625,10737.0302734375,10531.7900390625,4185810000,10715.509765625
2020-07-31,10886.3603515625,10905.8798828125,10908.33984375,10707.400390625,4438730000,10905.8798828125
2020-08-03,11018.01953125,11055.080078125,11085.5,10997.669921875,4203890000,11055.080078125
2020-08-04,11048.5,11096.5400390625,11097.849609375,11002.5498046875,4016520000,11096.5400390625
2020-08-05,11107.240234375,11125.4404296875,11141.6904296875,11077.7001953125,4160740000,11125.4404296875
2020-08-06,11116.490234375,11267.080078125,11282.240234375,11090.5,4120000000,11267.080078125
2020-08-07,11235.240234375,11139.3896484375,11276.2998046875,11044.599609375,4263930000,11139.3896484375
2020-08-10,11153.509765625,11085.169921875,11159.3798828125,10941.8701171875,4048420000,11085.169921875
2020-08-11,11039.6796875,10876.080078125,11090.919921875,10855.0595703125,4331770000,10876.080078125
2020-08-12,10972.0703125,11157.7197265625,11190.259765625,10970.8701171875,3745230000,11157.7197265625
2020-08-13,11174.6396484375,11178.3701171875,11271.2197265625,11139.6396484375,3480470000,11178.3701171875
2020-08-14,11187.8203125,11164.4501953125,11213.26953125,11106.9296875,3514260000,11164.4501953125
2020-08-17,11231.9697265625,11288.5703125,11306.4697265625,11228.1396484375,3214870000,11288.5703125
2020-08-18,11339.759765625,11399.0302734375,11421.099609375,11279.080078125,3228590000,11399.0302734375
2020-08-19,11397.23046875,11318.6396484375,11440.2197265625,11303.400390625,3496480000,11318.6396484375
2020-08-20,11277.0498046875,11477.0498046875,11497.1796875,11268.4599609375,4215130000,11477.0498046875
2020-08-21,11476.849609375,11555.16015625,11574.7900390625,11461.5302734375,3929290000,11555.16015625
2020-08-24,11703.33984375,11626.169921875,11728.08984375,11535.5498046875,3907310000,11626.169921875
2020-08-25,11610.580078125,11721.8095703125,11723.9501953125,11580.8896484375,3475280000,11721.8095703125
2020-08-26,11779.349609375,11971.9404296875,11979.650390625,11768.0,3471520000,11971.9404296875
2020-08-27,11997.8896484375,11926.16015625,12047.990234375,11842.83984375,3547400000,11926.16015625
2020-08-28,11992.6796875,11995.849609375,12018.1396484375,11928.6904296875,3012980000,11995.849609375
2020-08-31,12017.4599609375,12110.7001953125,12167.4599609375,12000.1103515625,3612050000,12110.7001953125
2020-09-01,12203.3603515625,12292.8603515625,12300.4404296875,12132.7802734375,3511060000,12292.8603515625
2020-09-02,12417.4501953125,12420.5400390625,12439.48046875,12176.1796875,3982360000,12420.5400390625
2020-09-03,12195.75,11771.3701171875,12235.0,11662.1103515625,4465010000,11771.3701171875
2020-09-04,11686.240234375,11622.1298828125,11846.1796875,11145.990234375,4284440000,11622.1298828125
2020-09-08,11143.91015625,11068.259765625,11400.4599609375,11055.16015625,3905420000,11068.259765625
2020-09-09,11308.25,11395.849609375,11480.3701171875,11197.1298828125,3550660000,11395.849609375
2020-09-10,11501.4296875,11154.1201171875,11566.33984375,11095.9404296875,3840010000,11154.1201171875
2020-09-11,11251.1904296875,11087.400390625,11280.41015625,10945.2197265625,3630250000,11087.400390625
2020-09-14,11250.7998046875,11277.759765625,11363.25,11192.8203125,3737610000,11277.759765625
2020-09-15,11432.9404296875,11438.8701171875,11495.400390625,11367.2001953125,3786110000,11438.8701171875
2020-09-16,11467.900390625,11247.599609375,11486.08984375,11242.9599609375,3678020000,11247.599609375
2020-09-17,10965.740234375,11080.9501953125,11160.0400390625,10936.7998046875,3740110000,11080.9501953125
2020-09-18,11147.7998046875,10936.98046875,11153.9697265625,10769.400390625,5759090000,10936.98046875
2020-09-21,10768.009765625,10980.2197265625,10984.759765625,10677.849609375,3900970000,10980.2197265625
2020-09-22,11082.08984375,11186.3701171875,11207.080078125,10943.259765625,3515440000,11186.3701171875
2020-09-23,11167.2197265625,10833.330078125,11179.58984375,10806.0498046875,4097320000,10833.330078125
2020-09-24,10746.349609375,10896.4697265625,11026.4296875,10728.41015625,4086360000,10896.4697265625
2020-09-25,10910.5,11151.1298828125,11177.73046875,10851.6796875,3785270000,11151.1298828125
2020-09-28,11332.3203125,11364.4501953125,11369.400390625,11243.240234375,3591740000,11364.4501953125
2020-09-29,11354.7001953125,11322.9501953125,11396.2197265625,11305.7900390625,3389040000,11322.9501953125
2020-09-30,11328.5498046875,11418.0595703125,11535.009765625,11328.5498046875,4260630000,11418.0595703125
2020-10-01,11554.9599609375,11583.2001953125,11606.73046875,11488.599609375,4005900000,11583.2001953125
2020-10-02,11328.849609375,11255.6904296875,11479.080078125,11225.169921875,3731510000,11255.6904296875
2020-10-05,11345.240234375,11509.0595703125,11512.0595703125,11336.0703125,3623920000,11509.0595703125
2020-10-06,11476.6796875,11291.26953125,11536.419921875,11256.259765625,4390960000,11291.26953125
2020-10-07,11412.650390625,11503.1904296875,11519.5498046875,11382.48046875,3910770000,11503.1904296875
2020-10-08,11576.4404296875,11550.9404296875,11582.7802734375,11510.240234375,3507570000,11550.9404296875
2020-10-09,11615.5703125,11725.849609375,11727.599609375,11600.8603515625,3504230000,11725.849609375
2020-10-12,11900.1201171875,12088.1103515625,12204.75,11880.23046875,3885030000,12088.1103515625
2020-10-13,12131.0703125,12083.169921875,12187.7802734375,12032.75,3634130000,12083.169921875
2020-10-14,12105.099609375,11985.3603515625,12159.2099609375,11913.5703125,3410410000,11985.3603515625
2020-10-15,11767.26953125,11898.5703125,11928.6298828125,11765.490234375,3325270000,11898.5703125
2020-10-16,11952.1201171875,11852.169921875,12034.1298828125,11824.1396484375,3166980000,11852.169921875
2020-10-19,11913.009765625,11634.349609375,11962.4697265625,11606.48046875,3477410000,11634.349609375
2020-10-20,11679.080078125,11677.83984375,11801.400390625,11613.759765625,3510040000,11677.83984375
2020-10-21,11686.1904296875,11665.3701171875,11789.4599609375,11646.48046875,3467310000,11665.3701171875
2020-10-22,11712.6396484375,11662.91015625,11739.2197265625,11529.73046875,3434040000,11662.91015625
2020-10-23,11680.73046875,11692.5703125,11693.009765625,11569.08984375,3145570000,11692.5703125
2020-10-26,11584.169921875,11504.51953125,11708.080078125,11360.73046875,3205100000,11504.51953125
2020-10-27,11560.8603515625,11598.9501953125,11633.490234375,11503.099609375,3104770000,11598.9501953125
2020-10-28,11400.48046875,11142.759765625,11426.099609375,11136.099609375,3930690000,11142.759765625
2020-10-29,11214.330078125,11350.740234375,11467.3701171875,11187.080078125,3244190000,11350.740234375
2020-10-30,11265.7001953125,11052.9501953125,11293.759765625,10960.01953125,3671600000,11052.9501953125
2020-11-02,11152.48046875,11084.759765625,11222.51953125,10957.1103515625,3209000000,11084.759765625
2020-11-03,11155.849609375,11279.91015625,11356.080078125,11115.5498046875,3216580000,11279.91015625
2020-11-04,11627.759765625,11777.01953125,11846.4599609375,11564.91015625,3620760000,11777.01953125
2020-11-05,12021.76953125,12078.0703125,12117.0400390625,11977.0703125,3848160000,12078.0703125
2020-11-06,12044.2900390625,12091.349609375,12116.91015625,11895.5,4183220000,12091.349609375
2020-11-09,12194.7099609375,11830.3896484375,12268.66015625,11818.240234375,5863900000,11830.3896484375
2020-11-10,11704.4599609375,11624.2900390625,11761.9501953125,11512.4599609375,4736560000,11624.2900390625
2020-11-11,11734.8095703125,11892.9296875,11904.1298828125,11714.3203125,3854680000,11892.9296875
2020-11-12,11924.150390625,11827.1396484375,11976.8896484375,11786.08984375,3886670000,11827.1396484375
2020-11-13,11910.6201171875,11937.83984375,11957.08984375,11808.9501953125,3654230000,11937.83984375
2020-11-16,11925.3603515625,12013.3798828125,12035.5,11891.849609375,4172570000,12013.3798828125
2020-11-17,12030.26953125,11977.490234375,12047.1298828125,11964.2001953125,4145030000,11977.490234375
2020-11-18,11963.3603515625,11894.7099609375,12027.150390625,11892.5400390625,4731420000,11894.7099609375
2020-11-19,11863.1201171875,11985.4296875,12000.2900390625,11842.66015625,5385190000,11985.4296875
2020-11-20,11976.0,11906.4404296875,12017.419921875,11903.5703125,5350970000,11906.4404296875
2020-11-23,11959.8896484375,11905.9404296875,12001.830078125,11817.5302734375,5473250000,11905.9404296875
2020-11-24,11952.7001953125,12079.8095703125,12094.16015625,11878.3095703125,6339580000,12079.8095703125
2020-11-25,12112.1103515625,12152.2197265625,12174.990234375,12081.509765625,4448640000,12152.2197265625
2020-11-27,12220.3701171875,12258.2099609375,12306.7099609375,12214.4501953125,3401830000,12258.2099609375
2020-11-30,12278.7802734375,12268.3203125,12299.6103515625,12090.9296875,7760390000,12268.3203125
2020-12-01,12387.6201171875,12455.330078125,12510.01953125,12338.3603515625,6512420000,12455.330078125
2020-12-02,12390.580078125,12456.41015625,12472.25,12318.26953125,5194960000,12456.41015625
2020-12-03,12469.16015625,12467.1298828125,12538.919921875,12445.3603515625,5209980000,12467.1298828125
2020-12-04,12479.91015625,12528.48046875,12531.2099609375,12450.509765625,5086900000,12528.48046875
2020-12-07,12523.5703125,12596.4697265625,12610.0,12523.1201171875,4771820000,12596.4697265625
2020-12-08,12574.83984375,12635.7197265625,12651.349609375,12504.9697265625,4809480000,12635.7197265625
2020-12-09,12626.9697265625,12364.6396484375,12643.240234375,12311.2998046875,5168450000,12364.6396484375
2020-12-10,12268.4697265625,12401.740234375,12447.849609375,12226.1298828125,4518580000,12401.740234375
2020-12-11,12327.0703125,12375.41015625,12378.6103515625,12236.7998046875,4292680000,12375.41015625
2020-12-14,12427.8603515625,12462.2099609375,12544.3095703125,12426.25,4491930000,12462.2099609375
2020-12-15,12565.2802734375,12595.919921875,12596.83984375,12467.5703125,4423650000,12595.919921875
2020-12-16,12607.8701171875,12668.16015625,12698.1103515625,12568.7099609375,4592700000,12668.16015625
2020-12-17,12741.6396484375,12752.0595703125,12760.9697265625,12685.98046875,5029830000,12752.0595703125
2020-12-18,12786.919921875,12738.1796875,12793.4697265625,12611.2197265625,7125800000,12738.1796875
2020-12-21,12575.599609375,12690.259765625,12706.4404296875,12474.0302734375,5192860000,12690.259765625
2020-12-22,12715.48046875,12717.5595703125,12761.23046875,12606.419921875,5811850000,12717.5595703125
2020-12-23,12733.75,12653.1396484375,12737.58984375,12649.599609375,7100250000,12653.1396484375
2020-12-24,12668.2001953125,12711.009765625,12732.5498046875,12665.7998046875,3305960000,12711.009765625
2020-12-28,12813.9697265625,12838.8603515625,12861.91015625,12747.0498046875,5109140000,12838.8603515625
2020-12-29,12909.8603515625,12843.490234375,12925.5302734375,12816.58984375,4726920000,12843.490234375
2020-12-30,12900.0302734375,12845.3603515625,12917.4501953125,12828.7900390625,5343010000,12845.3603515625
2020-12-31,12852.9599609375,12888.2802734375,12904.08984375,12804.75,4815840000,12888.2802734375
2021-01-04,12950.2197265625,12694.66015625,12950.2197265625,12537.419921875,6636170000,12694.66015625
2021-01-05,12663.1298828125,12802.3798828125,12809.669921875,12663.1298828125,6971860000,12802.3798828125
2021-01-06,12601.259765625,12623.349609375,12803.2900390625,12569.419921875,7689880000,12623.349609375
2021-01-07,12745.41015625,12939.5703125,12966.6796875,12744.8203125,6841480000,12939.5703125
2021-01-08,13037.240234375,13105.2001953125,13113.08984375,12939.73046875,7289390000,13105.2001953125
2021-01-11,12961.5,12902.490234375,13023.2099609375,12883.58984375,6960470000,12902.490234375
2021-01-12,12916.099609375,12892.08984375,12957.4296875,12783.7099609375,7264070000,12892.08984375
2021-01-13,12911.8701171875,12973.6298828125,13008.849609375,12878.01953125,7104810000,12973.6298828125
2021-01-14,13010.9404296875,12898.6904296875,13037.0498046875,12886.16015625,6734100000,12898.6904296875
2021-01-15,12898.08984375,12803.9296875,12941.2900390625,12758.099609375,6458360000,12803.9296875
2021-01-19,12921.6103515625,12996.5400390625,13012.08984375,12861.2998046875,6297860000,12996.5400390625
2021-01-20,13155.1201171875,13296.4501953125,13332.259765625,13138.2998046875,6820990000,13296.4501953125
2021-01-21,13356.7001953125,13404.990234375,13433.6904296875,13297.7900390625,7258640000,13404.990234375
2021-01-22,13356.1796875,13366.400390625,13404.76953125,13336.900390625,5972750000,13366.400390625
2021-01-25,13515.6298828125,13483.2900390625,13563.7001953125,13205.58984375,7193710000,13483.2900390625
2021-01-26,13507.4697265625,13490.1904296875,13536.2998046875,13440.3203125,6849600000,13490.1904296875
2021-01-27,13371.16015625,13112.650390625,13393.509765625,13034.1396484375,11621190000,13112.650390625
2021-01-28,13163.3203125,13201.5302734375,13401.849609375,13150.099609375,9959270000,13201.5302734375
2021-01-29,13124.7001953125,12925.3798828125,13167.8701171875,12845.4296875,7872250000,12925.3798828125
2021-02-01,13067.650390625,13248.900390625,13280.2197265625,12983.099609375,7092520000,13248.900390625
2021-02-02,13371.3701171875,13456.1201171875,13501.23046875,13363.759765625,7325270000,13456.1201171875
2021-02-03,13555.0302734375,13402.3701171875,13561.4501953125,13400.080078125,7546940000,13402.3701171875
2021-02-04,13454.849609375,13560.8896484375,13563.1298828125,13406.4404296875,7295370000,13560.8896484375
2021-02-05,13592.76953125,13603.9599609375,13642.9599609375,13527.8095703125,6792910000,13603.9599609375
2021-02-08,13672.330078125,13695.01953125,13698.41015625,13607.9599609375,8564530000,13695.01953125
2021-02-09,13667.1396484375,13687.080078125,13741.7900390625,13664.7001953125,8766770000,13687.080078125
2021-02-10,13751.419921875,13655.26953125,13770.91015625,13531.9296875,10785930000,13655.26953125
2021-02-11,13723.6298828125,13734.349609375,13747.2001953125,13637.1904296875,10916780000,13734.349609375
2021-02-12,13695.900390625,13807.7001953125,13816.25,13656.7802734375,7416940000,13807.7001953125
2021-02-16,13841.0302734375,13773.76953125,13879.76953125,13726.7802734375,7722100000,13773.76953125
2021-02-17,13636.150390625,13699.7099609375,13713.1396484375,13552.66015625,7280500000,13699.7099609375
2021-02-18,13556.009765625,13637.509765625,13669.9404296875,13477.169921875,6499420000,13637.509765625
2021-02-19,13686.23046875,13580.7802734375,13701.6904296875,13545.4501953125,6737820000,13580.7802734375
2021-02-22,13414.0400390625,13223.740234375,13447.3701171875,13220.76953125,6483740000,13223.740234375
2021-02-23,12982.3603515625,13194.7099609375,13259.849609375,12758.1201171875,7516510000,13194.7099609375
2021-02-24,13095.8603515625,13302.1904296875,13312.4296875,12971.8203125,5886230000,13302.1904296875
2021-02-25,13197.75,12828.3095703125,13294.5595703125,12773.759765625,6390380000,12828.3095703125
2021-02-26,12958.9599609375,12909.4404296875,13090.3603515625,12764.33984375,5906110000,12909.4404296875
2021-03-01,13106.01953125,13282.9501953125,13293.7802734375,13051.7001953125,5079530000,13282.9501953125
2021-03-02,13297.759765625,13059.9501953125,13301.6201171875,13052.1201171875,4948140000,13059.9501953125
2021-03-03,13020.099609375,12683.330078125,13057.2900390625,12679.8896484375,5529980000,12683.330078125
2021-03-04,12655.919921875,12464.0,12799.080078125,12314.16015625,7864380000,12464.0
2021-03-05,12594.16015625,12668.509765625,12700.9599609375,12208.3896484375,7725200000,12668.509765625
2021-03-08,12629.5595703125,12299.080078125,12718.580078125,12287.5703125,6010230000,12299.080078125
2021-03-09,12635.4501953125,12794.490234375,12868.51953125,12592.830078125,6345560000,12794.490234375
2021-03-10,12950.25,12752.0703125,12979.3798828125,12726.849609375,6023880000,12752.0703125
2021-03-11,12960.5302734375,13052.900390625,13117.8603515625,12920.009765625,6008850000,13052.900390625
2021-03-12,12873.3896484375,12937.2900390625,12943.580078125,12778.1298828125,5497210000,12937.2900390625
2021-03-15,12936.1298828125,13082.5400390625,13085.009765625,12885.6396484375,5972370000,13082.5400390625
2021-03-16,13156.650390625,13152.2802734375,13297.48046875,13091.7802734375,5493890000,13152.2802734375
2021-03-17,13024.830078125,13202.3798828125,13280.2900390625,12950.080078125,5536110000,13202.3798828125
2021-03-18,13006.2900390625,12789.1396484375,13040.3603515625,12781.5302734375,5739720000,12789.1396484375
2021-03-19,12792.669921875,12866.990234375,12906.01953125,12704.0703125,7630590000,12866.990234375
2021-03-22,12943.1396484375,13086.509765625,13167.4599609375,12943.1396484375,5321760000,13086.509765625
2021-03-23,13127.169921875,13017.7900390625,13180.66015625,12993.5,5675010000,13017.7900390625
2021-03-24,13072.8203125,12798.8798828125,13077.490234375,12797.849609375,6248650000,12798.8798828125
2021-03-25,12707.580078125,12780.509765625,12845.66015625,12627.9296875,5634290000,12780.509765625
2021-03-26,12777.26953125,12979.1201171875,12992.2998046875,12721.66015625,5224360000,12979.1201171875
2021-03-29,12950.509765625,12965.740234375,13013.4697265625,12836.599609375,4965090000,12965.740234375
2021-03-30,12904.009765625,12896.5302734375,12929.4599609375,12798.0302734375,4721950000,12896.5302734375
2021-03-31,12970.330078125,13091.4404296875,13167.0595703125,12966.650390625,5004720000,13091.4404296875
2021-04-01,13268.8798828125,13329.51953125,13333.41015625,13255.8203125,4576480000,13329.51953125
2021-04-05,13434.0400390625,13598.16015625,13623.599609375,13420.8095703125,4459000000,13598.16015625
2021-04-06,13567.2001953125,13578.4599609375,13660.2900390625,13551.599609375,4073710000,13578.4599609375
2021-04-07,13553.900390625,13616.7001953125,13648.7998046875,13532.6298828125,4098740000,13616.7001953125
2021-04-08,13730.73046875,13758.509765625,13763.1796875,13703.509765625,4153600000,13758.509765625
2021-04-09,13709.669921875,13845.0595703125,13849.3095703125,13674.919921875,3926110000,13845.0595703125
2021-04-12,13792.740234375,13819.349609375,13839.3896484375,13747.6298828125,4250900000,13819.349609375
2021-04-13,13874.580078125,13986.490234375,14002.5302734375,13874.580078125,4219360000,13986.490234375
2021-04-14,13988.8603515625,13803.91015625,13990.5400390625,13782.1796875,4120770000,13803.91015625
2021-04-15,13934.8701171875,14026.1904296875,14040.1103515625,13931.009765625,4406880000,14026.1904296875
2021-04-16,14035.9599609375,14041.91015625,14050.3798828125,13966.5400390625,4427780000,14041.91015625
2021-04-19,13970.830078125,13907.669921875,14025.6396484375,13835.75,4379610000,13907.669921875
2021-04-20,13891.9599609375,13809.2998046875,13934.8896484375,13730.58984375,4245120000,13809.2998046875
2021-04-21,13768.919921875,13935.150390625,13939.7001953125,13717.4404296875,3999620000,13935.150390625
2021-04-22,13920.8798828125,13762.3603515625,13954.0302734375,13716.759765625,4420820000,13762.3603515625
2021-04-23,13794.490234375,13941.4404296875,13989.4296875,13789.4501953125,4355100000,13941.4404296875
2021-04-26,13954.9404296875,14026.16015625,14039.400390625,13919.9296875,4506210000,14026.16015625
2021-04-27,14048.1298828125,13960.2802734375,14048.33984375,13931.1796875,4691460000,13960.2802734375
2021-04-28,13953.6103515625,13901.6201171875,13992.080078125,13895.150390625,4559710000,13901.6201171875
2021-04-29,14063.9404296875,13970.2001953125,14073.48046875,13836.099609375,4928030000,13970.2001953125
2021-04-30,13857.7900390625,13860.759765625,13969.2099609375,13838.8203125,4792460000,13860.759765625
2021-05-03,13923.0400390625,13799.7197265625,13955.0,13784.66015625,4761430000,13799.7197265625
2021-05-04,13680.6298828125,13544.669921875,13705.3798828125,13396.1103515625,5879730000,13544.669921875
2021-05-05,13649.1201171875,13503.3701171875,13676.8603515625,13478.580078125,4535690000,13503.3701171875
2021-05-06,13490.9404296875,13613.73046875,13617.33984375,13403.4599609375,5021400000,13613.73046875
2021-05-07,13715.5595703125,13719.6298828125,13814.650390625,13669.7802734375,4391100000,13719.6298828125
2021-05-10,13647.73046875,13359.080078125,13648.490234375,13358.6201171875,4818670000,13359.080078125
2021-05-11,13102.6396484375,13351.26953125,13381.66015625,13094.759765625,4738390000,13351.26953125
2021-05-12,13155.0703125,13001.6298828125,13236.8896484375,12967.1796875,4752930000,13001.6298828125
2021-05-13,13133.73046875,13109.150390625,13226.6396484375,13006.76953125,4698110000,13109.150390625
2021-05-14,13238.990234375,13393.1201171875,13430.0,13220.1904296875,4022610000,13393.1201171875
2021-05-17,13329.8603515625,13312.91015625,13350.1396484375,13196.5703125,3997780000,13312.91015625
2021-05-18,13352.259765625,13217.6796875,13400.51953125,13212.849609375,4301300000,13217.6796875
2021-05-19,12998.5302734375,13237.91015625,13243.98046875,12994.349609375,4333520000,13237.91015625
2021-05-20,13294.58984375,13494.08984375,13526.009765625,13293.099609375,3990760000,13494.08984375
2021-05-21,13573.2197265625,13411.740234375,13573.83984375,13401.5302734375,3733940000,13411.740234375
2021-05-24,13504.3896484375,13641.75,13687.6103515625,13500.1201171875,3509470000,13641.75
2021-05-25,13701.2998046875,13657.73046875,13734.41015625,13614.5400390625,4128990000,13657.73046875
2021-05-26,13687.7099609375,13702.740234375,13726.0595703125,13661.0595703125,4264500000,13702.740234375
2021-05-27,13686.8603515625,13657.849609375,13724.759765625,13652.1298828125,5087180000,13657.849609375
2021-05-28,13717.0,13686.509765625,13765.7998046875,13684.830078125,4447940000,13686.509765625
2021-06-01,13764.26953125,13654.58984375,13773.4501953125,13602.1201171875,4186280000,13654.58984375
2021-06-02,13655.7099609375,13675.7900390625,13712.6796875,13610.16015625,5097630000,13675.7900390625
2021-06-03,13568.91015625,13529.6796875,13608.5400390625,13469.849609375,5396250000,13529.6796875
2021-06-04,13619.7900390625,13770.76953125,13784.76953125,13613.580078125,4360710000,13770.76953125
2021-06-07,13744.150390625,13802.8896484375,13808.419921875,13710.1103515625,4639210000,13802.8896484375
2021-06-08,13873.4599609375,13810.8603515625,13913.400390625,13746.419921875,5958410000,13810.8603515625
2021-06-09,13865.509765625,13814.9404296875,13900.7099609375,13811.0498046875,5640490000,13814.9404296875
2021-06-10,13834.259765625,13960.349609375,13962.98046875,13817.830078125,4919880000,13960.349609375
2021-06-11,13959.4697265625,13998.2998046875,13998.650390625,13934.0,4157580000,13998.2998046875
2021-06-14,14002.1396484375,14128.2001953125,14129.330078125,13963.9404296875,4415160000,14128.2001953125
2021-06-15,14120.8095703125,14030.41015625,14126.259765625,14008.9296875,4554580000,14030.41015625
2021-06-16,14053.1201171875,13983.009765625,14100.1103515625,13843.599609375,4683030000,13983.009765625
2021-06-17,13946.7001953125,14163.8095703125,14205.4296875,13946.51953125,4558280000,14163.8095703125
2021-06-18,14125.1201171875,14049.580078125,14140.6201171875,14024.599609375,6126070000,14049.580078125
2021-06-21,14055.0400390625,14137.23046875,14150.91015625,13967.8896484375,4562010000,14137.23046875
2021-06-22,14140.2998046875,14270.419921875,14288.490234375,14128.009765625,4433140000,14270.419921875
2021-06-23,14275.08984375,14274.240234375,14324.740234375,14247.580078125,4417470000,14274.240234375
2021-06-24,14358.2998046875,14365.9599609375,14429.1396484375,14337.650390625,4324620000,14365.9599609375
2021-06-25,14396.6298828125,14345.1796875,14401.7099609375,14324.259765625,7468090000,14345.1796875
2021-06-28,14401.6298828125,14524.98046875,14530.0703125,14400.58984375,4283000000,14524.98046875
2021-06-29,14523.6298828125,14572.75,14575.1904296875,14481.849609375,4901300000,14572.75
2021-06-30,14560.0703125,14554.7998046875,14582.2998046875,14530.8701171875,5293810000,14554.7998046875
2021-07-01,14530.6298828125,14560.0498046875,14576.6396484375,14483.419921875,4410470000,14560.0498046875
2021-07-02,14633.509765625,14727.6298828125,14738.1396484375,14626.8203125,3751420000,14727.6298828125
2021-07-06,14755.150390625,14786.3603515625,14797.4501953125,14635.3095703125,4489540000,14786.3603515625
2021-07-07,14889.759765625,14810.5400390625,14891.1904296875,14735.75,4605630000,14810.5400390625
2021-07-08,14577.669921875,14722.1396484375,14763.669921875,14551.759765625,4575010000,14722.1396484375
2021-07-09,14709.3203125,14826.08984375,14838.7197265625,14685.5400390625,3826500000,14826.08984375
2021-07-12,14878.7099609375,14877.8896484375,14899.4599609375,14813.7900390625,3897090000,14877.8896484375
2021-07-13,14871.0400390625,14874.5400390625,15002.2802734375,14843.7998046875,4583460000,14874.5400390625
2021-07-14,14984.8603515625,14900.4404296875,15001.1298828125,14871.73046875,4496220000,14900.4404296875
2021-07-15,14903.490234375,14794.6904296875,14907.509765625,14717.5498046875,4512550000,14794.6904296875
2021-07-16,14842.080078125,14681.3798828125,14875.9697265625,14667.099609375,4069530000,14681.3798828125
2021-07-19,14517.9599609375,14549.08984375,14578.9599609375,14455.0703125,4537130000,14549.08984375
2021-07-20,14601.33984375,14728.2099609375,14790.599609375,14530.7802734375,4652450000,14728.2099609375
2021-07-21,14723.669921875,14842.6298828125,14843.169921875,14710.1103515625,4098520000,14842.6298828125
2021-07-22,14865.4697265625,14940.169921875,14941.3798828125,14865.4697265625,3597540000,14940.169921875
2021-07-23,15004.4296875,15111.7900390625,15125.83984375,14948.0400390625,3997250000,15111.7900390625
2021-07-26,15088.2802734375,15125.9501953125,15142.349609375,15048.23046875,4437090000,15125.9501953125
2021-07-27,15103.009765625,14956.9697265625,15107.740234375,14787.7998046875,4329230000,14956.9697265625
2021-07-28,15005.169921875,15018.099609375,15078.849609375,14913.5498046875,4268210000,15018.099609375
2021-07-29,15015.2998046875,15048.3603515625,15091.9599609375,15004.419921875,3928640000,15048.3603515625
2021-07-30,14882.3896484375,14959.900390625,14990.8603515625,14882.3896484375,3645050000,14959.900390625
2021-08-02,15046.099609375,14963.6201171875,15059.8896484375,14945.1298828125,3746130000,14963.6201171875
2021-08-03,14997.2001953125,15061.419921875,15063.66015625,14864.5302734375,4141370000,15061.419921875
2021-08-04,15059.16015625,15083.3896484375,15117.3798828125,15017.1396484375,4337330000,15083.3896484375
2021-08-05,15105.400390625,15181.6396484375,15184.26953125,15083.83984375,4107300000,15181.6396484375
2021-08-06,15125.740234375,15109.3603515625,15162.33984375,15063.01953125,4173090000,15109.3603515625
2021-08-09,15136.1396484375,15133.1103515625,15154.6796875,15081.75,4111640000,15133.1103515625
2021-08-10,15157.3701171875,15053.580078125,15169.4501953125,15010.16015625,3991770000,15053.580078125
2021-08-11,15101.8203125,15027.759765625,15127.7802734375,14972.599609375,4002340000,15027.759765625
2021-08-12,15012.599609375,15088.98046875,15097.91015625,14956.25,4049000000,15088.98046875
2021-08-13,15101.83984375,15136.6796875,15150.48046875,15079.2998046875,4061070000,15136.6796875
2021-08-16,15090.0498046875,15140.76953125,15142.0302734375,14931.150390625,3973920000,15140.76953125
2021-08-17,15018.9404296875,15002.830078125,15062.7001953125,14906.2197265625,4168880000,15002.830078125
2021-08-18,14975.01953125,14857.919921875,15039.900390625,14846.509765625,3841840000,14857.919921875
2021-08-19,14773.1904296875,14933.9404296875,15000.1904296875,14773.1904296875,4191490000,14933.9404296875
2021-08-20,14974.0595703125,15092.5703125,15103.9404296875,14968.8701171875,3886340000,15092.5703125
2021-08-23,15140.1396484375,15312.8203125,15341.4697265625,15140.1396484375,3906780000,15312.8203125
2021-08-24,15338.919921875,15357.6796875,15384.419921875,15319.5498046875,3809750000,15357.6796875
2021-08-25,15384.830078125,15368.919921875,15404.3603515625,15341.919921875,3654150000,15368.919921875
2021-08-26,15348.98046875,15278.51953125,15369.2802734375,15265.23046875,3630900000,15278.51953125
2021-08-27,15305.75,15432.9501953125,15447.0302734375,15292.740234375,4048610000,15432.9501953125
2021-08-30,15460.9296875,15605.08984375,15620.6201171875,15459.740234375,4061760000,15605.08984375
2021-08-31,15601.33984375,15582.509765625,15604.4501953125,15522.7802734375,4188020000,15582.509765625
2021-09-01,15637.1298828125,15611.5703125,15696.419921875,15603.669921875,4271690000,15611.5703125
2021-09-02,15656.2802734375,15604.25,15681.759765625,15554.2900390625,4050510000,15604.25
2021-09-03,15578.9599609375,15652.8603515625,15668.1201171875,15554.9697265625,3706990000,15652.8603515625
2021-09-07,15662.2998046875,15675.759765625,15701.400390625,15610.23046875,4014250000,15675.759765625
2021-09-08,15669.009765625,15620.849609375,15669.009765625,15528.4501953125,4131560000,15620.849609375
2021-09-09,15639.4404296875,15561.0498046875,15675.4599609375,15556.740234375,4031140000,15561.0498046875
2021-09-10,15648.0498046875,15440.75,15673.5,15433.4296875,4587150000,15440.75
2021-09-13,15545.66015625,15434.5,15562.2802734375,15351.7001953125,4723370000,15434.5
2021-09-14,15505.7802734375,15382.900390625,15525.9697265625,15352.0595703125,4593140000,15382.900390625
2021-09-15,15419.9501953125,15503.5302734375,15518.9501953125,15316.400390625,4465140000,15503.5302734375
2021-09-16,15452.669921875,15515.91015625,15539.1396484375,15370.8798828125,3701500000,15515.91015625
2021-09-17,15481.4296875,15333.4697265625,15485.2099609375,15291.0400390625,6709540000,15333.4697265625
2021-09-20,15068.650390625,15012.1904296875,15157.259765625,14821.0302734375,4879490000,15012.1904296875
2021-09-21,15096.9697265625,15027.76953125,15139.900390625,14986.98046875,4083010000,15027.76953125
2021-09-22,15073.9599609375,15176.509765625,15230.33984375,15029.900390625,4252490000,15176.509765625
2021-09-23,15231.2001953125,15316.580078125,15356.919921875,15199.4296875,4196130000,15316.580078125
2021-09-24,15222.9697265625,15329.6796875,15345.5400390625,15209.16015625,3992150000,15329.6796875
2021-09-27,15205.23046875,15204.8203125,15240.580078125,15106.4501953125,4650790000,15204.8203125
2021-09-28,15001.98046875,14770.2998046875,15040.5703125,14758.98046875,4989510000,14770.2998046875
2021-09-29,14835.509765625,14752.8896484375,14914.919921875,14727.41015625,5294600000,14752.8896484375
2021-09-30,14830.2998046875,14689.6201171875,14888.2197265625,14684.5498046875,5950950000,14689.6201171875
2021-10-01,14731.3798828125,14791.8701171875,14830.83984375,14555.1201171875,4710720000,14791.8701171875
2021-10-04,14713.599609375,14472.1201171875,14727.599609375,14384.9296875,4557110000,14472.1201171875
2021-10-05,14533.4296875,14674.150390625,14763.6396484375,14520.23046875,4176390000,14674.150390625
2021-10-06,14529.8896484375,14766.75,14775.6396484375,14499.48046875,4465910000,14766.75
2021-10-07,14899.0703125,14897.1298828125,15010.3203125,14878.2197265625,3984180000,14897.1298828125
2021-10-08,14942.3603515625,14820.75,14948.349609375,14805.5,3571380000,14820.75
2021-10-11,14765.6904296875,14713.73046875,14907.5703125,14709.0498046875,3539540000,14713.73046875
2021-10-12,14772.2900390625,14662.1103515625,14784.7802734375,14636.330078125,4063830000,14662.1103515625
2021-10-13,14751.7998046875,14774.599609375,14800.830078125,14676.580078125,4053580000,14774.599609375
2021-10-14,14925.580078125,15052.419921875,15059.8896484375,14901.58984375,4262400000,15052.419921875
2021-10-15,15106.9697265625,15146.919921875,15150.1396484375,15064.58984375,4494440000,15146.919921875
2021-10-18,15091.580078125,15300.8896484375,15307.509765625,15074.7099609375,4167740000,15300.8896484375
2021-10-19,15349.4501953125,15410.7197265625,15414.9697265625,15320.6201171875,4483400000,15410.7197265625
2021-10-20,15448.0,15388.7099609375,15457.1103515625,15333.4296875,4117050000,15388.7099609375
2021-10-21,15365.8095703125,15489.58984375,15497.580078125,15350.5,4961860000,15489.58984375
2021-10-22,15422.0703125,15355.0703125,15474.2802734375,15291.9501953125,5775770000,15355.0703125
2021-10-25,15417.25,15514.1904296875,15555.650390625,15338.490234375,5750200000,15514.1904296875
2021-10-26,15615.3603515625,15559.490234375,15710.7900390625,15518.58984375,7173230000,15559.490234375
2021-10-27,15603.16015625,15598.3896484375,15729.75,15578.6796875,6130110000,15598.3896484375
2021-10-28,15674.3896484375,15778.16015625,15784.0,15650.009765625,5714890000,15778.16015625
2021-10-29,15638.740234375,15850.4697265625,15856.900390625,15638.740234375,5338290000,15850.4697265625
2021-11-01,15879.6103515625,15905.2802734375,15910.349609375,15785.3095703125,5273950000,15905.2802734375
2021-11-02,15885.33984375,15972.490234375,15988.330078125,15877.26953125,5129370000,15972.490234375
2021-11-03,16000.599609375,16144.5,16157.599609375,15950.58984375,5325110000,16144.5
2021-11-04,16193.2197265625,16346.240234375,16387.94921875,16169.5595703125,5297250000,16346.240234375
2021-11-05,16397.58984375,16359.3798828125,16454.48046875,16302.0595703125,5566400000,16359.3798828125
2021-11-08,16351.490234375,16336.0302734375,16401.9296875,16314.0,5723650000,16336.0302734375
2021-11-09,16389.990234375,16219.9404296875,16401.890625,16168.6298828125,5574660000,16219.9404296875
2021-11-10,16087.01953125,15985.5703125,16224.509765625,15905.2802734375,5369110000,15985.5703125
2021-11-11,16114.0498046875,16032.4697265625,16116.25,16019.3896484375,4570460000,16032.4697265625
2021-11-12,16078.1298828125,16199.8896484375,16218.5498046875,16012.7802734375,5446540000,16199.8896484375
2021-11-15,16227.009765625,16189.1201171875,16256.73046875,16096.3701171875,5020180000,16189.1201171875
2021-11-16,16170.2900390625,16309.76953125,16329.5,16156.6904296875,5533020000,16309.76953125
2021-11-17,16329.0703125,16308.0703125,16398.94921875,16276.76953125,5049320000,16308.0703125
2021-11-18,16398.759765625,16482.970703125,16501.919921875,16309.509765625,5391360000,16482.970703125
2021-11-19,16558.560546875,16573.33984375,16625.859375,16523.830078125,4875310000,16573.33984375
2021-11-22,16644.76953125,16380.98046875,16764.859375,16374.7802734375,5567830000,16380.98046875
2021-11-23,16330.1796875,16306.7197265625,16417.5,16121.7001953125,5434380000,16306.7197265625
2021-11-24,16202.259765625,16367.8095703125,16370.5595703125,16106.01953125,4197090000,16367.8095703125
2021-11-26,16237.41015625,16025.580078125,16302.580078125,15988.9501953125,3502170000,16025.580078125
2021-11-29,16263.4296875,16399.240234375,16437.16015625,16214.5595703125,4836230000,16399.240234375
2021-11-30,16333.9501953125,16135.919921875,16454.560546875,16073.759765625,6631470000,16135.919921875
2021-12-01,16347.9599609375,15877.7197265625,16427.189453125,15864.0,6320260000,15877.7197265625
2021-12-02,15791.2998046875,15990.759765625,16066.3203125,15770.919921875,5418340000,15990.759765625
2021-12-03,16039.41015625,15712.0400390625,16089.6103515625,15543.3095703125,5900290000,15712.0400390625
2021-12-06,15744.91015625,15846.16015625,15898.58984375,15557.7802734375,5115230000,15846.16015625
2021-12-07,16139.5595703125,16325.66015625,16343.669921875,16128.4404296875,5116490000,16325.66015625
2021-12-08,16313.8798828125,16394.33984375,16401.099609375,16250.3896484375,4615390000,16394.33984375
2021-12-09,16337.8095703125,16149.5703125,16413.279296875,16141.3896484375,4515600000,16149.5703125
2021-12-10,16278.2998046875,16331.98046875,16339.1201171875,16139.0,4426210000,16331.98046875
2021-12-13,16317.900390625,16082.5498046875,16332.6298828125,16075.5400390625,4573920000,16082.5498046875
2021-12-14,15877.650390625,15914.900390625,15995.2099609375,15742.7998046875,4865990000,15914.900390625
2021-12-15,15908.4501953125,16289.58984375,16301.26953125,15746.9404296875,5343920000,16289.58984375
2021-12-16,16335.0302734375,15863.9404296875,16340.5302734375,15802.6298828125,4906480000,15863.9404296875
2021-12-17,15714.5400390625,15801.4599609375,15960.25,15664.099609375,7668770000,15801.4599609375
2021-12-20,15566.830078125,15627.6396484375,15662.6103515625,15508.740234375,4602640000,15627.6396484375
2021-12-21,15794.3798828125,15986.2802734375,15997.6103515625,15617.48046875,4581720000,15986.2802734375
2021-12-22,15963.5400390625,16180.1396484375,16186.25,15947.5595703125,4107900000,16180.1396484375
2021-12-23,16203.759765625,16308.2099609375,16360.75,16188.0302734375,3935010000,16308.2099609375
2021-12-27,16361.0703125,16567.5,16567.640625,16361.0703125,3743920000,16567.5
2021-12-28,16602.919921875,16488.66015625,16607.189453125,16458.490234375,3648500000,16488.66015625
2021-12-29,16510.630859375,16491.009765625,16548.919921875,16396.16015625,3714380000,16491.009765625
2021-12-30,16485.400390625,16429.099609375,16569.619140625,16415.119140625,3750920000,16429.099609375
2021-12-31,16411.259765625,16320.080078125,16464.619140625,16317.259765625,3392580000,16320.080078125
2022-01-03,16395.509765625,16501.76953125,16504.140625,16306.6396484375,4429960000,16501.76953125
2022-01-04,16513.869140625,16279.73046875,16513.869140625,16151.900390625,5131110000,16279.73046875
2022-01-05,16190.5498046875,15771.7802734375,16249.23046875,15763.83984375,5031850000,15771.7802734375
2022-01-06,15675.2197265625,15765.3603515625,15900.599609375,15608.5703125,4790820000,15765.3603515625
2022-01-07,15774.1298828125,15592.1904296875,15835.0,15526.7998046875,4238070000,15592.1904296875
2022-01-10,15383.1796875,15614.4296875,15627.919921875,15165.5302734375,5317180000,15614.4296875
2022-01-11,15582.7197265625,15844.1201171875,15848.5595703125,15496.91015625,4390710000,15844.1201171875
2022-01-12,15955.48046875,15905.099609375,16017.3896484375,15815.9501953125,4338530000,15905.099609375
2022-01-13,15970.08984375,15495.6201171875,15990.3798828125,15468.08984375,4302020000,15495.6201171875
2022-01-14,15396.4697265625,15611.58984375,15617.1796875,15396.4697265625,4374020000,15611.58984375
2022-01-18,15378.0595703125,15210.759765625,15446.2998046875,15182.9599609375,5060790000,15210.759765625
2022-01-19,15287.25,15047.83984375,15382.0,15038.4404296875,4665340000,15047.83984375
2022-01-20,15176.3798828125,14846.4599609375,15347.6201171875,14832.6904296875,5102050000,14846.4599609375
2022-01-21,14728.66015625,14438.400390625,14868.4501953125,14432.6396484375,5870830000,14438.400390625
2022-01-24,14160.91015625,14509.580078125,14532.5703125,13724.849609375,6998770000,14509.580078125
2022-01-25,14237.599609375,14149.1201171875,14410.4296875,14033.8095703125,5019380000,14149.1201171875
2022-01-26,14492.51953125,14172.759765625,14646.5400390625,14006.400390625,5771140000,14172.759765625
2022-01-27,14346.4599609375,14003.1103515625,14419.4501953125,13972.8798828125,5177380000,14003.1103515625
2022-01-28,14091.3095703125,14454.6103515625,14457.7802734375,13880.48046875,4971930000,14454.6103515625
2022-01-31,14505.0703125,14930.0498046875,14934.51953125,14442.8798828125,5124940000,14930.0498046875
2022-02-01,14966.599609375,15019.6796875,15034.419921875,14749.490234375,4671850000,15019.6796875
2022-02-02,15173.0302734375,15139.740234375,15196.400390625,14960.849609375,4673140000,15139.740234375
2022-02-03,14693.849609375,14501.1103515625,14856.509765625,14471.2001953125,4326300000,14501.1103515625
2022-02-04,14566.2802734375,14694.349609375,14832.0498046875,14452.2802734375,4121340000,14694.349609375
2022-02-07,14716.4296875,14571.25,14813.8603515625,14524.6298828125,4268730000,14571.25
2022-02-08,14533.25,14747.0302734375,14785.2197265625,14485.7802734375,4293770000,14747.0302734375
2022-02-09,14930.990234375,15056.9599609375,15057.900390625,14870.3603515625,4729730000,15056.9599609375
2022-02-10,14770.6796875,14705.6396484375,15037.259765625,14636.6201171875,5212510000,14705.6396484375
2022-02-11,14739.4599609375,14253.83984375,14769.6396484375,14194.5400390625,5237320000,14253.83984375
2022-02-14,14233.400390625,14268.58984375,14400.7802734375,14119.73046875,4347350000,14268.58984375
2022-02-15,14482.1103515625,14620.8203125,14624.5302734375,14444.4599609375,4416840000,14620.8203125
2022-02-16,14514.83984375,14603.6396484375,14647.7900390625,14399.2900390625,4238560000,14603.6396484375
2022-02-17,14485.080078125,14171.740234375,14497.4599609375,14155.4296875,4278370000,14171.740234375
2022-02-18,14207.5498046875,14009.5400390625,14225.7197265625,13918.759765625,4501940000,14009.5400390625
2022-02-22,13892.8095703125,13870.5302734375,14109.259765625,13720.919921875,4849170000,13870.5302734375
2022-02-23,14016.9404296875,13509.4296875,14035.9296875,13502.580078125,4639330000,13509.4296875
2022-02-24,13065.4404296875,13974.669921875,13989.099609375,13065.4404296875,6180200000,13974.669921875
2022-02-25,13973.900390625,14189.16015625,14193.0,13850.2900390625,4628720000,14189.16015625
2022-02-28,14058.6103515625,14237.8095703125,14296.599609375,14009.3603515625,5928130000,14237.8095703125
2022-03-01,14197.66015625,14005.990234375,14271.580078125,13906.919921875,6131350000,14005.990234375
2022-03-02,14075.1103515625,14243.6904296875,14292.7197265625,13962.6904296875,5246390000,14243.6904296875
2022-03-03,14339.7001953125,14035.2099609375,14342.5595703125,13965.1103515625,5092580000,14035.2099609375
2022-03-04,13957.599609375,13837.830078125,13992.9697265625,13738.6103515625,5343900000,13837.830078125
2022-03-07,13853.5302734375,13319.3798828125,13879.099609375,13314.4404296875,6195370000,13319.3798828125
2022-03-08,13275.23046875,13267.6103515625,13663.26953125,13129.400390625,6683960000,13267.6103515625
2022-03-09,13610.48046875,13742.2001953125,13793.1103515625,13504.48046875,5396550000,13742.2001953125
2022-03-10,13577.83984375,13591.0,13633.6904296875,13399.4599609375,5071250000,13591.0
2022-03-11,13701.7998046875,13301.830078125,13714.4404296875,13285.1904296875,5288210000,13301.830078125
2022-03-14,13248.08984375,13046.6396484375,13386.669921875,13020.400390625,5876710000,13046.6396484375
2022-03-15,13174.9697265625,13458.5595703125,13488.1796875,13092.4501953125,5440100000,13458.5595703125
2022-03-16,13633.1201171875,13956.7900390625,13960.25,13475.08984375,6552210000,13956.7900390625
2022-03-17,13878.990234375,14118.599609375,14125.669921875,13827.33984375,5612090000,14118.599609375
2022-03-18,14061.2900390625,14420.080078125,14427.4697265625,14014.4296875,8149290000,14420.080078125
2022-03-21,14377.150390625,14376.08984375,14470.6796875,14190.5302734375,5673940000,14376.08984375
2022-03-22,14396.0302734375,14654.330078125,14688.9697265625,14385.5498046875,5445100000,14654.330078125
2022-03-23,14525.2197265625,14447.5498046875,14681.330078125,14446.0400390625,5024230000,14447.5498046875
2022-03-24,14529.7197265625,14765.6904296875,14767.73046875,14440.669921875,5149520000,14765.6904296875
2022-03-25,14766.900390625,14754.3095703125,14805.8798828125,14577.58984375,5585100000,14754.3095703125
2022-03-28,14763.16015625,14987.400390625,14989.080078125,14705.919921875,5129500000,14987.400390625
2022-03-29,15142.9296875,15239.3203125,15265.419921875,15039.6103515625,6060890000,15239.3203125
2022-03-30,15177.150390625,15071.5498046875,15229.009765625,15010.33984375,5479200000,15071.5498046875
2022-03-31,15074.23046875,14838.490234375,15088.3798828125,14835.16015625,5453890000,14838.490234375
2022-04-01,14886.91015625,14861.2099609375,14925.9296875,14723.830078125,5002790000,14861.2099609375
2022-04-04,14903.3798828125,15159.580078125,15161.8896484375,14884.5703125,4630100000,15159.580078125
2022-04-05,15109.26953125,14820.6396484375,15120.669921875,14782.5703125,4727710000,14820.6396484375
2022-04-06,14600.2998046875,14498.8896484375,14639.349609375,14395.400390625,5360420000,14498.8896484375
2022-04-07,14469.5,14531.8095703125,14624.240234375,14315.6904296875,4856090000,14531.8095703125
2022-04-08,14450.5302734375,14327.259765625,14490.1904296875,14307.6796875,4574080000,14327.259765625
2022-04-11,14149.599609375,13990.2099609375,14187.669921875,13979.1396484375,4946680000,13990.2099609375
2022-04-12,14175.66015625,13940.240234375,14264.740234375,13882.75,4991720000,13940.240234375
2022-04-13,13939.6103515625,14217.2900390625,14258.8095703125,13919.48046875,4909720000,14217.2900390625
2022-04-14,14225.4697265625,13893.2099609375,14235.3896484375,13884.8203125,4642240000,13893.2099609375
2022-04-18,13859.4697265625,13910.759765625,13997.9296875,13788.9599609375,4365230000,13910.759765625
2022-04-19,13882.75,14210.259765625,14236.509765625,13844.740234375,4562840000,14210.259765625
2022-04-20,14246.2001953125,13998.5302734375,14263.6103515625,13962.8603515625,4678930000,13998.5302734375
2022-04-21,14174.919921875,13720.4501953125,14277.2099609375,13682.6796875,5233110000,13720.4501953125
2022-04-22,13714.6298828125,13356.8701171875,13769.400390625,13342.7900390625,4475090000,13356.8701171875
2022-04-25,13275.41015625,13533.2197265625,13541.76953125,13239.73046875,4845160000,13533.2197265625
2022-04-26,13447.66015625,13009.7099609375,13447.66015625,13009.650390625,5168160000,13009.7099609375
2022-04-27,13009.400390625,13003.3603515625,13241.9404296875,12936.41015625,4810720000,13003.3603515625
2022-04-28,13254.9599609375,13456.0595703125,13542.5595703125,13038.169921875,5067150000,13456.0595703125
2022-04-29,13274.9404296875,12854.7998046875,13428.5302734375,12835.48046875,4733070000,12854.7998046875
2022-05-02,12864.830078125,13075.849609375,13083.5703125,12716.6298828125,4918240000,13075.849609375
2022-05-03,13045.349609375,13089.900390625,13178.740234375,12982.7001953125,4547280000,13089.900390625
2022-05-04,13110.2998046875,13535.7099609375,13556.669921875,12887.5302734375,5498050000,13535.7099609375
2022-05-05,13344.7900390625,12850.5498046875,13344.7900390625,12710.58984375,5308920000,12850.5498046875
2022-05-06,12776.8603515625,12693.5302734375,12926.580078125,12522.76953125,5324480000,12693.5302734375
2022-05-09,12465.91015625,12187.7197265625,12542.3203125,12136.1904296875,5939140000,12187.7197265625
2022-05-10,12496.83984375,12345.8603515625,12537.8896484375,12173.4697265625,6218260000,12345.8603515625
2022-05-11,12240.2099609375,11967.5595703125,12470.8896484375,11939.08984375,6152370000,11967.5595703125
2022-05-12,11790.1298828125,11945.5,12128.73046875,11692.1201171875,6679470000,11945.5
2022-05-13,12125.9296875,12387.400390625,12429.2802734375,12069.1298828125,5894020000,12387.400390625
2022-05-16,12297.0703125,12243.580078125,12395.509765625,12196.2099609375,4930250000,12243.580078125
2022-05-17,12496.6298828125,12564.099609375,12572.990234375,12333.990234375,5093960000,12564.099609375
2022-05-18,12352.919921875,11928.3095703125,12389.9599609375,11887.0,5064120000,11928.3095703125
2022-05-19,11872.5595703125,11875.6298828125,12066.849609375,11795.7900390625,5154410000,11875.6298828125
2022-05-20,12037.0302734375,11835.6201171875,12044.7001953125,11492.2900390625,5434370000,11835.6201171875
2022-05-23,11867.080078125,12034.2802734375,12047.8095703125,11785.759765625,4552200000,12034.2802734375
2022-05-24,11807.7802734375,11769.83984375,11842.8095703125,11576.1103515625,4724430000,11769.83984375
2022-05-25,11732.4501953125,11943.9296875,12028.8896484375,11714.26953125,4519690000,11943.9296875
2022-05-26,11906.830078125,12276.7900390625,12337.73046875,11901.8701171875,4672620000,12276.7900390625
2022-05-27,12421.7998046875,12681.419921875,12682.580078125,12405.2900390625,4793900000,12681.419921875
2022-05-31,12688.9501953125,12642.099609375,12762.83984375,12482.3203125,6045500000,12642.099609375
2022-06-01,12750.3095703125,12548.3603515625,12820.4697265625,12457.91015625,4719900000,12548.3603515625
2022-06-02,12498.6298828125,12892.8896484375,12897.6298828125,12447.76953125,4445840000,12892.8896484375
2022-06-03,12650.3798828125,12548.0302734375,12724.8095703125,12505.759765625,4130040000,12548.0302734375
2022-06-06,12745.8896484375,12599.6298828125,12804.4599609375,12534.580078125,4647010000,12599.6298828125
2022-06-07,12456.490234375,12711.6796875,12737.2998046875,12413.5595703125,4411240000,12711.6796875
2022-06-08,12682.8095703125,12615.1298828125,12776.650390625,12578.5498046875,4708980000,12615.1298828125
2022-06-09,12543.3701171875,12269.7802734375,12666.41015625,12265.8603515625,5408460000,12269.7802734375
2022-06-10,12052.58984375,11832.8203125,12082.6904296875,11825.349609375,5152020000,11832.8203125
2022-06-13,11472.1904296875,11288.3203125,11568.650390625,11254.1904296875,5937320000,11288.3203125
2022-06-14,11385.1796875,11311.6904296875,11418.2197265625,11205.919921875,4819890000,11311.6904296875
2022-06-15,11468.1298828125,11593.76953125,11751.2900390625,11346.5400390625,5368500000,11593.76953125
2022-06-16,11286.8701171875,11127.5703125,11311.0498046875,11037.2099609375,5696630000,11127.5703125
2022-06-17,11172.650390625,11265.990234375,11357.9697265625,11089.9296875,7452830000,11265.990234375
2022-06-21,11446.98046875,11546.759765625,11638.4697265625,11446.98046875,5226260000,11546.759765625
2022-06-22,11427.740234375,11527.7099609375,11708.080078125,11423.2001953125,5238180000,11527.7099609375
2022-06-23,11622.08984375,11697.6796875,11729.6201171875,11515.48046875,5258200000,11697.6796875
2022-06-24,11826.9501953125,12105.849609375,12112.8203125,11812.1796875,9468130000,12105.849609375
2022-06-27,12157.9296875,12008.240234375,12175.98046875,11965.669921875,5047860000,12008.240234375
2022-06-28,12021.33984375,11637.76953125,12133.8701171875,11633.1298828125,5433220000,11637.76953125
2022-06-29,11619.009765625,11658.259765625,11710.2099609375,11537.7197265625,5650860000,11658.259765625
2022-06-30,11532.3203125,11503.7197265625,11650.9599609375,11322.8603515625,5654520000,11503.7197265625
2022-07-01,11472.6298828125,11585.6796875,11592.849609375,11378.6298828125,4865730000,11585.6796875
2022-07-05,11419.33984375,11779.900390625,11781.740234375,11366.0703125,5053570000,11779.900390625
2022-07-06,11807.080078125,11852.58984375,11941.3095703125,11727.3603515625,4851170000,11852.58984375
2022-07-07,11913.73046875,12109.0498046875,12137.7099609375,11897.509765625,4685050000,12109.0498046875
2022-07-08,11977.9501953125,12125.6904296875,12179.3203125,11956.0302734375,4526570000,12125.6904296875
2022-07-11,12008.759765625,11860.2802734375,12026.0595703125,11830.8896484375,4362910000,11860.2802734375
2022-07-12,11926.83984375,11744.990234375,11990.4404296875,11684.01953125,4317860000,11744.990234375
2022-07-13,11523.91015625,11728.5302734375,11819.6904296875,11498.9599609375,4433060000,11728.5302734375
2022-07-14,11637.1796875,11768.400390625,11801.1103515625,11488.26953125,4481070000,11768.400390625
2022-07-15,11896.150390625,11983.6201171875,11987.51953125,11828.1298828125,4369060000,11983.6201171875
2022-07-18,12089.6796875,11877.5,12156.08984375,11836.51953125,5057920000,11877.5
2022-07-19,12046.6904296875,12249.419921875,12258.3701171875,11967.919921875,5302740000,12249.419921875
2022-07-20,12269.0703125,12439.6796875,12488.3896484375,12232.2001953125,5467080000,12439.6796875
2022-07-21,12466.1298828125,12619.41015625,12620.5,12351.419921875,4680930000,12619.41015625
2022-07-22,12575.759765625,12396.4697265625,12662.8603515625,12322.8203125,4721880000,12396.4697265625
2022-07-25,12391.2099609375,12328.41015625,12415.58984375,12244.400390625,4346520000,12328.41015625
2022-07-26,12248.2099609375,12086.900390625,12259.009765625,12051.2099609375,4349760000,12086.900390625
2022-07-27,12299.33984375,12601.4697265625,12660.76953125,12256.9404296875,4588480000,12601.4697265625
2022-07-28,12580.6103515625,12717.8701171875,12741.830078125,12433.5498046875,4924950000,12717.8701171875
2022-07-29,12784.2001953125,12947.9697265625,12986.6396484375,12726.25,4907410000,12947.9697265625
2022-08-01,12877.0400390625,12940.7802734375,13084.6103515625,12833.16015625,4396390000,12940.7802734375
2022-08-02,12853.0400390625,12901.599609375,13073.26953125,12809.009765625,4792140000,12901.599609375
2022-08-03,12983.580078125,13253.259765625,13289.1904296875,12974.849609375,5667990000,13253.259765625
2022-08-04,13253.76953125,13311.0400390625,13326.7197265625,13170.4404296875,5451470000,13311.0400390625
2022-08-05,13107.4501953125,13207.6904296875,13286.01953125,13070.3603515625,4911300000,13207.6904296875
2022-08-08,13227.08984375,13159.16015625,13394.5400390625,13103.7998046875,5238600000,13159.16015625
2022-08-09,13064.240234375,13008.169921875,13095.7001953125,12945.599609375,5307340000,13008.169921875
2022-08-10,13330.66015625,13378.3203125,13386.849609375,13220.0498046875,5196210000,13378.3203125
2022-08-11,13471.0302734375,13291.990234375,13555.3798828125,13271.349609375,5815960000,13291.990234375
2022-08-12,13384.650390625,13565.8701171875,13565.8701171875,13341.650390625,4782610000,13565.8701171875
2022-08-15,13529.66015625,13667.1796875,13685.650390625,13524.5302734375,4476040000,13667.1796875
2022-08-16,13617.66015625,13635.2099609375,13720.91015625,13508.4697265625,5028410000,13635.2099609375
2022-08-17,13499.240234375,13470.8603515625,13591.580078125,13389.8203125,5229520000,13470.8603515625
2022-08-18,13474.240234375,13505.990234375,13553.2802734375,13405.740234375,4724350000,13505.990234375
2022-08-19,13370.25,13242.900390625,13402.6103515625,13210.8203125,4628170000,13242.900390625
2022-08-22,13056.3896484375,12890.5400390625,13073.0703125,12859.8203125,4270980000,12890.5400390625
2022-08-23,12885.2802734375,12881.7900390625,13000.7099609375,12852.7001953125,3836180000,12881.7900390625
2022-08-24,12876.23046875,12917.8603515625,12995.1396484375,12843.580078125,3917170000,12917.8603515625
2022-08-25,12984.740234375,13143.580078125,13146.83984375,12951.6103515625,4323470000,13143.580078125
2022-08-26,13129.91015625,12605.169921875,13175.25,12603.41015625,4530000000,12605.169921875
2022-08-29,12488.4599609375,12484.3203125,12594.33984375,12440.400390625,4209850000,12484.3203125
2022-08-30,12562.400390625,12342.7001953125,12572.8798828125,12240.8203125,4681520000,12342.7001953125
2022-08-31,12448.0703125,12272.0302734375,12502.150390625,12268.080078125,4952010000,12272.0302734375
2022-09-01,12158.8798828125,12274.6201171875,12290.330078125,12012.98046875,4792890000,12274.6201171875
2022-09-02,12392.4599609375,12098.4404296875,12451.2802734375,12035.5302734375,4257410000,12098.4404296875
2022-09-06,12106.5703125,12011.3095703125,12152.419921875,11928.8095703125,4622940000,12011.3095703125
2022-09-07,12038.1796875,12259.3896484375,12298.1201171875,12026.98046875,4445640000,12259.3896484375
2022-09-08,12139.5703125,12321.1904296875,12374.1298828125,12120.259765625,4329910000,12321.1904296875
2022-09-09,12424.150390625,12588.2900390625,12610.4296875,12424.150390625,4401590000,12588.2900390625
2022-09-12,12649.23046875,12739.7197265625,12752.830078125,12639.759765625,4146680000,12739.7197265625
2022-09-13,12364.830078125,12033.6201171875,12420.009765625,12004.419921875,5188380000,12033.6201171875
2022-09-14,12092.0302734375,12134.400390625,12170.25,12016.4296875,4861530000,12134.400390625
2022-09-15,12034.4296875,11927.490234375,12153.33984375,11867.8798828125,4805910000,11927.490234375
2022-09-16,11775.9404296875,11861.3798828125,11875.08984375,11710.259765625,7451840000,11861.3798828125
2022-09-19,11753.599609375,11953.26953125,11956.7900390625,11752.4296875,4168670000,11953.26953125
2022-09-20,11855.83984375,11851.5400390625,11951.1298828125,11761.6904296875,4028100000,11851.5400390625
2022-09-21,11892.7197265625,11637.7900390625,12062.51953125,11636.25,4471000000,11637.7900390625
2022-09-22,11574.3203125,11501.650390625,11617.990234375,11448.8603515625,4916470000,11501.650390625
2022-09-23,11398.75,11311.240234375,11402.41015625,11169.66015625,5134350000,11311.240234375
2022-09-26,11283.1396484375,11254.1103515625,11473.3603515625,11235.740234375,4697730000,11254.1103515625
2022-09-27,11411.33984375,11271.75,11502.3798828125,11175.2900390625,4445050000,11271.75
2022-09-28,11258.740234375,11493.830078125,11546.8701171875,11210.8095703125,4556100000,11493.830078125
2022-09-29,11334.5703125,11164.7802734375,11339.91015625,11038.9404296875,4516630000,11164.7802734375
2022-09-30,11123.1103515625,10971.2197265625,11296.16015625,10966.9501953125,4649710000,10971.2197265625
2022-10-03,11059.169921875,11229.73046875,11296.4296875,10985.009765625,4415440000,11229.73046875
2022-10-04,11477.849609375,11582.5400390625,11609.25,11462.3701171875,5004780000,11582.5400390625
2022-10-05,11429.4697265625,11573.1796875,11647.6201171875,11312.51953125,4091860000,11573.1796875
2022-10-06,11556.400390625,11485.5,11660.5498046875,11472.830078125,4423320000,11485.5
2022-10-07,11272.4599609375,11039.4697265625,11293.650390625,10991.66015625,4634190000,11039.4697265625
2022-10-10,11048.509765625,10926.9697265625,11063.2099609375,10824.25,3989640000,10926.9697265625
2022-10-11,10865.3203125,10791.349609375,10981.91015625,10716.330078125,4738840000,10791.349609375
2022-10-12,10810.2998046875,10785.6201171875,10886.490234375,10754.849609375,4091030000,10785.6201171875
2022-10-13,10481.580078125,11033.580078125,11087.66015625,10440.6396484375,5300080000,11033.580078125
2022-10-14,11130.080078125,10692.0595703125,11152.8896484375,10677.48046875,4393000000,10692.0595703125
2022-10-17,10967.25,11062.5302734375,11090.8701171875,10959.740234375,4439190000,11062.5302734375
2022-10-18,11368.759765625,11147.740234375,11374.3798828125,11035.7998046875,5047360000,11147.740234375
2022-10-19,11081.8203125,11103.3798828125,11231.4599609375,11008.1103515625,4955090000,11103.3798828125
2022-10-20,11081.2197265625,11046.7099609375,11279.8095703125,11001.2802734375,4628010000,11046.7099609375
2022-10-21,10998.169921875,11310.330078125,11327.76953125,10962.009765625,4706440000,11310.330078125
2022-10-24,11321.1103515625,11430.259765625,11468.1796875,11166.490234375,4808710000,11430.259765625
2022-10-25,11482.8701171875,11669.990234375,11681.849609375,11480.41015625,5141760000,11669.990234375
2022-10-26,11409.7900390625,11405.900390625,11657.0595703125,11388.33984375,5224440000,11405.900390625
2022-10-27,11387.7099609375,11191.6298828125,11417.0400390625,11179.900390625,4773520000,11191.6298828125
2022-10-28,11176.990234375,11546.2099609375,11563.16015625,11176.990234375,4731940000,11546.2099609375
2022-10-31,11465.2099609375,11405.5703125,11482.990234375,11331.259765625,4753740000,11405.5703125
2022-11-01,11571.5302734375,11288.9501953125,11574.3896484375,11278.2802734375,4677520000,11288.9501953125
2022-11-02,11300.26953125,10906.33984375,11410.91015625,10903.48046875,5436420000,10906.33984375
2022-11-03,10769.4296875,10690.599609375,10852.1796875,10680.830078125,5102190000,10690.599609375
2022-11-04,10911.98046875,10857.0302734375,10934.6201171875,10632.3896484375,5453750000,10857.0302734375
2022-11-07,10900.830078125,10977.0,11001.16015625,10817.58984375,4456690000,10977.0
2022-11-08,11039.580078125,11059.5,11191.900390625,10897.5302734375,5134500000,11059.5
2022-11-09,10971.4296875,10797.5498046875,11012.66015625,10790.349609375,4977460000,10797.5498046875
2022-11-10,11350.419921875,11605.9599609375,11612.2001953125,11235.740234375,6433000000,11605.9599609375
2022-11-11,11604.3603515625,11817.009765625,11840.0703125,11535.5595703125,5867750000,11817.009765625
2022-11-14,11728.1103515625,11700.9404296875,11863.8203125,11669.099609375,5004060000,11700.9404296875
2022-11-15,12006.4501953125,11871.150390625,12024.9501953125,11735.400390625,5617310000,11871.150390625
2022-11-16,11767.419921875,11699.08984375,11796.990234375,11673.1396484375,4585190000,11699.08984375
2022-11-17,11521.6396484375,11676.8603515625,11737.6103515625,11519.3798828125,4354360000,11676.8603515625
2022-11-18,11791.849609375,11677.01953125,11794.6796875,11579.6396484375,4175420000,11677.01953125
2022-11-21,11623.349609375,11553.4501953125,11664.9404296875,11524.4404296875,3977130000,11553.4501953125
2022-11-22,11590.830078125,11724.83984375,11731.759765625,11503.33984375,4186360000,11724.83984375
2022-11-23,11725.080078125,11838.7197265625,11866.419921875,11722.009765625,4431530000,11838.7197265625
2022-11-25,11777.330078125,11756.0302734375,11803.91015625,11748.7900390625,2184080000,11756.0302734375
2022-11-28,11684.0703125,11587.75,11764.830078125,11555.259765625,4271360000,11587.75
2022-11-29,11590.2998046875,11503.4501953125,11613.330078125,11450.33984375,4592830000,11503.4501953125
2022-11-30,11505.740234375,12030.0595703125,12031.33984375,11481.8896484375,6653460000,12030.0595703125
2022-12-01,12030.240234375,12041.8896484375,12115.33984375,11928.66015625,5158120000,12041.8896484375
2022-12-02,11845.5302734375,11994.259765625,12027.6201171875,11825.5302734375,4523010000,11994.259765625
2022-12-05,11899.5400390625,11786.7998046875,11957.3603515625,11732.150390625,4510030000,11786.7998046875
2022-12-06,11775.2001953125,11549.6904296875,11790.9296875,11488.599609375,4713330000,11549.6904296875
2022-12-07,11490.990234375,11497.3896484375,11577.6904296875,11431.9599609375,4343860000,11497.3896484375
2022-12-08,11543.6796875,11637.5,11672.1396484375,11470.6796875,4281800000,11637.5
2022-12-09,11594.3798828125,11563.330078125,11707.08984375,11550.3095703125,4337440000,11563.330078125
2022-12-12,11572.259765625,11706.4404296875,11707.7099609375,11529.41015625,4829990000,11706.4404296875
2022-12-13,12141.240234375,11834.2099609375,12166.41015625,11724.900390625,6126890000,11834.2099609375
2022-12-14,11824.5400390625,11740.919921875,11941.2802734375,11617.41015625,5485150000,11740.919921875
2022-12-15,11573.3798828125,11345.2197265625,11591.330078125,11300.349609375,5536070000,11345.2197265625
2022-12-16,11313.6396484375,11243.7197265625,11383.3896484375,11175.5400390625,7968170000,11243.7197265625
2022-12-19,11243.0,11084.58984375,11251.5703125,11029.76953125,4631820000,11084.58984375
2022-12-20,11023.4697265625,11072.419921875,11143.6201171875,10967.0703125,4707190000,11072.419921875
2022-12-21,11110.650390625,11235.8798828125,11285.7802734375,11083.3603515625,4401420000,11235.8798828125
2022-12-22,11099.3603515625,10956.1396484375,11114.23046875,10784.01953125,5125070000,10956.1396484375
2022-12-23,10911.0400390625,10985.4501953125,11007.08984375,10830.900390625,3544680000,10985.4501953125
2022-12-27,10944.2998046875,10822.509765625,10957.4404296875,10807.6103515625,3827290000,10822.509765625
2022-12-28,10807.1201171875,10679.33984375,10898.6396484375,10671.1904296875,3842970000,10679.33984375
2022-12-29,10800.7998046875,10951.0498046875,10981.0595703125,10776.6201171875,4154100000,10951.0498046875
2022-12-30,10835.58984375,10939.759765625,10942.900390625,10778.6396484375,3959030000,10939.759765625
2023-01-03,11038.419921875,10862.6396484375,11093.099609375,10770.9296875,4780650000,10862.6396484375
2023-01-04,10949.33984375,10914.7998046875,10981.4599609375,10785.5302734375,5085380000,10914.7998046875
2023-01-05,10837.25,10741.2197265625,10842.330078125,10728.259765625,4764270000,10741.2197265625
2023-01-06,10807.4599609375,11040.349609375,11082.58984375,10696.419921875,5199780000,11040.349609375
2023-01-09,11133.0703125,11108.4501953125,11304.83984375,11085.3203125,5132190000,11108.4501953125
2023-01-10,11069.0498046875,11205.7802734375,11207.5595703125,11050.6796875,4710680000,11205.7802734375
2023-01-11,11259.16015625,11402.51953125,11403.8896484375,11220.75,5284390000,11402.51953125
2023-01-12,11441.4501953125,11459.6103515625,11500.8603515625,11246.01953125,5681240000,11459.6103515625
2023-01-13,11362.1298828125,11541.48046875,11547.9599609375,11347.599609375,5077990000,11541.48046875
2023-01-17,11531.5400390625,11557.1904296875,11615.9501953125,11484.01953125,5138410000,11557.1904296875
2023-01-18,11636.6103515625,11410.2900390625,11690.26953125,11403.3095703125,5288630000,11410.2900390625
2023-01-19,11345.1904296875,11295.669921875,11388.4599609375,11251.9404296875,4660800000,11295.669921875
2023-01-20,11363.849609375,11619.0302734375,11623.2001953125,11329.5400390625,5980110000,11619.0302734375
2023-01-23,11652.0,11872.5400390625,11918.8603515625,11617.830078125,5997810000,11872.5400390625
2023-01-24,11802.9501953125,11846.6396484375,11889.3701171875,11780.0703125,5670860000,11846.6396484375
2023-01-25,11636.009765625,11814.6904296875,11841.8095703125,11550.0703125,5485570000,11814.6904296875
2023-01-26,11972.5703125,12051.48046875,12055.8095703125,11853.3701171875,5732890000,12051.48046875
2023-01-27,12000.2099609375,12166.599609375,12248.150390625,11999.8701171875,6243800000,12166.599609375
2023-01-30,12047.16015625,11912.3896484375,12087.6796875,11906.1103515625,5122320000,11912.3896484375
2023-01-31,11915.9404296875,12101.9296875,12104.1298828125,11915.9404296875,5695150000,12101.9296875
2023-02-01,12087.919921875,12363.099609375,12458.8701171875,12010.73046875,6336040000,12363.099609375
2023-02-02,12655.1796875,12803.1396484375,12880.98046875,12600.759765625,7038210000,12803.1396484375
2023-02-03,12520.9501953125,12573.3603515625,12828.7099609375,12520.9501953125,5954490000,12573.3603515625
2023-02-06,12468.7998046875,12464.509765625,12558.8701171875,12411.8798828125,5538350000,12464.509765625
2023-02-07,12474.9501953125,12728.26953125,12771.58984375,12419.7099609375,5720240000,12728.26953125
2023-02-08,12680.0302734375,12495.3798828125,12709.4501953125,12471.1201171875,5052870000,12495.3798828125
2023-02-09,12677.5400390625,12381.169921875,12679.5400390625,12327.4404296875,5536290000,12381.169921875
2023-02-10,12306.58984375,12304.919921875,12375.7197265625,12204.2099609375,4885030000,12304.919921875
2023-02-13,12356.5,12502.3095703125,12522.7802734375,12313.4501953125,4752880000,12502.3095703125
2023-02-14,12413.099609375,12590.8896484375,12627.400390625,12356.3203125,5032430000,12590.8896484375
2023-02-15,12531.599609375,12687.8896484375,12689.33984375,12486.419921875,5056640000,12687.8896484375
2023-02-16,12495.0703125,12442.48046875,12653.400390625,12440.0,5159410000,12442.48046875
2023-02-17,12352.2998046875,12358.1796875,12385.51953125,12233.7900390625,4925230000,12358.1796875
2023-02-21,12205.2099609375,12060.2998046875,12257.0595703125,12058.23046875,5002540000,12060.2998046875
2023-02-22,12085.669921875,12066.26953125,12156.2099609375,12006.0400390625,4671270000,12066.26953125
2023-02-23,12224.4404296875,12180.1396484375,12227.400390625,12003.3095703125,4714580000,12180.1396484375
2023-02-24,11979.7998046875,11969.650390625,12018.3203125,11900.83984375,4432650000,11969.650390625
2023-02-27,12106.7900390625,12057.7900390625,12159.6396484375,12034.6103515625,4494000000,12057.7900390625
2023-02-28,12041.75,12042.1201171875,12146.51953125,12021.3203125,5340950000,12042.1201171875
2023-03-01,12026.7197265625,11938.5703125,12054.48046875,11906.580078125,4927530000,11938.5703125
2023-03-02,11830.08984375,12044.8701171875,12074.58984375,11830.08984375,5313760000,12044.8701171875
2023-03-03,12110.7099609375,12290.8095703125,12300.4599609375,12095.240234375,5102210000,12290.8095703125
2023-03-06,12344.650390625,12302.48046875,12466.8798828125,12297.5703125,4982880000,12302.48046875
2023-03-07,12303.1904296875,12152.169921875,12344.0400390625,12130.009765625,5422820000,12152.169921875
2023-03-08,12181.0595703125,12215.330078125,12237.7197265625,12102.2802734375,5085970000,12215.330078125
2023-03-09,12230.83984375,11995.8798828125,12340.4501953125,11970.33984375,5061790000,11995.8798828125
2023-03-10,12001.7001953125,11830.2802734375,12069.6201171875,11789.8603515625,6193500000,11830.2802734375
2023-03-13,11752.099609375,11923.169921875,12073.9599609375,11695.41015625,6201490000,11923.169921875
2023-03-14,12078.4599609375,12199.7900390625,12217.8701171875,12035.2197265625,5533120000,12199.7900390625
2023-03-15,12083.240234375,12251.3203125,12269.4501953125,12026.1796875,5912430000,12251.3203125
2023-03-16,12211.8701171875,12581.3896484375,12595.6904296875,12190.650390625,5498920000,12581.3896484375
2023-03-17,12570.16015625,12519.8798828125,12674.33984375,12444.080078125,7903090000,12519.8798828125
2023-03-20,12487.7900390625,12562.6103515625,12578.349609375,12407.8203125,4970630000,12562.6103515625
2023-03-21,12643.349609375,12741.4404296875,12762.4501953125,12582.759765625,4829870000,12741.4404296875
2023-03-22,12742.41015625,12567.150390625,12943.6201171875,12563.7802734375,4981590000,12567.150390625
2023-03-23,12735.599609375,12729.23046875,12900.099609375,12611.669921875,4917460000,12729.23046875
2023-03-24,12700.509765625,12767.0498046875,12770.2802734375,12608.150390625,4363650000,12767.0498046875
2023-03-27,12797.900390625,12673.0703125,12839.419921875,12647.9404296875,4330320000,12673.0703125
2023-03-28,12654.91015625,12610.5703125,12654.91015625,12517.8701171875,4036910000,12610.5703125
2023-03-29,12768.1396484375,12846.0302734375,12867.3203125,12734.6796875,4493540000,12846.0302734375
2023-03-30,12934.990234375,12963.1396484375,12987.9697265625,12894.1396484375,4738880000,12963.1396484375
2023-03-31,12968.9599609375,13181.349609375,13188.830078125,12968.0,5521150000,13181.349609375
2023-04-03,13084.099609375,13148.349609375,13157.4697265625,13036.5498046875,4816440000,13148.349609375
2023-04-04,13165.3203125,13100.080078125,13204.080078125,13049.98046875,4298760000,13100.080078125
2023-04-05,13056.7900390625,12967.2001953125,13065.2802734375,12894.4404296875,4378590000,12967.2001953125
2023-04-06,12892.900390625,13062.599609375,13078.099609375,12846.0302734375,3862800000,13062.599609375
2023-04-10,12936.51953125,13051.23046875,13051.849609375,12861.51953125,4334070000,13051.23046875
2023-04-11,13040.490234375,12964.150390625,13049.5595703125,12947.66015625,4676960000,12964.150390625
2023-04-12,13043.9697265625,12848.349609375,13071.98046875,12833.3095703125,4909770000,12848.349609375
2023-04-13,12922.900390625,13109.3896484375,13124.41015625,12920.01953125,4942990000,13109.3896484375
2023-04-14,13044.6904296875,13079.51953125,13152.2802734375,12962.509765625,4655740000,13079.51953125
2023-04-17,13053.259765625,13087.7099609375,13105.6796875,12981.259765625,4823180000,13087.7099609375
2023-04-18,13180.3095703125,13091.7900390625,13196.1796875,13044.2099609375,4851810000,13091.7900390625
2023-04-19,12992.509765625,13088.7099609375,13128.25,12988.2001953125,4972700000,13088.7099609375
2023-04-20,12962.2900390625,12985.98046875,13107.919921875,12933.7998046875,4590530000,12985.98046875
2023-04-21,12970.3203125,13000.76953125,13030.849609375,12899.6396484375,4868050000,13000.76953125
2023-04-24,12981.7099609375,12969.759765625,13044.2197265625,12883.76953125,4854050000,12969.759765625
2023-04-25,12905.08984375,12725.1103515625,12933.2802734375,12724.240234375,4806020000,12725.1103515625
2023-04-26,12866.6396484375,12806.48046875,12929.6201171875,12783.419921875,5281970000,12806.48046875
2023-04-27,12963.2099609375,13160.0302734375,13175.6201171875,12938.5,5253710000,13160.0302734375
2023-04-28,13139.349609375,13245.990234375,13247.3896484375,13096.9404296875,5331380000,13245.990234375
2023-05-01,13229.1103515625,13231.4697265625,13287.4697265625,13186.400390625,5168430000,13231.4697265625
2023-05-02,13225.48046875,13113.66015625,13241.5302734375,13046.7900390625,5501410000,13113.66015625
2023-05-03,13123.099609375,13030.2099609375,13231.7099609375,13026.0400390625,5782160000,13030.2099609375
2023-05-04,13014.0703125,12982.48046875,13064.01953125,12938.4501953125,4745780000,12982.48046875
2023-05-05,13070.7001953125,13259.1298828125,13291.1103515625,13059.91015625,4574790000,13259.1298828125
2023-05-08,13247.08984375,13291.6396484375,13302.4296875,13193.080078125,4216360000,13291.6396484375
2023-05-09,13228.6396484375,13201.1103515625,13254.8095703125,13193.8798828125,4126780000,13201.1103515625
2023-05-10,13308.41015625,13347.830078125,13384.419921875,13204.7900390625,4948260000,13347.830078125
2023-05-11,13376.849609375,13389.7802734375,13411.7001953125,13306.080078125,4489490000,13389.7802734375
2023-05-12,13407.01953125,13340.1796875,13427.419921875,13256.5595703125,4170000000,13340.1796875
2023-05-15,13352.259765625,13413.509765625,13419.8095703125,13297.849609375,3979290000,13413.509765625
2023-05-16,13385.3701171875,13426.009765625,13498.4404296875,13384.76953125,4067510000,13426.009765625
2023-05-17,13474.51953125,13589.259765625,13608.330078125,13419.349609375,4501820000,13589.259765625
2023-05-18,13608.9501953125,13834.6201171875,13844.759765625,13606.8095703125,4532890000,13834.6201171875
2023-05-19,13842.6904296875,13803.490234375,13874.419921875,13763.900390625,3935780000,13803.490234375
2023-05-22,13805.330078125,13849.740234375,13893.7099609375,13792.9697265625,4278920000,13849.740234375
2023-05-23,13773.6796875,13672.5400390625,13827.099609375,13662.91015625,4347440000,13672.5400390625
2023-05-24,13589.01953125,13604.48046875,13655.73046875,13520.919921875,4088270000,13604.48046875
2023-05-25,13920.8896484375,13938.5302734375,13986.8701171875,13812.1796875,4651640000,13938.5302734375
2023-05-26,13990.5498046875,14298.41015625,14329.490234375,13982.16015625,4434070000,14298.41015625
2023-05-30,14465.58984375,14354.990234375,14520.169921875,14301.080078125,4843470000,14354.990234375
2023-05-31,14293.5595703125,14254.08984375,14375.3798828125,14216.16015625,5905760000,14254.08984375
2023-06-01,14269.08984375,14441.509765625,14493.3095703125,14219.9404296875,4610310000,14441.509765625
2023-06-02,14517.080078125,14546.6396484375,14595.8095703125,14442.150390625,4426760000,14546.6396484375
2023-06-05,14550.1298828125,14556.5,14662.9501953125,14516.8798828125,4344280000,14556.5
2023-06-06,14526.099609375,14558.08984375,14593.5,14476.990234375,4810910000,14558.08984375
2023-06-07,14573.26953125,14303.2900390625,14647.91015625,14283.8798828125,5270600000,14303.2900390625
2023-06-08,14319.240234375,14484.5400390625,14503.3095703125,14314.6904296875,4280160000,14484.5400390625
2023-06-09,14574.240234375,14528.3603515625,14672.849609375,14487.48046875,4412710000,14528.3603515625
2023-06-12,14617.349609375,14784.2998046875,14789.599609375,14571.3603515625,4722680000,14784.2998046875
2023-06-13,14911.259765625,14900.849609375,14931.830078125,14770.1396484375,5522100000,14900.849609375
2023-06-14,14894.099609375,15005.6904296875,15017.099609375,14784.6201171875,5772550000,15005.6904296875
2023-06-15,14949.7001953125,15185.48046875,15246.6201171875,14930.1201171875,5667520000,15185.48046875
2023-06-16,15272.650390625,15083.919921875,15284.650390625,15073.4501953125,8076530000,15083.919921875
2023-06-20,15036.48046875,15070.150390625,15127.419921875,14946.7197265625,5237710000,15070.150390625
2023-06-21,15019.009765625,14867.4501953125,15038.900390625,14826.01953125,5194640000,14867.4501953125
2023-06-22,14797.8896484375,15042.3203125,15044.2197265625,14794.9501953125,4499550000,15042.3203125
2023-06-23,14879.23046875,14891.48046875,14983.73046875,14821.8095703125,7734500000,14891.48046875
2023-06-26,14866.66015625,14689.01953125,14982.8203125,14687.01953125,4430600000,14689.01953125
2023-06-27,14751.5703125,14945.91015625,14972.3095703125,14726.75,5053660000,14945.91015625
2023-06-28,14876.25,14964.5703125,15051.080078125,14865.8095703125,4533270000,14964.5703125
2023-06-29,14965.5498046875,14939.9501953125,14986.8896484375,14876.9404296875,4388140000,14939.9501953125
2023-06-30,15085.240234375,15179.2099609375,15213.75,15081.5703125,4661120000,15179.2099609375
2023-07-03,15190.5400390625,15208.6904296875,15232.9599609375,15153.599609375,2902300000,15208.6904296875
2023-07-05,15165.3603515625,15203.7802734375,15275.1796875,15162.66015625,5339340000,15203.7802734375
2023-07-06,15054.099609375,15089.4501953125,15106.4501953125,14969.1396484375,6113080000,15089.4501953125
2023-07-07,15070.5,15036.849609375,15210.6298828125,15032.5595703125,5098120000,15036.849609375
2023-07-10,15031.9501953125,15045.6396484375,15066.4404296875,14924.6396484375,5275390000,15045.6396484375
2023-07-11,15068.1298828125,15119.0595703125,15135.2900390625,14974.16015625,4840950000,15119.0595703125
2023-07-12,15279.349609375,15307.23046875,15364.08984375,15209.7099609375,5230620000,15307.23046875
2023-07-13,15432.48046875,15571.98046875,15602.740234375,15420.7099609375,5183560000,15571.98046875
2023-07-14,15610.0,15565.599609375,15720.0595703125,15531.0,5366890000,15565.599609375
2023-07-17,15608.2802734375,15713.2802734375,15745.669921875,15576.509765625,4593160000,15713.2802734375
2023-07-18,15671.7197265625,15841.349609375,15895.6796875,15607.7099609375,4824070000,15841.349609375
2023-07-19,15888.16015625,15826.349609375,15932.0498046875,15781.9599609375,5112420000,15826.349609375
2023-07-20,15717.669921875,15466.08984375,15771.83984375,15429.8701171875,5128020000,15466.08984375
2023-07-21,15554.9501953125,15425.669921875,15600.5400390625,15410.5703125,5254180000,15425.669921875
2023-07-24,15475.150390625,15448.01953125,15504.669921875,15374.66015625,4083070000,15448.01953125
2023-07-25,15483.0595703125,15561.419921875,15622.6904296875,15482.0400390625,3812470000,15561.419921875
2023-07-26,15514.0400390625,15499.259765625,15571.16015625,15411.91015625,4322000000,15499.259765625
2023-07-27,15734.0302734375,15464.9296875,15795.509765625,15416.0498046875,5115840000,15464.9296875
2023-07-28,15630.169921875,15750.9296875,15788.48046875,15617.75,4453520000,15750.9296875
2023-07-31,15774.2998046875,15757.0,15803.5498046875,15702.740234375,4934440000,15757.0
2023-08-01,15696.98046875,15718.009765625,15748.4296875,15636.5703125,4633770000,15718.009765625
2023-08-02,15561.150390625,15370.740234375,15561.3603515625,15321.4404296875,5481960000,15370.740234375
2023-08-03,15287.76953125,15353.5400390625,15436.58984375,15270.7197265625,6036970000,15353.5400390625
2023-08-04,15420.740234375,15274.919921875,15523.3095703125,15258.6904296875,5349450000,15274.919921875
2023-08-07,15355.6201171875,15407.849609375,15410.849609375,15258.919921875,4892330000,15407.849609375
2023-08-08,15279.41015625,15273.0498046875,15295.7998046875,15148.25,5284550000,15273.0498046875
2023-08-09,15286.990234375,15101.7099609375,15288.759765625,15077.91015625,5591360000,15101.7099609375
2023-08-10,15217.2900390625,15128.83984375,15366.2900390625,15072.490234375,5299080000,15128.83984375
2023-08-11,15010.51953125,15028.0703125,15102.5302734375,14973.669921875,4638880000,15028.0703125
2023-08-14,14988.419921875,15205.58984375,15206.259765625,14972.009765625,4272020000,15205.58984375
2023-08-15,15172.080078125,15037.650390625,15192.8798828125,15014.3603515625,4473320000,15037.650390625
2023-08-16,15021.6298828125,14876.4697265625,15077.0498046875,14874.01953125,6243760000,14876.4697265625
2023-08-17,14943.33984375,14715.8095703125,14949.580078125,14698.2900390625,5280180000,14715.8095703125
2023-08-18,14589.7099609375,14694.83984375,14744.5703125,14557.830078125,4801910000,14694.83984375
2023-08-21,14762.009765625,14936.6904296875,14958.8701171875,14739.3701171875,4363070000,14936.6904296875
2023-08-22,15035.0703125,14908.9599609375,15037.7900390625,14883.98046875,4282430000,14908.9599609375
2023-08-23,14947.580078125,15148.0595703125,15188.8603515625,14947.580078125,4127850000,15148.0595703125
2023-08-24,15278.9296875,14816.4404296875,15279.240234375,14814.830078125,4383820000,14816.4404296875
2023-08-25,14858.9296875,14941.830078125,15001.2900390625,14715.3603515625,3970060000,14941.830078125
2023-08-28,15035.48046875,15052.4599609375,15086.23046875,14948.919921875,3666680000,15052.4599609375
2023-08-29,15043.01953125,15376.5498046875,15391.5595703125,15034.5400390625,4748180000,15376.5498046875
2023-08-30,15386.669921875,15462.4296875,15484.830078125,15341.9404296875,4364600000,15462.4296875
2023-08-31,15475.4296875,15501.0703125,15575.009765625,15466.41015625,4568610000,15501.0703125
2023-09-01,15600.9501953125,15490.8603515625,15618.849609375,15429.3603515625,4033960000,15490.8603515625
2023-09-05,15460.51953125,15508.240234375,15556.849609375,15419.9599609375,4379790000,15508.240234375
2023-09-06,15467.3203125,15371.4404296875,15487.0,15289.48046875,4215320000,15371.4404296875
2023-09-07,15174.2197265625,15258.51953125,15288.2001953125,15138.73046875,4320830000,15258.51953125
2023-09-08,15265.5703125,15280.23046875,15374.2197265625,15244.0595703125,4160360000,15280.23046875
2023-09-11,15409.76953125,15461.8701171875,15482.83984375,15328.349609375,4538870000,15461.8701171875
2023-09-12,15390.58984375,15289.740234375,15447.849609375,15278.8798828125,4595490000,15289.740234375
2023-09-13,15293.26953125,15348.5302734375,15414.6103515625,15256.599609375,4840310000,15348.5302734375
2023-09-14,15433.009765625,15473.8896484375,15512.8203125,15337.1796875,4649010000,15473.8896484375
2023-09-15,15425.9501953125,15202.400390625,15435.4501953125,15173.7099609375,8162210000,15202.400390625
2023-09-18,15161.169921875,15225.3701171875,15268.9599609375,15155.4599609375,4855880000,15225.3701171875
2023-09-19,15152.5302734375,15191.23046875,15219.919921875,15069.41015625,4453460000,15191.23046875
2023-09-20,15225.33984375,14969.919921875,15245.1904296875,14967.599609375,4782440000,14969.919921875
2023-09-21,14813.490234375,14694.240234375,14849.25,14691.6904296875,5014890000,14694.240234375
2023-09-22,14756.6201171875,14701.099609375,14855.919921875,14686.83984375,4302700000,14701.099609375
2023-09-25,14662.6904296875,14768.900390625,14771.1201171875,14615.4501953125,4100290000,14768.900390625
2023-09-26,14668.4501953125,14545.830078125,14678.48046875,14505.6796875,4693540000,14545.830078125
2023-09-27,14600.1396484375,14580.16015625,14657.2099609375,14432.599609375,4841410000,14580.16015625
2023-09-28,14530.9599609375,14702.76953125,14787.580078125,14510.169921875,4648390000,14702.76953125
2023-09-29,14853.349609375,14715.240234375,14901.849609375,14664.7802734375,5138500000,14715.240234375
2023-10-02,14717.900390625,14837.5703125,14892.1796875,14701.51953125,4554700000,14837.5703125
2023-10-03,14744.0498046875,14565.6201171875,14819.8701171875,14504.1396484375,4684310000,14565.6201171875
2023-10-04,14613.23046875,14776.25,14803.0400390625,14592.5595703125,4308070000,14776.25
2023-10-05,14769.5498046875,14723.2197265625,14784.6904296875,14584.3896484375,4167470000,14723.2197265625
2023-10-06,14622.23046875,14973.240234375,15021.3798828125,14575.9501953125,4309420000,14973.240234375
2023-10-09,14871.5703125,15047.150390625,15070.6396484375,14816.3203125,3835930000,15047.150390625
2023-10-10,15074.0400390625,15131.51953125,15241.9404296875,15050.5400390625,4301350000,15131.51953125
2023-10-11,15194.5302734375,15241.1201171875,15248.2197265625,15119.6201171875,4160440000,15241.1201171875
2023-10-12,15264.1103515625,15184.099609375,15333.98046875,15090.6904296875,4858620000,15184.099609375
2023-10-13,15225.73046875,14995.1201171875,15232.3701171875,14943.419921875,4251550000,14995.1201171875
2023-10-16,15054.48046875,15172.73046875,15209.5,15047.26953125,4308690000,15172.73046875
2023-10-17,15009.259765625,15122.009765625,15187.0595703125,14932.76953125,4417640000,15122.009765625
2023-10-18,15022.2802734375,14909.259765625,15103.8701171875,14865.8095703125,4617140000,14909.259765625
2023-10-19,14981.1298828125,14783.1298828125,15023.91015625,14749.2998046875,5014790000,14783.1298828125
2023-10-20,14752.58984375,14560.8798828125,14781.2197265625,14552.1201171875,4622840000,14560.8798828125
2023-10-23,14514.1103515625,14604.849609375,14746.3701171875,14419.0595703125,4669060000,14604.849609375
2023-10-24,14678.41015625,14745.8603515625,14774.16015625,14610.330078125,4604720000,14745.8603515625
2023-10-25,14642.080078125,14381.6396484375,14643.6904296875,14362.240234375,4599850000,14381.6396484375
2023-10-26,14314.009765625,14109.5703125,14372.509765625,14058.330078125,4894900000,14109.5703125
2023-10-27,14245.75,14180.419921875,14321.0400390625,14130.3701171875,4172100000,14180.419921875
2023-10-30,14283.98046875,14335.509765625,14388.2001953125,14225.8603515625,4149320000,14335.509765625
2023-10-31,14340.8603515625,14409.7802734375,14420.4404296875,14232.400390625,4315630000,14409.7802734375
2023-11-01,14453.6796875,14664.91015625,14677.8603515625,14441.8896484375,4545120000,14664.91015625
2023-11-02,14856.9501953125,14919.5498046875,14930.759765625,14792.8095703125,4962950000,14919.5498046875
2023-11-03,14985.1201171875,15099.490234375,15149.7802734375,14965.2900390625,4918750000,15099.490234375
2023-11-06,15137.16015625,15154.9296875,15180.1904296875,15064.91015625,4345850000,15154.9296875
2023-11-07,15201.76953125,15296.01953125,15335.4404296875,15153.3095703125,4354460000,15296.01953125
2023-11-08,15313.900390625,15313.240234375,15343.1904296875,15220.8798828125,4685550000,15313.240234375
2023-11-09,15351.1201171875,15187.900390625,15382.1103515625,15171.3203125,5313970000,15187.900390625
2023-11-10,15252.3603515625,15529.1201171875,15535.2001953125,15237.169921875,4722140000,15529.1201171875
2023-11-13,15469.2099609375,15482.7900390625,15524.66015625,15404.7099609375,4349590000,15482.7900390625
2023-11-14,15744.3603515625,15812.4697265625,15850.33984375,15726.1201171875,5332490000,15812.4697265625
2023-11-15,15881.7197265625,15817.1796875,15904.6298828125,15765.3095703125,5063830000,15817.1796875
2023-11-16,15765.2001953125,15833.169921875,15842.6298828125,15738.2197265625,4545180000,15833.169921875
2023-11-17,15803.98046875,15837.990234375,15876.8701171875,15766.9404296875,4408640000,15837.990234375
2023-11-20,15845.2001953125,16027.0595703125,16056.759765625,15844.830078125,4561810000,16027.0595703125
2023-11-21,15951.5498046875,15933.6201171875,15968.08984375,15866.8203125,4128600000,15933.6201171875
2023-11-22,16025.740234375,16001.3896484375,16119.3095703125,15964.0400390625,3855240000,16001.3896484375
2023-11-24,15974.849609375,15982.009765625,16007.4296875,15940.6201171875,2541840000,15982.009765625
2023-11-27,15969.7197265625,15961.98046875,16045.2998046875,15932.1904296875,4205880000,15961.98046875
2023-11-28,15940.2900390625,16010.4296875,16031.51953125,15921.0703125,4474400000,16010.4296875
2023-11-29,16111.3603515625,15987.599609375,16166.509765625,15976.6904296875,4890220000,15987.599609375
2023-11-30,15987.66015625,15947.8701171875,16013.48046875,15825.669921875,5678070000,15947.8701171875
2023-12-01,15892.58984375,15997.580078125,16013.75,15834.9296875,5607000000,15997.580078125
2023-12-04,15837.1201171875,15839.669921875,15852.4501953125,15695.580078125,6270020000,15839.669921875
2023-12-05,15763.650390625,15877.7099609375,15931.83984375,15760.58984375,6179120000,15877.7099609375
2023-12-06,15990.2001953125,15788.0498046875,15990.9404296875,15776.9501953125,5167030000,15788.0498046875
2023-12-07,15888.23046875,16022.490234375,16042.509765625,15875.48046875,5694310000,16022.490234375
2023-12-08,15952.849609375,16084.6904296875,16100.8603515625,15937.580078125,5430840000,16084.6904296875
2023-12-11,16069.6201171875,16221.73046875,16232.259765625,16061.8701171875,5607820000,16221.73046875
2023-12-12,16209.6103515625,16354.25,16354.25,16175.4599609375,4950100000,16354.25
2023-12-13,16392.1796875,16562.369140625,16581.0390625,16357.2099609375,6732040000,16562.369140625
2023-12-14,16603.5390625,16537.830078125,16660.7109375,16419.259765625,8033170000,16537.830078125
2023-12-15,16587.0,16623.44921875,16669.76953125,16557.009765625,8377630000,16623.44921875
2023-12-18,16631.109375,16729.80078125,16764.3203125,16629.2890625,5866080000,16729.80078125
2023-12-19,16734.25,16811.849609375,16813.009765625,16733.380859375,5757180000,16811.849609375
2023-12-20,16763.640625,16554.16015625,16860.6796875,16552.060546875,6294700000,16554.16015625
2023-12-21,16719.609375,16757.41015625,16768.01953125,16621.51953125,5465640000,16757.41015625
2023-12-22,16799.01953125,16777.400390625,16839.25,16703.5703125,4796600000,16777.400390625
2023-12-26,16816.779296875,16878.4609375,16907.509765625,16813.5703125,6120600000,16878.4609375
2023-12-27,16896.140625,16906.80078125,16922.009765625,16859.55078125,7480170000,16906.80078125
2023-12-28,16963.51953125,16898.470703125,16969.169921875,16891.3203125,5090570000,16898.470703125
2023-12-29,16902.439453125,16825.9296875,16919.509765625,16757.890625,5441060000,16825.9296875
2024-01-02,16667.30078125,16543.939453125,16686.599609375,16453.150390625,5791170000,16543.939453125
2024-01-03,16413.259765625,16368.490234375,16471.080078125,16352.1396484375,5449950000,16368.490234375
2024-01-04,16290.7802734375,16282.009765625,16419.439453125,16276.4296875,5289220000,16282.009765625
2024-01-05,16281.740234375,16305.98046875,16415.390625,16249.1904296875,5232820000,16305.98046875
2024-01-08,16354.2197265625,16649.869140625,16655.23046875,16349.3896484375,6337770000,16649.869140625
2024-01-09,16531.9609375,16678.69921875,16710.880859375,16513.73046875,5068410000,16678.69921875
2024-01-10,16702.55078125,16793.05078125,16827.369140625,16654.740234375,4404590000,16793.05078125
2024-01-11,16852.189453125,16820.900390625,16898.16015625,16618.859375,5044690000,16820.900390625
2024-01-12,16855.0,16832.919921875,16900.369140625,16776.919921875,4958940000,16832.919921875
2024-01-16,16775.099609375,16830.7109375,16895.330078125,16726.58984375,6386180000,16830.7109375
2024-01-17,16705.509765625,16736.279296875,16749.109375,16561.490234375,5181740000,16736.279296875
2024-01-18,16894.330078125,16982.2890625,16996.98046875,16818.130859375,5587440000,16982.2890625
2024-01-19,17060.140625,17314.0,17317.2109375,17041.849609375,5604950000,17314.0
2024-01-22,17403.619140625,17330.380859375,17450.30078125,17309.869140625,5456240000,17330.380859375
2024-01-23,17346.94921875,17404.2109375,17410.859375,17286.01953125,5207680000,17404.2109375
2024-01-24,17562.3203125,17499.30078125,17665.259765625,17481.970703125,4983210000,17499.30078125
2024-01-25,17589.26953125,17516.990234375,17631.33984375,17430.369140625,5281570000,17516.990234375
2024-01-26,17432.869140625,17421.009765625,17514.759765625,17395.5390625,4510530000,17421.009765625
2024-01-29,17438.029296875,17596.26953125,17603.94921875,17414.619140625,4979310000,17596.26953125
2024-01-30,17556.490234375,17476.7109375,17578.4609375,17443.76953125,4719240000,17476.7109375
2024-01-31,17269.98046875,17137.240234375,17375.3203125,17128.740234375,5875610000,17137.240234375
2024-02-01,17216.990234375,17344.7109375,17356.759765625,17175.830078125,5046920000,17344.7109375
2024-02-02,17415.939453125,17642.73046875,17682.2890625,17378.369140625,4800690000,17642.73046875
2024-02-05,17634.689453125,17613.0390625,17655.76953125,17469.619140625,4831020000,17613.0390625
2024-02-06,17664.439453125,17572.73046875,17680.619140625,17475.4296875,4759640000,17572.73046875
2024-02-07,17674.58984375,17755.0703125,17784.169921875,17637.73046875,4567580000,17755.0703125
2024-02-08,17757.599609375,17783.169921875,17814.119140625,17728.55078125,5675850000,17783.169921875
2024-02-09,17820.98046875,17962.41015625,17987.900390625,17798.810546875,5797260000,17962.41015625
2024-02-12,17942.279296875,17882.66015625,18041.44921875,17859.66015625,5458490000,17882.66015625
2024-02-13,17519.80078125,17600.419921875,17717.669921875,17478.23046875,5599860000,17600.419921875
2024-02-14,17728.900390625,17807.630859375,17815.1796875,17619.919921875,5092660000,17807.630859375
2024-02-15,17815.3203125,17845.720703125,17864.58984375,17722.310546875,6049100000,17845.720703125
2024-02-16,17853.58984375,17685.98046875,17864.16015625,17663.400390625,5223800000,17685.98046875
2024-02-20,17591.169921875,17546.099609375,17657.080078125,17399.41015625,5595700000,17546.099609375
2024-02-21,17412.7890625,17478.91015625,17482.130859375,17319.439453125,4845740000,17478.91015625
2024-02-22,17857.759765625,18004.69921875,18034.80078125,17808.259765625,5653930000,18004.69921875
2024-02-23,18052.58984375,17937.609375,18091.619140625,17902.779296875,5077910000,17937.609375
2024-02-26,17970.2109375,17933.330078125,18014.109375,17926.66015625,5417630000,17933.330078125
2024-02-27,17962.580078125,17971.05078125,17987.5390625,17871.060546875,5423020000,17971.05078125
2024-02-28,17895.029296875,17874.5,17931.009765625,17840.359375,5581690000,17874.5
2024-02-29,17991.669921875,18043.849609375,18068.51953125,17866.259765625,6265340000,18043.849609375
2024-03-01,18069.2890625,18302.91015625,18333.259765625,18064.439453125,5457910000,18302.91015625
2024-03-04,18290.099609375,18226.48046875,18313.4296875,18218.25,5725470000,18226.48046875
2024-03-05,18088.7109375,17897.869140625,18097.5,17804.5,6356800000,17897.869140625
2024-03-06,18083.509765625,18017.5703125,18142.880859375,17941.640625,5511370000,18017.5703125
2024-03-07,18161.73046875,18297.990234375,18337.94921875,18101.4296875,5072790000,18297.990234375
2024-03-08,18312.7890625,18018.44921875,18416.73046875,17995.380859375,5411790000,18018.44921875
2024-03-11,17959.6796875,17951.689453125,18003.05078125,17873.330078125,4917620000,17951.689453125
2024-03-12,18063.01953125,18219.109375,18228.369140625,17919.330078125,5100330000,18219.109375
2024-03-13,18151.759765625,18068.470703125,18163.740234375,18030.400390625,4839000000,18068.470703125
2024-03-14,18114.689453125,18014.810546875,18142.900390625,17913.630859375,5450980000,18014.810546875
2024-03-15,17926.919921875,17808.25,17930.470703125,17764.990234375,8261950000,17808.25
2024-03-18,18024.240234375,17985.009765625,18124.3203125,17973.08984375,5025040000,17985.009765625
2024-03-19,17902.51953125,18032.19921875,18039.8203125,17809.150390625,4758740000,18032.19921875
2024-03-20,18067.69921875,18240.109375,18249.119140625,18003.240234375,5298380000,18240.109375
2024-03-21,18438.240234375,18320.380859375,18464.69921875,18317.099609375,5134740000,18320.380859375
2024-03-22,18293.150390625,18339.439453125,18386.25,18267.490234375,4339930000,18339.439453125
2024-03-25,18215.5390625,18277.060546875,18337.349609375,18189.279296875,4636940000,18277.060546875
2024-03-26,18329.2890625,18210.5390625,18378.69921875,18207.880859375,5144260000,18210.5390625
2024-03-27,18338.189453125,18280.83984375,18344.08984375,18168.19921875,4768930000,18280.83984375
2024-03-28,18263.41015625,18254.689453125,18308.3203125,18231.380859375,5174450000,18254.689453125
2024-04-01,18280.8203125,18293.19921875,18391.580078125,18211.279296875,4798390000,18293.19921875
2024-04-02,18076.4296875,18121.779296875,18135.5703125,18002.26953125,4710280000,18121.779296875
2024-04-03,18054.439453125,18160.189453125,18238.669921875,18045.419921875,5151500000,18160.189453125
2024-04-04,18331.01953125,17878.779296875,18362.2890625,17875.75,5368700000,17878.779296875
2024-04-05,17940.279296875,18108.4609375,18202.9609375,17912.859375,4578130000,18108.4609375
2024-04-08,18130.439453125,18100.189453125,18178.66015625,18050.689453125,4386700000,18100.189453125
2024-04-09,18188.869140625,18169.900390625,18210.01953125,17973.0703125,4869190000,18169.900390625
2024-04-10,17957.9609375,18011.66015625,18040.830078125,17932.419921875,5308250000,18011.66015625
2024-04-11,18085.109375,18307.98046875,18337.150390625,17998.25,4714750000,18307.98046875
2024-04-12,18117.669921875,18003.490234375,18166.490234375,17952.08984375,4552740000,18003.490234375
2024-04-15,18143.25,17706.830078125,18152.080078125,17676.349609375,4910550000,17706.830078125
2024-04-16,17691.44921875,17713.66015625,17817.73046875,17660.890625,5001860000,17713.66015625
2024-04-17,17785.8203125,17493.619140625,17788.5390625,17459.5703125,4991470000,17493.619140625
2024-04-18,17514.76953125,17394.310546875,17590.810546875,17376.490234375,4932540000,17394.310546875
2024-04-19,17334.7109375,17037.650390625,17362.279296875,16973.939453125,5316010000,17037.650390625
2024-04-22,17161.109375,17210.890625,17305.150390625,17010.25,4616730000,17210.890625
2024-04-23,17297.240234375,17471.470703125,17513.310546875,17277.25,4951670000,17471.470703125
2024-04-24,17613.66015625,17526.80078125,17653.66015625,17435.330078125,4735870000,17526.80078125
2024-04-25,17205.279296875,17430.5,17474.4609375,17172.419921875,4743640000,17430.5
2024-04-26,17566.220703125,17718.30078125,17772.779296875,17533.080078125,4694400000,17718.30078125
2024-04-29,17801.140625,17782.720703125,17820.0,17671.029296875,4972520000,17782.720703125
2024-04-30,17720.349609375,17440.689453125,17768.869140625,17440.689453125,5229400000,17440.689453125
2024-05-01,17382.779296875,17318.55078125,17667.859375,17284.369140625,5277790000,17318.55078125
2024-05-02,17474.919921875,17541.5390625,17575.80078125,17290.640625,4901610000,17541.5390625
2024-05-03,17848.66015625,17890.80078125,17926.98046875,17784.779296875,4887310000,17890.80078125
2024-05-06,17950.98046875,18093.5703125,18094.4609375,17937.279296875,4460130000,18093.5703125
2024-05-07,18106.330078125,18091.44921875,18156.3203125,18061.609375,5041870000,18091.44921875
2024-05-08,17987.69921875,18085.009765625,18135.33984375,17987.69921875,4530190000,18085.009765625
2024-05-09,18095.80078125,18113.4609375,18138.01953125,18012.619140625,4505120000,18113.4609375
2024-05-10,18171.150390625,18161.1796875,18247.609375,18099.73046875,4402110000,18161.1796875
2024-05-13,18228.400390625,18198.609375,18233.5,18147.5703125,4452750000,18198.609375
2024-05-14,18187.509765625,18322.76953125,18339.580078125,18175.30078125,7270240000,18322.76953125
2024-05-15,18412.810546875,18596.650390625,18607.529296875,18359.3203125,8538990000,18596.650390625
2024-05-16,18589.98046875,18557.9609375,18669.5,18553.30078125,11932600000,18557.9609375
2024-05-17,18571.8203125,18546.23046875,18590.369140625,18462.25,9587280000,18546.23046875
2024-05-20,18559.220703125,18674.189453125,18703.830078125,18549.83984375,6861320000,18674.189453125
2024-05-21,18603.990234375,18713.80078125,18721.1796875,18589.91015625,6245090000,18713.80078125
2024-05-22,18733.5390625,18705.19921875,18756.689453125,18606.16015625,7277340000,18705.19921875
2024-05-23,18907.140625,18623.390625,18907.5390625,18554.890625,7752800000,18623.390625
2024-05-24,18669.359375,18808.349609375,18851.990234375,18664.7890625,5836040000,18808.349609375
2024-05-28,18855.150390625,18869.439453125,18875.19921875,18755.939453125,6293380000,18869.439453125
2024-05-29,18708.0703125,18736.75,18814.8203125,18706.619140625,6652480000,18736.75
2024-05-30,18683.25,18538.66015625,18705.259765625,18487.759765625,6659290000,18538.66015625
2024-05-31,18550.80078125,18536.650390625,18574.560546875,18189.779296875,6674090000,18536.650390625
2024-06-03,18666.720703125,18600.970703125,18707.220703125,18392.5703125,5422040000,18600.970703125
2024-06-04,18598.0,18654.83984375,18697.94921875,18521.849609375,4917350000,18654.83984375
2024-06-05,18791.279296875,19035.05078125,19035.869140625,18768.25,5325000000,19035.05078125
2024-06-06,19053.009765625,19021.189453125,19071.7890625,18978.859375,4960580000,19021.189453125
2024-06-07,18992.580078125,19000.94921875,19113.880859375,18958.6796875,4755650000,19000.94921875
2024-06-10,18945.310546875,19074.669921875,19089.830078125,18940.7109375,5207110000,19074.669921875
2024-06-11,19031.400390625,19210.1796875,19212.630859375,18966.560546875,5009220000,19210.1796875
2024-06-12,19358.259765625,19465.1796875,19556.900390625,19347.279296875,5560630000,19465.1796875
2024-06-13,19609.05078125,19576.919921875,19639.44921875,19473.7109375,4916020000,19576.919921875
2024-06-14,19557.220703125,19659.80078125,19664.58984375,19534.619140625,4973820000,19659.80078125
2024-06-17,19681.859375,19902.75,19977.83984375,19623.7109375,6061200000,19902.75
2024-06-18,19904.4296875,19908.859375,19940.5,19837.859375,5796180000,19908.859375
2024-06-20,19962.970703125,19752.30078125,19979.9296875,19685.029296875,6289300000,19752.30078125
2024-06-21,19722.369140625,19700.4296875,19801.970703125,19643.51953125,8589160000,19700.4296875
2024-06-24,19648.23046875,19474.619140625,19723.19921875,19472.529296875,5503210000,19474.619140625
2024-06-25,19555.83984375,19701.130859375,19712.419921875,19523.509765625,4848280000,19701.130859375
2024-06-26,19671.0703125,19751.05078125,19763.55078125,19654.1796875,5294310000,19751.05078125
2024-06-27,19740.51953125,19789.029296875,19850.810546875,19701.33984375,5382060000,19789.029296875
2024-06-28,19817.0,19682.869140625,20017.7109375,19665.849609375,8960940000,19682.869140625
2024-07-01,19720.109375,19812.220703125,19827.75,19577.5390625,5189990000,19812.220703125
2024-07-02,19746.220703125,20011.890625,20014.919921875,19741.810546875,4526550000,20011.890625
2024-07-03,19995.279296875,20186.630859375,20186.630859375,19995.279296875,3713960000,20186.630859375
2024-07-05,20224.130859375,20391.970703125,20407.0,20201.5,4851000000,20391.970703125
2024-07-08,20393.890625,20439.5390625,20455.380859375,20363.369140625,5286260000,20439.5390625
2024-07-09,20504.169921875,20453.01953125,20543.900390625,20395.5703125,4839140000,20453.01953125
2024-07-10,20533.26953125,20675.380859375,20690.970703125,20479.939453125,5228240000,20675.380859375
2024-07-11,20661.41015625,20211.359375,20672.099609375,20165.0,6366620000,20211.359375
2024-07-12,20226.23046875,20331.490234375,20526.080078125,20217.990234375,5845930000,20331.490234375
2024-07-15,20401.01953125,20386.880859375,20585.169921875,20304.529296875,5450350000,20386.880859375
2024-07-16,20441.529296875,20398.619140625,20477.0,20266.509765625,5812930000,20398.619140625
2024-07-17,20041.310546875,19799.140625,20080.26953125,19793.75,6007280000,19799.140625
2024-07-18,19936.240234375,19705.08984375,19947.98046875,19575.7890625,5977260000,19705.08984375
2024-07-19,19687.80078125,19522.619140625,19784.48046875,19479.380859375,4992930000,19522.619140625
2024-07-22,19751.01953125,19822.869140625,19861.720703125,19638.369140625,5093620000,19822.869140625
2024-07-23,19783.330078125,19754.33984375,19904.599609375,19736.220703125,4938000000,19754.33984375
2024-07-24,19475.66015625,19032.390625,19482.55078125,19005.470703125,6735560000,19032.390625
2024-07-25,19041.150390625,18830.580078125,19227.19921875,18721.7109375,6114350000,18830.580078125
2024-07-26,18990.19921875,19023.66015625,19142.6796875,18899.310546875,5281560000,19023.66015625
2024-07-29,19122.4296875,19059.490234375,19224.58984375,18974.509765625,4897230000,19059.490234375
2024-07-30,19129.560546875,18796.26953125,19165.419921875,18667.220703125,5564310000,18796.26953125
2024-07-31,19222.849609375,19362.4296875,19426.619140625,19162.91015625,6292560000,19362.4296875
2024-08-01,19375.970703125,18890.390625,19538.970703125,18737.08984375,6664550000,18890.390625
2024-08-02,18494.240234375,18440.849609375,18628.779296875,18263.5,6313870000,18440.849609375
2024-08-05,17444.400390625,17895.16015625,18169.490234375,17435.390625,6852190000,17895.16015625
2024-08-06,17961.44921875,18077.919921875,18368.6796875,17858.8203125,5908930000,18077.919921875
2024-08-07,18345.44921875,17867.369140625,18445.75,17851.080078125,5913620000,17867.369140625
2024-08-08,18102.05078125,18413.8203125,18445.41015625,17965.0703125,5815880000,18413.8203125
2024-08-09,18373.890625,18513.099609375,18567.630859375,18313.779296875,5783410000,18513.099609375
2024-08-12,18548.23046875,18542.029296875,18665.75,18433.609375,4890850000,18542.029296875
2024-08-13,18724.83984375,19006.4296875,19013.009765625,18723.740234375,5469160000,19006.4296875
2024-08-14,19043.759765625,19022.6796875,19103.0,18837.099609375,4985480000,19022.6796875
2024-08-15,19251.859375,19490.150390625,19502.919921875,19239.939453125,5478170000,19490.150390625
2024-08-16,19393.73046875,19508.51953125,19561.240234375,19376.720703125,5138150000,19508.51953125
2024-08-19,19521.9296875,19766.490234375,19767.4296875,19445.099609375,5564300000,19766.490234375
2024-08-20,19736.349609375,19719.8203125,19835.380859375,19652.1796875,5305260000,19719.8203125
2024-08-21,19758.470703125,19824.83984375,19885.33984375,19690.640625,4765150000,19824.83984375
2024-08-22,19911.279296875,19491.83984375,19938.890625,19459.859375,5065360000,19491.83984375
2024-08-23,19669.779296875,19720.869140625,19818.400390625,19526.630859375,5380810000,19720.869140625
2024-08-26,19679.240234375,19516.439453125,19726.900390625,19437.33984375,5110940000,19516.439453125
2024-08-27,19450.5703125,19581.51953125,19617.919921875,19369.529296875,4362380000,19581.51953125
2024-08-28,19567.44921875,19350.779296875,19587.0390625,19221.48046875,5211920000,19350.779296875
2024-08-29,19425.279296875,19325.44921875,19622.73046875,19281.650390625,5727780000,19325.44921875
2024-08-30,19506.26953125,19574.640625,19582.169921875,19326.619140625,5531150000,19574.640625
2024-09-03,19438.109375,18958.740234375,19438.109375,18869.80078125,5813970000,18958.740234375
2024-09-04,18832.640625,18921.400390625,19070.8203125,18808.759765625,5011820000,18921.400390625
2024-09-05,18864.419921875,18930.330078125,19102.359375,18806.830078125,4983030000,18930.330078125
2024-09-06,18903.029296875,18421.310546875,18930.76953125,18400.970703125,5549030000,18421.310546875
2024-09-09,18579.80078125,18660.779296875,18693.859375,18469.400390625,5132150000,18660.779296875
2024-09-10,18722.150390625,18829.140625,18845.740234375,18570.669921875,4963740000,18829.140625
2024-09-11,18866.0,19237.30078125,19266.390625,18531.580078125,6086930000,19237.30078125
2024-09-12,19236.419921875,19423.0703125,19456.41015625,19166.80078125,4983120000,19423.0703125
2024-09-13,19396.099609375,19514.58984375,19556.80078125,19384.689453125,4802880000,19514.58984375
2024-09-16,19412.7890625,19423.060546875,19446.060546875,19294.1796875,4675530000,19423.060546875
2024-09-17,19539.75,19432.400390625,19596.33984375,19337.119140625,4959520000,19432.400390625
2024-09-18,19478.509765625,19344.490234375,19643.509765625,19330.810546875,5611630000,19344.490234375
2024-09-19,19798.7109375,19839.830078125,19951.7890625,19723.939453125,5574650000,19839.830078125
2024-09-20,19816.2890625,19791.490234375,19845.69921875,19632.73046875,9914480000,19791.490234375
2024-09-23,19848.7109375,19852.19921875,19892.779296875,19797.8203125,5237310000,19852.19921875
2024-09-24,19917.560546875,19944.83984375,19984.470703125,19739.669921875,5347580000,19944.83984375
2024-09-25,19922.279296875,19972.609375,20043.4296875,19921.220703125,4858060000,19972.609375
2024-09-26,20273.30078125,20115.5390625,20273.30078125,19966.990234375,5669210000,20115.5390625
2024-09-27,20147.279296875,20008.619140625,20152.529296875,19964.130859375,5367890000,20008.619140625
2024-09-30,19959.259765625,20060.689453125,20072.4296875,19852.849609375,5846150000,20060.689453125
2024-10-01,20046.060546875,19773.30078125,20056.19921875,19622.2890625,5879980000,19773.30078125
2024-10-02,19725.94921875,19802.58984375,19876.69921875,19630.91015625,5489040000,19802.58984375
2024-10-03,19712.330078125,19793.33984375,19902.69921875,19688.220703125,5208990000,19793.33984375
2024-10-04,20025.16015625,20035.01953125,20045.689453125,19829.490234375,5136070000,20035.01953125
2024-10-07,19954.66015625,19800.740234375,19990.119140625,19763.0390625,5240320000,19800.740234375
2024-10-08,19902.2109375,20107.779296875,20132.669921875,19881.080078125,5566510000,20107.779296875
2024-10-09,20097.560546875,20268.859375,20284.419921875,20047.859375,5228670000,20268.859375
2024-10-10,20165.25,20241.759765625,20314.240234375,20117.19921875,5855390000,20241.759765625
2024-10-11,20154.83984375,20271.970703125,20313.19921875,20142.1796875,5140440000,20271.970703125
2024-10-14,20366.060546875,20439.05078125,20493.900390625,20355.060546875,4894710000,20439.05078125
2024-10-15,20442.76953125,20159.830078125,20484.310546875,20083.560546875,6522700000,20159.830078125
2024-10-16,20172.869140625,20174.05078125,20200.58984375,20036.73046875,5257570000,20174.05078125
2024-10-17,20375.2890625,20190.419921875,20377.650390625,20186.4296875,5806860000,20190.419921875
2024-10-18,20288.48046875,20324.0390625,20360.2890625,20273.55078125,5090190000,20324.0390625
2024-10-21,20280.490234375,20361.470703125,20386.6796875,20193.029296875,6092180000,20361.470703125
2024-10-22,20256.970703125,20390.4609375,20437.9296875,20218.849609375,6407180000,20390.4609375
2024-10-23,20303.55078125,20066.9609375,20312.779296875,19934.919921875,6245610000,20066.9609375
2024-10-24,20197.619140625,20232.869140625,20256.380859375,20116.880859375,5761280000,20232.869140625
2024-10-25,20354.91015625,20352.01953125,20552.8203125,20322.25,6100040000,20352.01953125
2024-10-28,20455.009765625,20351.0703125,20470.4296875,20344.8203125,5641660000,20351.0703125
2024-10-29,20369.080078125,20550.650390625,20600.099609375,20294.580078125,6881170000,20550.650390625
2024-10-30,20510.919921875,20387.69921875,20559.51953125,20378.75,6514690000,20387.69921875
2024-10-31,20227.189453125,19890.419921875,20227.189453125,19880.259765625,6411940000,19890.419921875
2024-11-01,19955.830078125,20033.140625,20162.5390625,19950.990234375,5896470000,20033.140625
2024-11-04,20011.55078125,19963.599609375,20106.990234375,19898.5703125,5762320000,19963.599609375
2024-11-05,20042.9296875,20227.4609375,20249.2109375,20042.9296875,7060340000,20227.4609375
2024-11-06,20571.2890625,20781.330078125,20807.029296875,20526.640625,8138050000,20781.330078125
2024-11-07,20896.41015625,21101.5703125,21132.80078125,20896.41015625,9232670000,21101.5703125
2024-11-08,21083.580078125,21117.1796875,21155.0,21050.3203125,7316010000,21117.1796875
2024-11-11,21171.240234375,21106.58984375,21182.029296875,20993.48046875,8087930000,21106.58984375
2024-11-12,21105.490234375,21070.7890625,21144.669921875,20946.740234375,7816410000,21070.7890625
2024-11-13,21049.66015625,21036.16015625,21154.939453125,20955.240234375,9623670000,21036.16015625
2024-11-14,21052.0703125,20896.669921875,21067.66015625,20864.01953125,8680480000,20896.669921875
2024-11-15,20679.98046875,20394.130859375,20684.560546875,20315.080078125,8002270000,20394.130859375
2024-11-18,20450.2109375,20539.189453125,20622.279296875,20401.259765625,8455360000,20539.189453125
2024-11-19,20435.6796875,20684.58984375,20696.470703125,20423.30078125,7246610000,20684.58984375
2024-11-20,20660.83984375,20667.099609375,20676.5703125,20402.5390625,7121670000,20667.099609375
2024-11-21,20775.26953125,20740.779296875,20814.9296875,20436.80078125,7492540000,20740.779296875
2024-11-22,20737.490234375,20776.23046875,20797.240234375,20655.720703125,6575820000,20776.23046875
2024-11-25,20918.759765625,20804.890625,20998.490234375,20712.380859375,7932980000,20804.890625
2024-11-26,20871.55078125,20922.900390625,20944.900390625,20832.400390625,6411770000,20922.900390625
2024-11-27,20852.4296875,20744.490234375,20853.080078125,20615.419921875,5619090000,20744.490234375
2024-11-29,20771.01953125,20930.369140625,20956.310546875,20751.9609375,4042550000,20930.369140625
2024-12-02,20971.759765625,21164.599609375,21201.029296875,20971.759765625,6370530000,21164.599609375
2024-12-03,21106.509765625,21229.3203125,21235.7890625,21081.810546875,6005160000,21229.3203125
2024-12-04,21361.810546875,21492.359375,21498.439453125,21340.83984375,7870030000,21492.359375
2024-12-05,21488.51953125,21425.220703125,21517.490234375,21411.529296875,7229510000,21425.220703125
2024-12-06,21458.580078125,21622.25,21626.310546875,21449.619140625,6787610000,21622.25
2024-12-09,21573.759765625,21440.8203125,21609.990234375,21400.76953125,7884620000,21440.8203125
2024-12-10,21492.509765625,21368.1796875,21567.01953125,21313.26953125,6843850000,21368.1796875
2024-12-11,21540.380859375,21763.98046875,21784.7109375,21533.890625,6639720000,21763.98046875
2024-12-12,21652.849609375,21615.26953125,21715.830078125,21596.669921875,7047550000,21615.26953125
2024-12-13,21789.650390625,21780.25,21886.740234375,21646.08984375,6028250000,21780.25
2024-12-16,21891.359375,22096.66015625,22133.220703125,21879.740234375,8855040000,22096.66015625
2024-12-17,22003.640625,22001.080078125,22062.0,21921.2109375,9534350000,22001.080078125
2024-12-18,21979.529296875,21209.3203125,22038.080078125,21146.830078125,9996120000,21209.3203125
2024-12-19,21358.7890625,21110.509765625,21413.740234375,21093.4609375,8029590000,21110.509765625
2024-12-20,20939.640625,21289.150390625,21540.3203125,20913.720703125,10962450000,21289.150390625
2024-12-23,21364.259765625,21503.169921875,21510.08984375,21224.26953125,6820720000,21503.169921875
2024-12-24,21564.369140625,21797.650390625,21797.650390625,21558.970703125,4739190000,21797.650390625
2024-12-26,21733.98046875,21768.310546875,21837.69921875,21645.619140625,6467910000,21768.310546875
2024-12-27,21633.099609375,21473.01953125,21642.259765625,21292.189453125,7765120000,21473.01953125
2024-12-30,21189.099609375,21197.08984375,21346.060546875,21046.630859375,8384090000,21197.08984375
2024-12-31,21256.01953125,21012.169921875,21276.140625,20979.51953125,8873030000,21012.169921875
2025-01-02,21120.05078125,20975.619140625,21236.58984375,20800.5,8737550000,20975.619140625
2025-01-03,21096.7890625,21326.16015625,21359.630859375,21075.890625,8214050000,21326.16015625
2025-01-06,21551.1796875,21559.5,21703.490234375,21462.51953125,9586840000,21559.5
2025-01-07,21619.890625,21173.0390625,21621.25,21101.08984375,13371130000,21173.0390625
2025-01-08,21156.759765625,21180.970703125,21242.609375,20992.080078125,8851720000,21180.970703125
2025-01-10,21012.2890625,20847.580078125,21015.509765625,20718.779296875,8608880000,20847.580078125
2025-01-13,20593.650390625,20784.720703125,20797.099609375,20538.330078125,7830760000,20784.720703125
2025-01-14,20896.359375,20757.41015625,20969.51953125,20622.720703125,7168110000,20757.41015625
2025-01-15,21067.810546875,21237.849609375,21286.009765625,21024.26953125,7260250000,21237.849609375
2025-01-16,21324.98046875,21091.25,21330.58984375,21087.849609375,7085990000,21091.25
2025-01-17,21461.900390625,21441.16015625,21515.759765625,21334.630859375,7996360000,21441.16015625
2025-01-21,21557.8203125,21566.509765625,21620.23046875,21379.060546875,8015780000,21566.509765625
2025-01-22,21756.23046875,21853.0,21943.0390625,21756.23046875,7219060000,21853.0
2025-01-23,21737.240234375,21900.9296875,21900.9296875,21722.0390625,6837700000,21900.9296875
2025-01-24,21915.48046875,21774.009765625,21945.48046875,21709.060546875,7708150000,21774.009765625
2025-01-27,21000.169921875,21127.279296875,21292.5390625,20974.900390625,8870200000,21127.279296875
2025-01-28,21186.080078125,21463.0390625,21500.73046875,21043.130859375,7121740000,21463.0390625
2025-01-29,21473.009765625,21411.4609375,21477.880859375,21251.80078125,6497710000,21411.4609375
2025-01-30,21519.810546875,21508.119140625,21623.44921875,21308.689453125,6679500000,21508.119140625
2025-01-31,21661.560546875,21478.05078125,21846.009765625,21425.7890625,7947370000,21478.05078125
2025-02-03,21084.640625,21297.580078125,21406.580078125,21004.349609375,8272460000,21297.580078125
2025-02-04,21319.580078125,21566.919921875,21582.400390625,21308.240234375,6477050000,21566.919921875
2025-02-05,21453.869140625,21658.16015625,21662.98046875,21408.640625,6712220000,21658.16015625
2025-02-06,21674.169921875,21774.0703125,21776.080078125,21618.25,6642100000,21774.0703125
2025-02-07,21776.279296875,21491.310546875,21869.3203125,21465.4609375,7748940000,21491.310546875
2025-02-10,21670.060546875,21756.73046875,21793.130859375,21645.169921875,9535440000,21756.73046875
2025-02-11,21629.109375,21693.51953125,21776.25,21625.509765625,9269380000,21693.51953125
2025-02-12,21475.41015625,21719.259765625,21745.66015625,21454.189453125,7946550000,21719.259765625
2025-02-13,21786.16015625,22030.7109375,22038.150390625,21758.0390625,8414510000,22030.7109375
2025-02-14,22038.609375,22114.689453125,22139.4296875,22010.349609375,7995720000,22114.689453125
2025-02-18,22176.009765625,22164.609375,22191.369140625,22029.580078125,8683170000,22164.609375
2025-02-19,22121.73046875,22175.599609375,22222.609375,22045.75,8171530000,22175.599609375
2025-02-20,22132.7109375,22068.060546875,22148.439453125,21878.75,7329270000,22068.060546875
2025-02-21,22110.5390625,21614.080078125,22115.2109375,21597.16015625,8461020000,21614.080078125
2025-02-24,21669.359375,21352.080078125,21727.580078125,21341.9609375,7414760000,21352.080078125
2025-02-25,21318.76953125,21087.25,21326.810546875,20930.580078125,7991440000,21087.25
2025-02-26,21170.509765625,21132.919921875,21350.51953125,21012.619140625,7034450000,21132.919921875
2025-02-27,21281.359375,20550.94921875,21323.91015625,20540.6796875,7700290000,20550.94921875
2025-02-28,20518.650390625,20884.41015625,20900.76953125,20407.44921875,8247520000,20884.41015625
2025-03-03,20989.580078125,20425.580078125,21073.80078125,20279.5,8170140000,20425.580078125
2025-03-04,20281.880859375,20352.529296875,20688.4609375,20034.6796875,8469180000,20352.529296875
2025-03-05,20363.220703125,20628.4609375,20688.720703125,20182.5703125,7048430000,20628.4609375
2025-03-06,20231.740234375,20052.630859375,20473.41015625,19968.560546875,7686200000,20052.630859375
2025-03-07,20015.619140625,20201.369140625,20253.220703125,19736.810546875,8135420000,20201.369140625
2025-03-10,19826.9609375,19430.94921875,19867.080078125,19243.310546875,8636040000,19430.94921875
2025-03-11,19405.51953125,19376.9609375,19659.4296875,19180.560546875,9177320000,19376.9609375
2025-03-12,19663.390625,19596.01953125,19756.08984375,19375.25,7746430000,19596.01953125
2025-03-13,19534.369140625,19225.48046875,19558.560546875,19152.5703125,7147050000,19225.48046875
2025-03-14,19458.890625,19704.640625,19729.2109375,19436.0390625,7093850000,19704.640625
2025-03-17,19670.689453125,19812.240234375,19943.810546875,19622.470703125,6306340000,19812.240234375
2025-03-18,19657.099609375,19483.359375,19676.05078125,19397.080078125,6450530000,19483.359375
2025-03-19,19576.3203125,19736.66015625,19921.619140625,19497.7890625,6302310000,19736.66015625
2025-03-20,19558.279296875,19677.609375,19888.849609375,19549.310546875,6098330000,19677.609375
2025-03-21,19466.439453125,19753.970703125,19767.98046875,19409.1796875,8837930000,19753.970703125
2025-03-24,20041.2109375,20180.44921875,20208.83984375,20024.970703125,6787790000,20180.44921875
2025-03-25,20196.5,20287.830078125,20292.189453125,20164.0703125,6475790000,20287.830078125
2025-03-26,20239.0390625,19916.990234375,20270.189453125,19848.490234375,9091510000,19916.990234375
2025-03-27,19814.609375,19798.619140625,20003.359375,19740.220703125,8002470000,19798.619140625
2025-03-28,19718.4609375,19281.400390625,19752.44921875,19241.5390625,7015410000,19281.400390625
2025-03-31,18998.5390625,19278.44921875,19316.060546875,18799.19921875,8122180000,19278.44921875
2025-04-01,19192.76953125,19436.419921875,19468.619140625,19095.169921875,7756540000,19436.419921875
2025-04-02,19182.390625,19581.779296875,19707.33984375,19157.19921875,9126630000,19581.779296875
2025-04-03,18774.150390625,18521.470703125,18902.0703125,18502.970703125,9461330000,18521.470703125
2025-04-04,18022.16015625,17397.69921875,18089.25,17387.830078125,11038180000,17397.69921875
2025-04-07,16771.76953125,17430.6796875,18191.5,16542.19921875,12483580000,17430.6796875
2025-04-08,18034.4609375,17090.400390625,18207.009765625,16850.1796875,10496650000,17090.400390625
2025-04-09,17116.529296875,19145.060546875,19234.01953125,17082.359375,13479740000,19145.060546875
2025-04-10,18626.109375,18343.5703125,18710.580078125,17794.5,11861670000,18343.5703125
2025-04-11,18309.2890625,18690.05078125,18728.94921875,18153.3203125,9444890000,18690.05078125
2025-04-14,19095.490234375,18796.01953125,19115.150390625,18614.759765625,9667260000,18796.01953125
2025-04-15,18831.98046875,18830.23046875,19004.169921875,18754.869140625,7483050000,18830.23046875
2025-04-16,18475.759765625,18257.640625,18597.3203125,17995.9609375,7909190000,18257.640625
2025-04-17,18369.900390625,18258.08984375,18401.05078125,18144.4609375,7046290000,18258.08984375
2025-04-21,18023.009765625,17808.30078125,18043.080078125,17592.919921875,6678730000,17808.30078125
2025-04-22,18033.900390625,18276.41015625,18396.390625,17993.240234375,6981900000,18276.41015625
2025-04-23,18870.630859375,18693.259765625,19043.009765625,18618.890625,8564870000,18693.259765625
2025-04-24,18756.529296875,19214.400390625,19224.80078125,18744.470703125,7607400000,19214.400390625
2025-04-25,19209.720703125,19432.560546875,19447.560546875,19133.23046875,7412930000,19432.560546875
2025-04-28,19432.720703125,19427.2890625,19519.330078125,19162.4609375,10313290000,19427.2890625
2025-04-29,19315.94921875,19544.94921875,19582.76953125,19304.830078125,13001930000,19544.94921875
2025-04-30,19168.08984375,19571.01953125,19612.759765625,19011.98046875,8595330000,19571.01953125
2025-05-01,19866.830078125,19786.7109375,20024.48046875,19763.140625,8409690000,19786.7109375
2025-05-02,19986.609375,20102.609375,20176.599609375,19936.669921875,8180190000,20102.609375
2025-05-05,19928.8203125,19967.939453125,20100.609375,19899.279296875,7075320000,19967.939453125
2025-05-06,19709.640625,19791.349609375,19927.23046875,19659.3203125,6958220000,19791.349609375
2025-05-07,19804.5,19867.970703125,19960.859375,19605.0703125,7977870000,19867.970703125
2025-05-08,20067.4296875,20063.560546875,20249.759765625,19907.669921875,8500390000,20063.560546875
2025-05-09,20170.369140625,20061.44921875,20203.580078125,19984.529296875,8835140000,20061.44921875
2025-05-12,20818.779296875,20868.150390625,20870.119140625,20613.26953125,10717670000,20868.150390625
2025-05-13,20906.919921875,21197.69921875,21259.390625,20891.1796875,9242230000,21197.69921875
2025-05-14,21254.470703125,21319.2109375,21336.48046875,21199.849609375,11744820000,21319.2109375
2025-05-15,21206.73046875,21335.8203125,21443.880859375,21168.169921875,10546350000,21335.8203125
2025-05-16,21375.630859375,21427.939453125,21428.7890625,21246.419921875,10509820000,21427.939453125
2025-05-19,21138.130859375,21447.05078125,21464.560546875,21138.130859375,13080030000,21447.05078125
2025-05-20,21347.630859375,21367.369140625,21399.990234375,21226.66015625,9047100000,21367.369140625
2025-05-21,21217.310546875,21080.359375,21482.98046875,21002.099609375,11112460000,21080.359375
2025-05-22,21097.4609375,21112.470703125,21263.1796875,21046.220703125,8289710000,21112.470703125
2025-05-23,20806.369140625,20915.66015625,21025.580078125,20777.970703125,8730370000,20915.66015625
2025-05-27,21201.44921875,21414.990234375,21429.3203125,21145.130859375,8927760000,21414.990234375
2025-05-28,21451.689453125,21318.169921875,21508.080078125,21296.509765625,8087530000,21318.169921875
2025-05-29,21611.5390625,21363.94921875,21611.5390625,21260.73046875,11016850000,21363.94921875
2025-05-30,21330.849609375,21340.990234375,21386.2890625,21032.560546875,9042260000,21340.990234375
2025-06-02,21270.5703125,21491.75,21500.359375,21199.369140625,7779940000,21491.75
2025-06-03,21529.98046875,21662.580078125,21715.9609375,21474.509765625,7990230000,21662.580078125
2025-06-04,21689.01953125,21721.919921875,21761.369140625,21607.330078125,7695660000,21721.919921875
2025-06-05,21782.33984375,21547.4296875,21891.890625,21472.76953125,8782360000,21547.4296875
2025-06-06,21777.5,21761.7890625,21836.5703125,21696.689453125,7291590000,21761.7890625
2025-06-09,21779.1796875,21797.869140625,21855.150390625,21729.30078125,9538700000,21797.869140625
2025-06-10,21819.7890625,21941.919921875,21961.419921875,21727.33984375,11221560000,21941.919921875
2025-06-11,21994.16015625,21860.80078125,22041.830078125,21775.26953125,10214190000,21860.80078125
2025-06-12,21826.7890625,21913.3203125,21952.0,21807.0,16308730000,21913.3203125
2025-06-13,21675.939453125,21631.0390625,21838.470703125,21591.109375,9001850000,21631.0390625
2025-06-16,21783.080078125,21937.5703125,21979.76953125,21783.080078125,9619130000,21937.5703125
2025-06-17,21858.890625,21719.080078125,21896.419921875,21680.1796875,8519930000,21719.080078125
2025-06-18,21745.5,21719.689453125,21863.0,21660.51953125,7818790000,21719.689453125
2025-06-20,21834.490234375,21626.390625,21902.990234375,21552.810546875,9969140000,21626.390625
2025-06-23,21632.779296875,21856.330078125,21871.869140625,21532.3203125,9088000000,21856.330078125
2025-06-24,22053.330078125,22190.51953125,22220.640625,22045.630859375,8330090000,22190.51953125
2025-06-25,22279.689453125,22237.740234375,22329.23046875,22175.080078125,8256120000,22237.740234375
2025-06-26,22328.240234375,22447.2890625,22466.990234375,22255.26953125,8383380000,22447.2890625
2025-06-27,22484.869140625,22534.19921875,22603.220703125,22382.7890625,10951070000,22534.19921875
2025-06-30,22632.919921875,22679.009765625,22721.5,22565.109375,8220420000,22679.009765625
2025-07-01,22594.48046875,22478.130859375,22631.259765625,22388.08984375,8631710000,22478.130859375
2025-07-02,22451.810546875,22641.890625,22644.720703125,22448.0703125,8378750000,22641.890625
2025-07-03,22751.640625,22866.970703125,22896.009765625,22736.080078125,6177910000,22866.970703125
2025-07-07,22754.380859375,22685.5703125,22776.2109375,22587.470703125,8345710000,22685.5703125
2025-07-08,22735.259765625,22702.25,22761.80078125,22652.439453125,8437480000,22702.25
2025-07-09,22800.359375,22864.91015625,22915.330078125,22733.650390625,9978310000,22864.91015625
2025-07-10,22890.4296875,22829.259765625,22907.0390625,22716.41015625,9781380000,22829.259765625
2025-07-11,22757.990234375,22780.599609375,22837.380859375,22692.80078125,8135800000,22780.599609375
2025-07-14,22780.189453125,22855.630859375,22886.939453125,22675.279296875,8010060000,22855.630859375
2025-07-15,23036.859375,22884.58984375,23051.869140625,22876.470703125,8399060000,22884.58984375
2025-07-16,22895.30078125,22907.970703125,22928.55078125,22669.369140625,9056640000,22907.970703125
2025-07-17,22931.01953125,23081.05078125,23104.720703125,22905.509765625,9994550000,23081.05078125
2025-07-18,23135.08984375,23065.470703125,23153.2109375,23018.359375,9354580000,23065.470703125
2025-07-21,23124.970703125,23180.060546875,23264.44921875,23122.9296875,12046970000,23180.060546875
2025-07-22,23182.01953125,23063.580078125,23186.359375,22953.849609375,10583710000,23063.580078125
2025-07-23,23100.25,23162.41015625,23168.490234375,23000.4609375,10972770000,23162.41015625
2025-07-24,23228.7890625,23219.869140625,23268.490234375,23150.26953125,12741070000,23219.869140625
2025-07-25,23204.66015625,23272.25,23326.30078125,23193.990234375,11028310000,23272.25
2025-07-28,23343.130859375,23356.26953125,23386.759765625,23299.810546875,10612580000,23356.26953125
2025-07-29,23477.83984375,23308.30078125,23510.919921875,23283.400390625,10040610000,23308.30078125
2025-07-30,23337.330078125,23345.41015625,23447.150390625,23226.919921875,9311770000,23345.41015625
2025-07-31,23589.369140625,23218.119140625,23589.369140625,23176.119140625,9917220000,23218.119140625
2025-08-01,22941.060546875,22763.310546875,22972.470703125,22673.880859375,9667420000,22763.310546875
2025-08-04,22986.76953125,23188.609375,23191.0390625,22973.599609375,7355970000,23188.609375
2025-08-05,23235.310546875,23018.560546875,23286.05078125,23008.140625,7982940000,23018.560546875
2025-08-06,23070.94921875,23315.0390625,23330.490234375,23042.26953125,8580020000,23315.0390625
2025-08-07,23483.419921875,23389.529296875,23560.73046875,23225.720703125,8979190000,23389.529296875
2025-08-08,23458.130859375,23611.26953125,23619.240234375,23437.609375,8669200000,23611.26953125
2025-08-11,23629.01953125,23526.630859375,23698.0,23484.25,9099730000,23526.630859375
2025-08-12,23651.609375,23839.19921875,23849.5,23524.279296875,8382820000,23839.19921875
2025-08-13,23935.060546875,23849.0390625,23969.279296875,23789.119140625,8763080000,23849.0390625
2025-08-14,23775.009765625,23832.439453125,23908.259765625,23748.98046875,9110860000,23832.439453125
2025-08-15,23809.0,23712.0703125,23813.990234375,23651.2109375,8158830000,23712.0703125
2025-08-18,23692.130859375,23713.759765625,23733.5,23637.41015625,8260970000,23713.759765625
2025-08-19,23689.01953125,23384.76953125,23695.640625,23346.33984375,8461660000,23384.76953125
2025-08-20,23343.41015625,23249.5703125,23343.41015625,22959.69921875,7810310000,23249.5703125
2025-08-21,23182.759765625,23142.580078125,23264.26953125,23046.390625,6530580000,23142.580078125
2025-08-22,23184.990234375,23498.119140625,23575.359375,23140.0390625,9401300000,23498.119140625
2025-08-25,23454.279296875,23425.609375,23546.44921875,23382.189453125,8443200000,23425.609375
2025-08-26,23420.849609375,23525.2890625,23532.509765625,23369.0390625,9087930000,23525.2890625
2025-08-27,23499.669921875,23565.849609375,23591.05078125,23434.310546875,8040510000,23565.849609375
2025-08-28,23601.349609375,23703.44921875,23741.23046875,23514.69921875,7807080000,23703.44921875
2025-08-29,23607.5390625,23415.419921875,23607.5390625,23353.9609375,7715430000,23415.419921875
2025-09-02,23020.470703125,23231.109375,23242.279296875,22977.880859375,8183410000,23231.109375
2025-09-03,23388.279296875,23414.83984375,23478.009765625,23279.119140625,7488290000,23414.83984375
2025-09-04,23442.189453125,23633.009765625,23639.0390625,23371.330078125,7282150000,23633.009765625
2025-09-05,23841.98046875,23652.439453125,23860.25,23475.330078125,8413730000,23652.439453125
2025-09-08,23759.619140625,23762.30078125,23851.810546875,23725.0390625,8435850000,23762.30078125
2025-09-09,23824.330078125,23839.80078125,23852.419921875,23698.0,7877410000,23839.80078125
2025-09-10,23931.3203125,23849.26953125,23958.5390625,23760.099609375,9090550000,23849.26953125
2025-09-11,23956.5703125,23992.560546875,24016.529296875,23883.009765625,10025020000,23992.560546875
2025-09-12,24030.76953125,24092.189453125,24137.060546875,23983.630859375,9023140000,24092.189453125
2025-09-15,24178.599609375,24293.779296875,24297.33984375,24173.140625,8904030000,24293.779296875
2025-09-16,24342.75,24274.25,24343.349609375,24244.2109375,8592240000,24274.25
2025-09-17,24286.4296875,24223.689453125,24292.060546875,23999.75,9325980000,24223.689453125
2025-09-18,24421.2109375,24454.890625,24554.51953125,24347.5390625,10478450000,24454.890625
2025-09-19,24528.439453125,24626.25,24641.9296875,24469.279296875,14632360000,24626.25
2025-09-22,24588.1796875,24761.0703125,24781.73046875,24578.08984375,9736270000,24761.0703125
2025-09-23,24752.740234375,24580.169921875,24764.30078125,24536.5,9822620000,24580.169921875
2025-09-24,24648.970703125,24503.5703125,24650.419921875,24388.58984375,9184030000,24503.5703125
2025-09-25,24321.73046875,24397.310546875,24460.66015625,24186.369140625,9960330000,24397.310546875
2025-09-26,24410.94921875,24503.849609375,24510.369140625,24297.69921875,8488400000,24503.849609375
2025-09-29,24629.01953125,24611.349609375,24741.76953125,24560.220703125,9046720000,24611.349609375
2025-09-30,24597.400390625,24679.990234375,24691.23046875,24505.140625,8928070000,24679.990234375
2025-10-01,24539.25,24800.859375,24816.669921875,24517.759765625,10043980000,24800.859375
2025-10-02,24933.490234375,24892.759765625,24944.75,24780.109375,9633200000,24892.759765625
2025-10-03,24931.419921875,24785.51953125,24958.259765625,24713.580078125,10515730000,24785.51953125
2025-10-06,24986.259765625,24978.560546875,25044.259765625,24907.599609375,10468830000,24978.560546875
2025-10-07,25031.779296875,24840.23046875,25062.9609375,24783.94921875,10375920000,24840.23046875
2025-10-08,24887.3203125,25136.619140625,25142.189453125,24882.349609375,10925520000,25136.619140625
2025-10-09,25124.7890625,25098.1796875,25139.349609375,24966.810546875,10713200000,25098.1796875
2025-10-10,25116.830078125,24221.740234375,25195.279296875,24207.150390625,10713200000,24221.740234375
2025-10-13,24625.740234375,24750.25,24779.650390625,24540.419921875,9018770000,24750.25
2025-10-14,24442.9296875,24579.3203125,24766.369140625,24256.279296875,9776720000,24579.3203125
2025-10-15,24807.33984375,24745.359375,24933.23046875,24496.0703125,11374850000,24745.359375
2025-10-16,24882.220703125,24657.240234375,24998.30078125,24481.169921875,11343620000,24657.240234375
2025-10-17,24600.55078125,24817.94921875,24881.470703125,24511.58984375,9552150000,24817.94921875
2025-10-20,24991.099609375,25141.01953125,25183.810546875,24988.669921875,9440620000,25141.01953125
2025-10-21,25139.80078125,25127.130859375,25178.23046875,25043.060546875,10845130000,25127.130859375
2025-10-22,25093.640625,24879.009765625,25127.060546875,24652.109375,14361150000,24879.009765625
2025-10-23,24869.599609375,25097.41015625,25126.779296875,24856.33984375,10363600000,25097.41015625
2025-10-24,25307.75,25358.16015625,25418.640625,25288.7109375,10308620000,25358.16015625
2025-10-27,25701.94921875,25821.55078125,25839.029296875,25656.380859375,10757830000,25821.55078125
2025-10-28,25932.640625,26012.150390625,26087.48046875,25864.490234375,10640830000,26012.150390625
2025-10-29,26147.720703125,26119.849609375,26182.099609375,25907.44921875,10089540000,26119.849609375
2025-10-30,25953.779296875,25734.810546875,26031.6796875,25732.390625,10564160000,25734.810546875
2025-10-31,26055.970703125,25858.130859375,26063.490234375,25761.279296875,10909250000,25858.130859375
2025-11-03,26114.109375,25972.939453125,26132.869140625,25887.880859375,10360170000,25972.939453125
2025-11-04,25580.33984375,25435.69921875,25762.23046875,25415.619140625,10227700000,25435.69921875
2025-11-05,25433.220703125,25620.029296875,25750.880859375,25364.900390625,10026890000,25620.029296875
2025-11-06,25568.240234375,25130.0390625,25568.240234375,25083.240234375,11085130000,25130.0390625
2025-11-07,24977.73046875,25059.810546875,25065.140625,24603.779296875,10141910000,25059.810546875
2025-11-10,25418.169921875,25611.740234375,25655.509765625,25354.439453125,9297320000,25611.740234375
2025-11-11,25500.9296875,25533.490234375,25588.259765625,25380.859375,7756810000,25533.490234375
2025-11-12,25662.189453125,25517.330078125,25663.169921875,25389.73046875,8449920000,25517.330078125
2025-11-13,25386.94921875,24993.4609375,25396.009765625,24908.599609375,11351410000,24993.4609375
2025-11-14,24658.55078125,25008.240234375,25198.9296875,24534.900390625,10841540000,25008.240234375
2025-11-17,24890.099609375,24799.919921875,25166.150390625,24649.359375,9744800000,24799.919921875
2025-11-18,24651.779296875,24503.099609375,24735.119140625,24299.2890625,8606260000,24503.099609375
2025-11-19,24517.26953125,24640.51953125,24904.66015625,24432.189453125,8434200000,24640.51953125
2025-11-20,25131.490234375,24054.380859375,25222.94921875,24021.439453125,10548620000,24054.380859375
2025-11-21,24137.66015625,24239.5703125,24521.83984375,23854.029296875,9931240000,24239.5703125
2025-11-24,24462.869140625,24873.849609375,24923.58984375,24455.650390625,9232160000,24873.849609375
2025-11-25,24790.0703125,25018.359375,25069.5390625,24542.7109375,8498500000,25018.359375
2025-11-26,25168.310546875,25236.939453125,25309.150390625,25077.859375,7291400000,25236.939453125
2025-11-28,25310.279296875,25434.890625,25435.76953125,25280.9609375,4541070000,25434.890625
2025-12-01,25232.75,25342.849609375,25443.2109375,25158.630859375,7859560000,25342.849609375
2025-12-02,25449.869140625,25555.859375,25622.580078125,25369.359375,7588580000,25555.859375
2025-12-03,25443.7109375,25606.5390625,25639.990234375,25388.439453125,7962730000,25606.5390625
2025-12-04,25658.140625,25581.69921875,25658.26953125,25450.380859375,7456860000,25581.69921875
2025-12-05,25657.779296875,25692.05078125,25827.080078125,25617.349609375,8248280000,25692.05078125
2025-12-08,25758.8203125,25627.94921875,25828.16015625,25531.75,8533670000,25627.94921875
2025-12-09,25593.669921875,25668.689453125,25698.259765625,25532.33984375,7192600000,25668.689453125
2025-12-10,25631.58984375,25776.439453125,25835.029296875,25504.30078125,7987900000,25776.439453125
2025-12-11,25598.390625,25686.689453125,25696.2890625,25372.1796875,8337770000,25686.689453125
2025-12-12,25531.55078125,25196.73046875,25605.880859375,25104.6796875,8724070000,25196.73046875
2025-12-15,25352.869140625,25067.26953125,25377.619140625,25022.810546875,8649240000,25067.26953125
2025-12-16,24991.490234375,25132.939453125,25188.759765625,24922.939453125,7759960000,25132.939453125
2025-12-17,25167.859375,24647.609375,25193.41015625,24647.609375,8616140000,24647.609375
2025-12-18,25031.490234375,25019.369140625,25164.1796875,24921.44921875,7977920000,25019.369140625
2025-12-19,25147.30078125,25346.1796875,25354.8203125,25134.259765625,12874560000,25346.1796875
2025-12-22,25527.6796875,25461.69921875,25554.029296875,25401.58984375,7244910000,25461.69921875
2025-12-23,25441.419921875,25587.830078125,25590.029296875,25403.259765625,7518190000,25587.830078125
2025-12-24,25582.33984375,25656.150390625,25665.279296875,25556.849609375,3885190000,25656.150390625
2025-12-26,25692.6796875,25644.390625,25716.7109375,25620.3203125,5170300000,25644.390625
2025-12-29,25462.25,25525.560546875,25598.140625,25440.970703125,6527530000,25525.560546875
2025-12-30,25509.880859375,25462.560546875,25577.580078125,25456.9296875,6769300000,25462.560546875
2025-12-31,25464.7109375,25249.849609375,25483.76953125,25244.859375,5895130000,25249.849609375
2026-01-02,25524.26953125,25206.169921875,25597.650390625,25086.359375,7331460000,25206.169921875
2026-01-05,25471.7890625,25401.3203125,25520.51953125,25354.66015625,8737320000,25401.3203125
2026-01-06,25462.060546875,25639.7109375,25655.119140625,25428.080078125,9012640000,25639.7109375
2026-01-07,25617.80078125,25653.900390625,25813.169921875,25592.400390625,8396920000,25653.900390625
2026-01-08,25615.349609375,25507.099609375,25622.310546875,25400.16015625,7723140000,25507.099609375
2026-01-09,25518.8203125,25766.259765625,25811.44921875,25455.970703125,8124420000,25766.259765625
2026-01-12,25616.810546875,25787.66015625,25850.859375,25602.560546875,8707170000,25787.66015625
2026-01-13,25779.279296875,25741.94921875,25873.1796875,25642.109375,9416400000,25741.94921875
2026-01-14,25575.5703125,25465.939453125,25624.189453125,25266.19921875,12165220000,25465.939453125
2026-01-15,25767.30078125,25547.0703125,25781.029296875,25520.19921875,9740630000,25547.0703125
2026-01-16,25710.599609375,25529.259765625,25735.48046875,25444.279296875,9514500000,25529.259765625
2026-01-20,25155.029296875,24987.5703125,25279.779296875,24954.1796875,9469480000,24987.5703125
2026-01-21,25048.55078125,25326.580078125,25498.810546875,24993.98046875,9162740000,25326.580078125
2026-01-22,25548.380859375,25518.349609375,25576.51953125,25399.490234375,9034850000,25518.349609375
2026-01-23,25501.91015625,25605.470703125,25709.740234375,25435.01953125,8228760000,25605.470703125
2026-01-26,25631.009765625,25713.2109375,25797.099609375,25578.76953125,7505250000,25713.2109375
2026-01-27,25852.0390625,25939.740234375,25982.58984375,25791.75,8026050000,25939.740234375
2026-01-28,26121.740234375,26022.7890625,26165.080078125,25974.66015625,8151580000,26022.7890625
2026-01-29,26030.080078125,25884.30078125,26046.33984375,25418.5390625,8782210000,25884.30078125
2026-01-30,25740.189453125,25552.390625,25823.2890625,25456.1796875,9255930000,25552.390625
2026-02-02,25491.640625,25738.609375,25833.119140625,25478.5,8882530000,25738.609375
2026-02-03,25811.05078125,25338.619140625,25840.0390625,25112.4609375,10306320000,25338.619140625
2026-02-04,25240.380859375,24891.240234375,25275.259765625,24681.26953125,10862000000,24891.240234375
2026-02-05,24614.859375,24548.689453125,24854.560546875,24455.400390625,10109230000,24548.689453125
2026-02-06,24655.25,25075.76953125,25131.33984375,24622.330078125,9054400000,25075.76953125
2026-02-09,24953.6796875,25268.140625,25337.5390625,24876.279296875,8174050000,25268.140625
2026-02-10,25314.23046875,25127.640625,25363.119140625,25113.4296875,8513440000,25127.640625
2026-02-11,25335.91015625,25201.259765625,25382.83984375,24980.2890625,9927010000,25201.259765625
2026-02-12,25261.330078125,24687.609375,25310.560546875,24643.73046875,8855290000,24687.609375
2026-02-13,24662.94921875,24732.73046875,24921.470703125,24514.9609375,7964830000,24732.73046875
2026-02-17,24567.5390625,24701.599609375,24818.30078125,24387.470703125,7654300000,24701.599609375
2026-02-18,24744.880859375,24898.869140625,25057.2109375,24696.830078125,7705590000,24898.869140625
2026-02-19,24771.650390625,24797.33984375,24890.119140625,24690.869140625,6984780000,24797.33984375
2026-02-20,24637.3203125,25012.619140625,25077.560546875,24633.599609375,8063070000,25012.619140625
2026-02-23,24935.51953125,24708.939453125,24984.8203125,24618.23046875,8263920000,24708.939453125
2026-02-24,24763.83984375,24977.0390625,25022.919921875,24643.689453125,7932270000,24977.0390625
2026-02-25,25137.720703125,25329.0390625,25343.970703125,25137.619140625,8427450000,25329.0390625
2026-02-26,25278.25,25034.369140625,25288.23046875,24820.55078125,9033470000,25034.369140625
2026-02-27,24808.0,24960.0390625,24987.9609375,24747.25,9552610000,24960.0390625
2026-03-02,24599.41015625,24992.599609375,25059.169921875,24575.5390625,8303030000,24992.599609375
2026-03-03,24497.380859375,24720.080078125,24810.25,24315.83984375,9705500000,24720.080078125
2026-03-04,24850.939453125,25093.6796875,25179.359375,24795.529296875,10918410000,25093.6796875
2026-03-05,24992.73046875,25020.41015625,25174.310546875,24744.560546875,10994660000,25020.41015625
2026-03-06,24663.740234375,24643.01953125,24886.69921875,24579.859375,9300220000,24643.01953125
2026-03-09,24429.669921875,24967.25,25019.16015625,24289.220703125,9797740000,24967.25
2026-03-10,25002.609375,24956.470703125,25189.169921875,24871.439453125,8800580000,24956.470703125
2026-03-11,25053.240234375,24965.009765625,25152.119140625,24856.599609375,8348570000,24965.009765625
2026-03-12,24771.3203125,24533.580078125,24809.26953125,24522.240234375,8490850000,24533.580078125
2026-03-13,24660.189453125,24380.73046875,24786.650390625,24336.529296875,8278740000,24380.73046875
2026-03-16,24646.1796875,24655.33984375,24794.2890625,24606.4609375,8208800000,24655.33984375
2026-03-17,24760.26953125,24780.419921875,24884.6796875,24721.560546875,8505210000,24780.419921875
2026-03-18,24727.0703125,24425.08984375,24763.580078125,24417.380859375,9325170000,24425.08984375
2026-03-19,24119.369140625,24355.279296875,24462.150390625,24100.880859375,8547870000,24355.279296875
2026-03-20,24257.560546875,23898.150390625,24267.33984375,23759.970703125,11743490000,23898.150390625
2026-03-23,24270.76953125,24188.58984375,24465.16015625,24097.6796875,8895880000,24188.58984375
2026-03-24,24042.23046875,24002.44921875,24170.830078125,23927.689453125,8488380000,24002.44921875
2026-03-25,24236.400390625,24162.98046875,24314.25,24081.380859375,8056920000,24162.98046875
2026-03-26,23913.189453125,23586.990234375,24029.509765625,23574.720703125,7726590000,23586.990234375
2026-03-27,23463.740234375,23132.76953125,23472.890625,23088.990234375,8713310000,23132.76953125
2026-03-30,23307.75,22953.380859375,23356.75,22841.419921875,9234380000,22953.380859375
2026-03-31,23208.0,23740.189453125,23789.599609375,23198.640625,10645070000,23740.189453125
2026-04-01,23883.2890625,24019.990234375,24162.6796875,23871.609375,8801740000,24019.990234375
2026-04-02,23621.73046875,24045.529296875,24076.349609375,23512.599609375,8134780000,24045.529296875
2026-04-06,24143.01953125,24192.169921875,24265.140625,24039.029296875,7907270000,24192.169921875
2026-04-07,24109.5703125,24202.369140625,24209.279296875,23779.849609375,10796020000,24202.369140625
2026-04-08,25045.359375,24903.169921875,25045.359375,24756.9296875,10411670000,24903.169921875
2026-04-09,24918.279296875,25082.08984375,25097.44921875,24788.919921875,8662470000,25082.08984375
2026-04-10,25165.060546875,25116.33984375,25226.060546875,25057.650390625,8700640000,25116.33984375
2026-04-13,25069.0703125,25383.720703125,25387.689453125,24999.19921875,7925320000,25383.720703125
2026-04-14,25514.55078125,25842.0,25842.0,25514.55078125,9105660000,25842.0
2026-04-15,25859.189453125,26204.580078125,26214.5703125,25828.759765625,10206480000,26204.580078125
2026-04-16,26256.880859375,26333.0,26400.51953125,26113.650390625,9963610000,26333.0
2026-04-17,26551.16015625,26672.4296875,26719.560546875,26481.240234375,10159120000,26672.4296875
2026-04-20,26662.3203125,26590.33984375,26670.119140625,26412.51953125,8379940000,26590.33984375
2026-04-21,26658.849609375,26479.470703125,26730.640625,26405.30078125,9309940000,26479.470703125
2026-04-22,26715.919921875,26937.279296875,26942.130859375,26662.880859375,8080930000,26937.279296875
2026-04-23,26844.609375,26782.630859375,27007.869140625,26540.3203125,7956600000,26782.630859375
2026-04-24,27082.419921875,27303.669921875,27314.2109375,26986.390625,10203070000,27303.669921875
2026-04-27,27278.279296875,27305.6796875,27315.23046875,27158.880859375,8126500000,27305.6796875
2026-04-28,26988.76953125,27029.009765625,27115.76953125,26877.58984375,7441950000,27029.009765625
2026-04-29,27069.359375,27186.98046875,27199.720703125,26995.380859375,8147470000,27186.98046875
2026-04-30,27328.98046875,27452.119140625,27488.029296875,27029.41015625,8139190000,27452.119140625
2026-05-01,27508.5703125,27710.359375,27787.119140625,27501.4296875,7534290000,27710.359375
2026-05-04,27731.33984375,27651.8203125,27822.369140625,27504.08984375,7849180000,27651.8203125
2026-05-05,27895.05078125,28015.060546875,28065.630859375,27844.23046875,8090030000,28015.060546875
2026-05-06,28234.01953125,28599.169921875,28608.6796875,28208.23046875,8864150000,28599.169921875
2026-05-07,28612.5390625,28563.94921875,28825.51953125,28440.05078125,9118880000,28563.94921875
2026-05-08,28768.119140625,29234.990234375,29234.990234375,28751.2109375,9577150000,29234.990234375
2026-05-11,29185.830078125,29320.66015625,29372.4296875,29143.19921875,11989910000,29320.66015625
2026-05-12,29067.359375,29064.80078125,29188.0703125,28628.640625,9631840000,29064.80078125
2026-05-13,29159.94921875,29366.939453125,29452.259765625,28968.55078125,9734720000,29366.939453125
2026-05-14,29372.650390625,29580.30078125,29678.890625,29350.099609375,9860060000,29580.30078125
2026-05-15,29191.359375,29125.19921875,29387.439453125,28991.419921875,9584430000,29125.19921875
2026-05-18,29246.19921875,28994.369140625,29250.150390625,28717.5703125,10327940000,28994.369140625
2026-05-19,28795.01953125,28818.83984375,29031.919921875,28567.16015625,9895620000,28818.83984375
2026-05-20,29006.5703125,29297.69921875,29301.279296875,28919.439453125,9268370000,29297.69921875
2026-05-21,29150.130859375,29357.26953125,29463.490234375,29040.0390625,8627780000,29357.26953125
2026-05-22,29476.2890625,29481.640625,29663.890625,29423.630859375,9265090000,29481.640625
2026-05-26,29854.580078125,30001.3203125,30044.490234375,29753.08984375,9718120000,30001.3203125
2026-05-27,30081.279296875,29973.5703125,30099.7890625,29808.890625,9240640000,29973.5703125
2026-05-28,30030.630859375,30223.890625,30263.189453125,29848.759765625,9224620000,30223.890625
2026-05-29,30333.859375,30333.1796875,30470.029296875,30210.009765625,11906000000,30333.1796875
2026-06-01,30295.25,30513.859375,30633.55078125,30241.19921875,10199240000,30513.859375
2026-06-02,30471.609375,30660.599609375,30670.109375,30372.9609375,9675650000,30660.599609375
2026-06-03,30730.109375,30571.240234375,30762.19921875,30441.80078125,9267670000,30571.240234375
2026-06-04,30174.58984375,30407.810546875,30541.4296875,30092.23046875,8999970000,30407.810546875
2026-06-05,29992.369140625,28957.599609375,30051.080078125,28929.880859375,11550140000,28957.599609375
2026-06-08,29482.189453125,29414.259765625,29697.900390625,29294.01953125,10077650000,29414.259765625
2026-06-09,29647.349609375,29084.5,29805.30078125,28196.900390625,12106940000,29084.5
2026-06-10,28893.8203125,28508.029296875,29212.380859375,28462.919921875,9519620000,28508.029296875
2026-06-11,28731.16015625,29446.1796875,29506.669921875,28548.5,10101910000,29446.1796875
2026-06-12,29380.6796875,29635.94921875,29733.890625,29220.830078125,10337400000,29635.94921875
2026-06-15,30289.970703125,30543.919921875,30587.16015625,30285.630859375,10590270000,30543.919921875
2026-06-16,30455.490234375,29968.130859375,30560.080078125,29962.869140625,11132830000,29968.130859375
2026-06-17,30160.740234375,29670.94921875,30208.939453125,29604.9296875,11443600000,29670.94921875
2026-06-18,30261.599609375,30406.189453125,30463.76953125,30089.349609375,18286150000,30406.189453125
2026-06-22,30529.990234375,30347.080078125,30642.5703125,30194.25,12844290000,30347.080078125
2026-06-23,29369.25,29347.26953125,29748.720703125,29276.98046875,14631520000,29347.26953125
2026-06-24,29328.400390625,29220.060546875,29592.900390625,28963.099609375,14936190000,29220.060546875
2026-06-25,29843.890625,29440.3203125,29843.890625,29000.55078125,9870860000,29440.3203125
2026-06-26,29040.119140625,29118.240234375,29413.80078125,28890.740234375,16594580000,29118.240234375
2026-06-29,29310.259765625,29774.75,29792.630859375,28991.51953125,9776230000,29774.75
2026-06-30,29792.9296875,30276.349609375,30328.7890625,29767.759765625,9809990000,30276.349609375
2026-07-01,29914.279296875,29809.130859375,30084.779296875,29787.41015625,9094410000,29809.130859375
2026-07-02,29778.69921875,29329.2109375,30044.5,29087.330078125,9529580000,29329.2109375
2026-07-06,29575.5703125,29697.869140625,29847.740234375,29553.619140625,7827050000,29697.869140625
2026-07-07,29362.19921875,29173.01953125,29426.44921875,28974.470703125,8244680000,29173.01953125
2026-07-08,29030.330078125,29252.560546875,29280.580078125,28814.5703125,7935740000,29252.560546875
2026-07-09,29486.609375,29727.099609375,29773.740234375,29398.470703125,7312220000,29727.099609375
2026-07-10,29618.33984375,29825.109375,29856.939453125,29484.490234375,7094480000,29825.109375
2026-07-13,29471.01953125,29264.099609375,29541.0,29189.2109375,7231310000,29264.099609375
2026-07-14,29561.349609375,29586.2890625,29693.76953125,29368.869140625,7397960000,29586.2890625
2026-07-15,29759.80078125,29502.599609375,29771.890625,29192.890625,7379560000,29502.599609375
2026-07-16,29318.30078125,29025.76953125,29333.060546875,28881.23046875,8294880000,29025.76953125
2026-07-17,28457.330078125,28592.66015625,28867.400390625,28231.3203125,7820470000,28592.66015625
2026-07-20,28871.16015625,28604.23046875,29017.23046875,28590.400390625,7184070000,28604.23046875
2026-07-21,29059.439453125,29155.1796875,29192.2890625,28891.0703125,8001540000,29155.1796875
2026-07-22,28949.810546875,28998.099609375,29176.91015625,28934.51953125,7473050000,28998.099609375
2026-07-23,28545.98046875,28454.810546875,28726.619140625,28274.51953125,7655810000,28454.810546875
2026-07-24,28362.150390625,28128.33984375,28471.48046875,28053.080078125,7266300000,28128.33984375
2026-07-27,28412.310546875,28039.2109375,28460.19921875,27786.5390625,7797890000,28039.2109375
2026-07-28,27810.390625,27763.130859375,27926.529296875,27452.94921875,8584960000,27763.130859375
2026-07-29,27780.4609375,27192.310546875,27954.91015625,27176.029296875,8276280000,27192.310546875
2026-07-30,27755.4609375,28106.349609375,28168.419921875,27686.369140625,9048570000,28106.349609375
2026-07-31,28446.990234375,28274.19921875,28606.779296875,27954.240234375,11942500000,28274.19921875
2026-08-03,28278.58984375,28776.80078125,28842.359375,28196.880859375,11118460000,28776.80078125
2026-08-04,29109.259765625,29733.16015625,29831.400390625,29109.259765625,9717920000,29733.16015625
2026-08-05,29863.26953125,29487.7890625,29946.939453125,29468.330078125,9116070000,29487.7890625
